customer_id,customer_name,email,country,signup_date,customer_segment,lifetime_value
1,Donald Walker,rhodespatricia@example.org,Nauru,2024-04-03,Basic,1284.77
2,Daniel Wagner,hoffmanjennifer@example.net,Mayotte,2022-10-22,Standard,2607.91
3,Donald Booth,helenpeterson@example.org,Cuba,2022-10-16,Basic,1308.87
4,Brandon Davis,cassandra07@example.net,British Virgin Islands,2026-05-15,Premium,24260.43
5,Juan Calderon,barbara10@example.net,Denmark,2026-06-23,Basic,993.92
6,Dr. Sharon James,xreid@example.org,Heard Island and McDonald Islands,2025-02-22,Premium,14493.81
7,Mia Sutton,lynchgeorge@example.net,Ecuador,2022-05-13,Standard,2690.28
8,William Bowman,gabriellecameron@example.org,Denmark,2021-02-01,Premium,20662.24
9,Jennifer Jones,jason76@example.net,Kuwait,2025-06-20,Standard,1762.97
10,Patrick Ryan,zhurst@example.com,Cyprus,2020-12-13,Standard,4725.05
11,Johnny Campos,hernandezernest@example.net,Jamaica,2026-08-21,Basic,1054.78
12,Kyle Mcdonald,tasha01@example.net,Turks and Caicos Islands,2023-12-20,Standard,2316.66
13,Martin Rodriguez,amoore@example.net,Turkey,2023-07-29,Basic,217.69
14,Pamela Romero,harrellkenneth@example.net,Madagascar,2024-10-15,Standard,1780.58
15,Phillip Ryan,georgetracy@example.org,Vanuatu,2024-01-20,Premium,14604.26
16,Dr. Cynthia Allen,millertodd@example.org,Senegal,2022-06-01,Standard,1305.12
17,Matthew Arroyo,josephbrennan@example.com,Croatia,2023-07-19,Basic,571.03
18,Melissa Marquez,pcarney@example.com,Kazakhstan,2026-03-08,Standard,2908.64
19,David Brown,chapmanjerry@example.org,Albania,2025-12-26,Basic,216.66
20,Crystal Whitehead,chad34@example.net,Libyan Arab Jamahiriya,2020-06-21,Basic,229.60
21,Timothy Duncan,esanchez@example.com,Comoros,2021-06-04,Standard,1608.89
22,Heather Jenkins,nuneztracey@example.org,Bahamas,2020-08-17,Standard,1521.99
23,Scott Wright,amandataylor@example.org,Fiji,2022-09-05,Basic,1173.87
24,Angela Morton,williamsyvette@example.org,Bermuda,2023-01-29,Premium,6410.16
25,Carol Tucker,michellebarrera@example.org,Hong Kong,2026-03-01,Basic,789.79
26,Timothy Glover,rodney87@example.org,Comoros,2020-01-06,Basic,670.40
27,Lauren Daniels,brian97@example.net,Uruguay,2021-12-22,Premium,8130.59
28,Tyler Miller,caseyjones@example.org,Iraq,2025-09-03,Basic,717.47
29,Danielle Wheeler,barnesbrandy@example.net,Germany,2020-10-18,Premium,8010.99
30,Mike Allen,panderson@example.com,Kuwait,2026-03-22,Standard,3026.51
31,Angel Ellis,jonesjason@example.com,Bulgaria,2022-02-07,Basic,1052.43
32,Sherry Wood,samueldaniels@example.com,New Zealand,2026-03-18,Standard,706.44
33,Kendra Contreras,sarah12@example.com,Brazil,2026-07-19,Basic,96.05
34,Brittney Campbell,jenniferharris@example.net,Timor-Leste,2025-12-02,Premium,24473.63
35,Taylor Mathis Jr.,ccalderon@example.org,Grenada,2021-10-03,Standard,527.01
36,Deborah Figueroa,hhoffman@example.org,Western Sahara,2025-02-17,Standard,3600.20
37,Kimberly Davenport,russellwilliams@example.com,United Arab Emirates,2025-11-16,Standard,888.76
38,Amanda Howard,elizabethgomez@example.net,Turks and Caicos Islands,2026-03-18,Standard,2895.88
39,Nicole Frost,michellecherry@example.org,Turkmenistan,2025-10-27,Basic,836.33
40,Tim Patton,vpham@example.org,Ethiopia,2022-09-29,Premium,15002.82
41,Janet Williams,dwalker@example.com,Gambia,2021-01-22,Standard,2627.26
42,Courtney Keller,emurphy@example.com,Guernsey,2025-06-17,Basic,726.63
43,William Herrera,wilsontara@example.org,Mozambique,2024-04-08,Basic,1281.70
44,Brian Hamilton,samuel81@example.com,United Arab Emirates,2026-05-28,Basic,1445.98
45,Michael Smith,michaeljones@example.net,Uruguay,2023-11-02,Basic,1339.08
46,Ryan Cortez,william65@example.com,Qatar,2022-03-13,Basic,419.18
47,Jason Bentley,christinaturner@example.net,Syrian Arab Republic,2021-12-19,Basic,1013.01
48,Jeffrey Carpenter,steven73@example.net,Lebanon,2020-01-01,Standard,4472.46
49,Nancy Hopkins,zachary95@example.org,Svalbard & Jan Mayen Islands,2025-04-13,Standard,3018.26
50,Eric Drake,andrewsanchez@example.com,New Zealand,2026-05-03,Standard,4328.29
51,Jason Soto,jennifercruz@example.com,Ecuador,2025-08-27,Premium,22347.44
52,Stephanie Dalton,osbornejeffery@example.net,Maldives,2020-12-24,Premium,17135.02
53,Sylvia Martinez,lauriecontreras@example.net,Nepal,2023-02-03,Premium,7461.07
54,Jessica Briggs,jrivas@example.com,Ukraine,2022-02-10,Standard,4800.95
55,Joanna Walton,katie87@example.net,Dominican Republic,2021-01-21,Standard,784.19
56,Dustin Nelson,patricia12@example.org,Djibouti,2021-10-29,Basic,673.00
57,Daniel Perry,amy60@example.org,Syrian Arab Republic,2022-07-20,Basic,625.68
58,Lauren Dominguez,wwoods@example.com,Sao Tome and Principe,2022-10-18,Standard,2710.83
59,Sara Medina,tracynelson@example.com,Antarctica (the territory South of 60 deg S),2022-08-06,Basic,1341.20
60,Rebecca Ramsey,ncalhoun@example.net,Anguilla,2022-08-03,Standard,2632.26
61,Mary Miller,dtaylor@example.org,Australia,2026-01-13,Standard,1577.57
62,Jesse Rogers,aramirez@example.com,Syrian Arab Republic,2021-09-24,Standard,2043.77
63,Joshua Cooke,jeffrey10@example.org,Zambia,2020-07-18,Basic,768.70
64,Lisa Allen,kcaldwell@example.org,Lao People's Democratic Republic,2021-08-24,Basic,966.15
65,Carol Lawson,stricklandfrank@example.com,Botswana,2024-08-27,Basic,897.92
66,Laura Odonnell,tsanders@example.org,Belarus,2023-11-07,Standard,4529.48
67,Dana Terry,melissa91@example.net,Slovenia,2023-12-10,Basic,684.06
68,Mary Jones,alexander67@example.org,Jersey,2020-04-09,Basic,299.27
69,Sandra Zimmerman,hthompson@example.net,Faroe Islands,2026-05-24,Basic,1010.73
70,Patricia Marshall,marcus31@example.com,Turkmenistan,2024-02-06,Standard,1200.02
71,Laura Barnett,anthony52@example.com,Croatia,2022-12-31,Standard,1898.66
72,Douglas Carlson,angela83@example.org,Dominican Republic,2022-05-12,Basic,1096.12
73,Peter Vaughn DDS,bwest@example.org,French Polynesia,2024-10-16,Basic,350.28
74,Elizabeth Perkins,wtran@example.com,Samoa,2021-06-22,Basic,1432.96
75,Jesse Parker,davidlee@example.org,Samoa,2023-08-30,Basic,1059.47
76,Cathy Robinson,lhill@example.net,Nepal,2023-07-26,Basic,1287.59
77,Cory Perez,kevinerickson@example.org,Falkland Islands (Malvinas),2021-11-18,Standard,1487.96
78,Edgar Raymond,agarcia@example.net,Finland,2020-04-20,Basic,250.79
79,Cody Williams,ewilson@example.com,Liechtenstein,2023-02-15,Premium,2674.43
80,Amy Hernandez,christopher31@example.net,Serbia,2020-06-29,Basic,753.39
81,Lisa Rowe,chayes@example.com,Tokelau,2022-10-08,Basic,848.94
82,Keith Brown,mezajared@example.org,Estonia,2023-12-01,Premium,12418.76
83,Christopher Jones,ortizhannah@example.com,French Guiana,2024-05-24,Basic,137.51
84,Douglas Heath,mcdanielsandra@example.net,Namibia,2020-03-20,Standard,4375.55
85,Jessica Stephens,rebekahserrano@example.org,Bahamas,2024-05-26,Standard,4306.22
86,Paul Carroll,scott74@example.net,Iraq,2021-02-07,Basic,57.98
87,Katherine Miller,prestonjessica@example.net,El Salvador,2026-04-10,Basic,1317.57
88,Michael Valencia,keyemily@example.com,Morocco,2020-03-03,Standard,1332.41
89,Julie Pearson,howard96@example.net,Suriname,2020-04-07,Premium,13341.59
90,Gregory Cook,hodgemark@example.net,Lithuania,2023-04-10,Basic,1145.81
91,Robin Pierce,qmiller@example.com,Brazil,2021-12-01,Basic,1272.26
92,Jose Travis,mgutierrez@example.net,Guyana,2026-06-16,Basic,991.61
93,Mr. Anthony Adams Jr.,samuel71@example.org,Norfolk Island,2024-02-22,Basic,970.13
94,Christopher Pierce,hdavis@example.com,Yemen,2024-01-20,Premium,20518.45
95,Kathleen Moran,robert77@example.org,Korea,2020-10-12,Basic,1158.39
96,Thomas Romero,michellehill@example.com,Guam,2023-09-02,Basic,228.24
97,Samantha Campbell,mary97@example.org,Kiribati,2026-03-21,Standard,1999.70
98,Juan Daniels,mcantu@example.net,Dominican Republic,2023-08-02,Basic,520.16
99,Reginald Williams,zthornton@example.com,Hungary,2023-10-22,Standard,2516.88
100,Marissa Hernandez,martineztammy@example.com,Trinidad and Tobago,2026-07-30,Basic,768.16
101,Ariana Lozano,bowenrobert@example.net,Cape Verde,2020-08-31,Basic,1484.96
102,Deborah Hanson,vsantos@example.net,Togo,2020-06-30,Standard,4693.51
103,Lori Clay,cbrennan@example.net,Bangladesh,2023-07-21,Basic,1037.01
104,Donna Perez,hamiltoncorey@example.net,Romania,2021-07-24,Basic,803.93
105,Michael Berger,nguyenbrian@example.com,Holy See (Vatican City State),2025-10-22,Basic,1132.11
106,Jason Maldonado,georgemiller@example.com,Niger,2022-11-12,Basic,1094.05
107,Mr. David Little MD,nolansteven@example.com,Philippines,2024-07-18,Basic,1181.12
108,Tony Huerta,danielle64@example.com,Tanzania,2023-08-21,Standard,3707.73
109,Dr. Ashley James MD,victoria40@example.net,Indonesia,2022-01-04,Basic,516.75
110,Melissa Garner,lozanojulie@example.com,Singapore,2021-10-29,Basic,1438.07
111,Heather Fields,erica21@example.net,Oman,2025-04-26,Basic,1199.57
112,Amanda Diaz,christopherphillips@example.net,Israel,2020-04-05,Premium,10398.99
113,Joshua Mata,maria47@example.com,San Marino,2021-03-02,Standard,2200.43
114,Julie Jones,michelleramsey@example.com,Tanzania,2025-10-16,Basic,695.10
115,Richard Smith,gibsonemily@example.net,Estonia,2025-05-09,Basic,440.67
116,Teresa Rodriguez,thomasharvey@example.net,Greece,2023-11-22,Standard,3032.12
117,Arthur Colon,debra12@example.org,Yemen,2026-02-02,Standard,1239.23
118,Audrey Young DDS,qchavez@example.net,Qatar,2020-03-31,Premium,23084.33
119,Patrick Moore,fpena@example.net,Ireland,2026-04-18,Basic,1327.54
120,Michael Robinson,xsampson@example.org,Poland,2026-04-01,Basic,680.50
121,Maria Brown,james17@example.org,Panama,2022-06-11,Standard,4003.23
122,Tricia Williams,john29@example.org,Bangladesh,2021-05-30,Basic,1209.31
123,Laurie Li,markhernandez@example.net,Afghanistan,2025-07-10,Standard,4783.61
124,Dr. Kimberly Lindsey,guerreroanthony@example.org,Guinea-Bissau,2021-11-05,Standard,1221.56
125,Franklin Thompson,martinezrobert@example.org,Samoa,2025-04-04,Basic,1274.77
126,Ivan Wheeler,ngordon@example.org,Saint Lucia,2020-06-03,Basic,640.27
127,Kelly Ellis,browntimothy@example.com,Japan,2025-03-19,Basic,56.45
128,Theodore Jones Jr.,cameronhill@example.net,Myanmar,2024-07-25,Standard,1368.41
129,Zachary Schmidt,bwagner@example.org,South Africa,2023-08-26,Basic,733.60
130,Marilyn Mack,russellbeasley@example.com,Guadeloupe,2024-09-02,Basic,712.74
131,Nicholas Edwards,elizabeth52@example.net,Uzbekistan,2025-07-04,Premium,12682.35
132,Bradley Reynolds,lisa80@example.net,Zimbabwe,2023-02-26,Standard,3491.37
133,Bryan Gomez,uparrish@example.org,France,2023-09-27,Basic,1466.48
134,Kenneth Lewis,gwalker@example.com,Tanzania,2023-12-30,Standard,3573.27
135,Donald Perez,xbruce@example.net,Nicaragua,2023-09-14,Premium,15737.73
136,Lisa Barrett,anthony44@example.com,Guernsey,2024-06-28,Basic,1432.19
137,Kylie Morales,joycebonilla@example.org,San Marino,2020-01-15,Standard,2424.62
138,Jesse Moore,jennifer99@example.org,Turks and Caicos Islands,2023-07-13,Standard,3502.14
139,Luke Craig,scott67@example.net,Kenya,2020-05-07,Basic,904.02
140,Jose Reed,campbellerika@example.com,Malta,2022-10-03,Basic,1046.93
141,James Greene,harrissierra@example.org,Serbia,2024-06-09,Basic,641.75
142,Adam Burgess,davidpatel@example.org,Macao,2021-09-13,Premium,18403.76
143,Heather Sanders,grahamsteve@example.org,Tokelau,2023-09-20,Basic,904.08
144,Jared Bowman,darius05@example.org,Spain,2022-01-31,Standard,1535.41
145,Michael Cox,prichard@example.com,Namibia,2026-04-22,Premium,8523.87
146,Seth Reese,masonjackson@example.net,North Macedonia,2022-08-31,Basic,164.05
147,Susan Bailey,joelthomas@example.org,China,2020-10-04,Basic,1006.82
148,Mary Thompson,kmarshall@example.net,Kiribati,2024-01-04,Standard,4937.11
149,Maria Downs,michelle52@example.com,Bangladesh,2024-07-13,Standard,2989.79
150,Rebecca Vargas,william47@example.com,Argentina,2023-02-13,Basic,792.01
151,Angela Lin,gilbertwilliam@example.com,Mozambique,2020-05-18,Basic,1481.08
152,Stephanie Cole,marcalvarez@example.org,Bahamas,2023-09-09,Standard,3647.96
153,Sara Haas,wagnergerald@example.org,Russian Federation,2022-12-31,Standard,2684.36
154,Joseph Moore,samantha66@example.com,Philippines,2022-11-30,Basic,266.41
155,Maria Jones,grantpaul@example.com,Saint Kitts and Nevis,2023-12-24,Basic,1458.35
156,Lindsey Hernandez,aguilardonald@example.com,Georgia,2025-09-01,Standard,1511.53
157,Jenna Larson,collinsnicholas@example.com,Suriname,2026-06-10,Premium,4871.20
158,Theresa Osborn,lucasrodney@example.com,Andorra,2020-11-06,Premium,17681.49
159,Daniel Meza,ilee@example.org,Belarus,2022-05-31,Standard,1453.32
160,Katie Fernandez,stanleynancy@example.net,Bulgaria,2021-12-20,Basic,391.32
161,Christopher Schwartz,jenniferwilliams@example.com,Philippines,2023-12-22,Basic,1494.18
162,Lisa Goodwin,pyoung@example.com,Sudan,2024-10-15,Standard,1954.67
163,Cheyenne Gregory,smurray@example.com,Macao,2025-03-21,Premium,3088.47
164,Ruth Solis,moniquewilliams@example.com,Tunisia,2023-07-06,Basic,871.91
165,Michelle Black,mitchellkathryn@example.com,Korea,2022-06-21,Standard,2868.06
166,Jeffrey Potts,lisawilkerson@example.org,Israel,2026-01-09,Basic,95.96
167,Cynthia Vang,jeffrey51@example.net,Pakistan,2020-05-09,Basic,970.64
168,Andrew Lowery,ihorton@example.net,Latvia,2022-03-26,Standard,3780.92
169,Bobby Scott,anaacosta@example.net,Jamaica,2022-12-26,Basic,615.43
170,Eric Williams,nfowler@example.com,Bahrain,2020-09-27,Basic,948.32
171,Linda Smith,jennifercarter@example.org,Nicaragua,2020-09-26,Basic,366.27
172,Chelsea Barnett,carlos88@example.net,Solomon Islands,2022-05-07,Basic,123.11
173,Jeanette Harrison,qzavala@example.net,Andorra,2026-07-30,Premium,7214.01
174,David Sandoval,ingramjill@example.com,Burkina Faso,2022-05-18,Premium,11485.66
175,Robin Thompson,epollard@example.net,Cocos (Keeling) Islands,2020-04-17,Basic,535.92
176,Ricardo Ellis,james30@example.com,Venezuela,2025-05-26,Basic,737.77
177,Robert Kennedy,mullinsjames@example.com,Tokelau,2022-01-23,Premium,16054.35
178,Evelyn Martinez,samuel67@example.com,Guadeloupe,2025-03-13,Basic,1006.19
179,Jonathan Glass MD,acostachristian@example.net,Swaziland,2026-06-25,Basic,1447.83
180,Brian Murphy,kirk96@example.org,Portugal,2021-03-14,Basic,277.14
181,Nicholas Buck,yhill@example.org,Belarus,2022-12-15,Standard,1273.80
182,Jose Brady,stephaniethomas@example.net,Philippines,2024-06-19,Standard,1832.79
183,Austin Osborne,michael90@example.net,Cape Verde,2025-03-14,Premium,17222.10
184,Jacqueline Hines,alyssasanders@example.net,Fiji,2024-07-08,Standard,1037.66
185,Noah Porter,hmcintyre@example.com,Singapore,2021-08-29,Premium,22435.79
186,Zachary Mitchell,igonzalez@example.org,Korea,2021-09-24,Standard,2808.50
187,Yolanda Cochran,elizabeth18@example.net,French Guiana,2021-02-23,Standard,3012.10
188,Michelle Ho,laurahicks@example.org,Cook Islands,2025-12-06,Basic,564.45
189,Johnny Ward,tanner82@example.net,Turks and Caicos Islands,2025-04-09,Basic,1103.55
190,Zachary Higgins,khammond@example.org,Brunei Darussalam,2020-07-28,Premium,24359.39
191,Joanna Frazier,david89@example.org,Seychelles,2026-06-21,Basic,968.59
192,Thomas Brown,holmeskevin@example.org,Gibraltar,2026-06-06,Basic,1210.86
193,Travis Stone,meghan43@example.net,Zimbabwe,2026-03-22,Premium,24569.25
194,Eric Ferguson,brittanycarpenter@example.org,Palestinian Territory,2023-09-01,Basic,836.95
195,Gail Bradshaw,bryananthony@example.org,Yemen,2024-02-27,Basic,151.36
196,Marilyn Wang,bmontgomery@example.com,Tuvalu,2024-04-08,Basic,199.55
197,Tyler Webb,eevans@example.net,Bahamas,2024-03-04,Basic,1425.64
198,John Peterson,larryhiggins@example.net,Tokelau,2021-01-19,Basic,869.13
199,Philip Robertson,floressteven@example.com,Korea,2022-04-19,Basic,774.60
200,Dylan Cruz,kwright@example.com,Vietnam,2021-08-25,Standard,3832.27
201,Phillip Jimenez,tjimenez@example.com,Angola,2023-11-05,Basic,195.10
202,Jim Allen,brandon47@example.net,Turkmenistan,2020-08-06,Basic,1443.51
203,Donna Smith,jordannicole@example.net,Haiti,2025-08-10,Basic,456.96
204,James Hudson,michaelroberts@example.com,Madagascar,2025-01-30,Standard,2852.25
205,Samantha Hanson,andersoncolin@example.com,South Africa,2022-12-30,Standard,1781.13
206,Holly Thomas,cporter@example.org,Burundi,2026-07-26,Premium,14402.38
207,Kelly Hernandez,markaustin@example.org,India,2024-09-30,Standard,1899.88
208,Elizabeth Rogers,terickson@example.com,Suriname,2026-08-05,Standard,3374.06
209,Brian Butler,laura09@example.com,Estonia,2020-02-10,Standard,3232.81
210,Paula Lane,silvageorge@example.net,Saint Helena,2026-06-08,Premium,3222.32
211,Brittany Becker,armstrongjackie@example.org,Andorra,2024-02-15,Standard,3197.67
212,Jason Harris,vsalas@example.net,Bahamas,2022-12-08,Basic,170.43
213,Kristina Bolton,ufox@example.org,Kuwait,2024-09-11,Basic,932.67
214,Hector Ingram,chelsea33@example.com,Moldova,2026-01-26,Standard,559.44
215,Vickie Wise,hannahburns@example.com,Guernsey,2021-12-26,Basic,1359.76
216,Mikayla Roberts,zhuang@example.com,Zimbabwe,2023-09-24,Basic,616.27
217,Andrew Moses,reedscott@example.com,San Marino,2025-02-22,Standard,1763.27
218,Joshua Fitzpatrick,derrick99@example.org,Ecuador,2023-03-10,Basic,770.57
219,Courtney Hall,gutierrezjennifer@example.org,Pitcairn Islands,2020-05-03,Premium,18718.81
220,Joshua Hickman,edelgado@example.com,Pakistan,2025-02-16,Premium,9042.86
221,Erica Brewer,pearsonjesse@example.net,Saint Kitts and Nevis,2021-04-29,Standard,4376.01
222,Thomas Butler,sarahjohnson@example.com,Solomon Islands,2025-08-29,Basic,1156.98
223,Tonya Howe,smithashley@example.org,Vanuatu,2023-04-19,Standard,3622.31
224,William Daniels,ismall@example.net,Lao People's Democratic Republic,2026-07-17,Standard,674.95
225,Erin Simon,jennifer05@example.com,Montenegro,2021-10-25,Basic,1315.16
226,Levi Fowler,gwilcox@example.com,Benin,2024-06-27,Basic,413.93
227,William Woods,adamreyes@example.com,Sao Tome and Principe,2022-09-01,Standard,4117.01
228,Kevin Berry,desiree30@example.net,British Indian Ocean Territory (Chagos Archipelago),2021-10-11,Basic,472.79
229,Michael Leblanc,hannah45@example.net,Cyprus,2023-02-05,Basic,1235.55
230,Christian Adkins,robert87@example.net,Spain,2021-06-16,Basic,1103.26
231,David Fischer,foxallison@example.com,Belarus,2024-06-02,Premium,4858.37
232,Ronald Leach,ashleyhernandez@example.com,Timor-Leste,2026-02-07,Premium,23699.62
233,Daniel Aguilar,nolansean@example.org,Korea,2023-06-18,Premium,11241.57
234,Justin Hansen,jennifer64@example.org,Samoa,2020-11-16,Standard,1509.72
235,Jeff Graves,michaelcesar@example.com,Antigua and Barbuda,2021-06-13,Standard,1041.33
236,Chad May,ybrooks@example.com,Trinidad and Tobago,2021-11-28,Basic,681.43
237,Bobby Brandt,desireebailey@example.org,Mauritania,2026-02-07,Standard,3991.45
238,William Davenport,goodsteven@example.net,Mayotte,2022-08-13,Standard,1538.16
239,David Murray,joshuapineda@example.net,Serbia,2022-10-28,Basic,1163.16
240,Jennifer Miranda,allencarlos@example.net,Antigua and Barbuda,2020-10-01,Standard,1422.24
241,Shelby Sanchez,moralesjimmy@example.org,Saudi Arabia,2022-12-21,Standard,3035.51
242,Jonathan Roberts,barbara53@example.com,Turkey,2025-09-30,Basic,1266.29
243,Connie Turner,hawkinsbrittany@example.net,United States Minor Outlying Islands,2020-12-14,Standard,4523.29
244,Kristi Williams,shelly68@example.com,Qatar,2021-03-01,Basic,1077.90
245,James Webster,oallen@example.com,Togo,2022-10-09,Basic,350.34
246,Suzanne Hart,igrant@example.com,Ecuador,2024-09-16,Basic,1069.07
247,Bob Cole,christopher30@example.com,Honduras,2021-09-11,Basic,293.12
248,Shelly Lopez,timothybooth@example.com,Gabon,2024-06-25,Basic,429.58
249,Timothy Hayden,burgesskaren@example.org,Qatar,2026-05-15,Basic,104.19
250,Thomas Arnold,oscar85@example.com,Eritrea,2024-01-09,Standard,2357.84
251,Julie Lang,ugill@example.org,Heard Island and McDonald Islands,2022-05-24,Basic,1455.85
252,Sean Figueroa,greensarah@example.net,Saint Helena,2022-01-30,Basic,1165.49
253,Gary James,victorpena@example.net,Guadeloupe,2022-10-12,Basic,640.50
254,Tracy May,umurray@example.com,Chile,2021-09-17,Standard,1878.29
255,Catherine Preston,warrenmary@example.org,Western Sahara,2020-12-06,Basic,1128.42
256,Aaron Taylor,carloshernandez@example.org,Madagascar,2025-06-11,Basic,290.67
257,Mark Peck,bhopkins@example.org,Martinique,2023-01-13,Basic,511.51
258,Joseph Hill,andre62@example.org,Uruguay,2023-09-03,Standard,2019.36
259,Corey Fox,joseph61@example.com,Iraq,2020-08-22,Basic,706.84
260,Michael Evans,valdezmichele@example.org,Bermuda,2023-01-20,Standard,1248.75
261,John Walsh,christopherbruce@example.net,Slovenia,2022-09-12,Standard,3148.36
262,Valerie Jacobson,hallrachel@example.net,Tuvalu,2022-03-16,Standard,1579.06
263,Thomas Cohen,rachel90@example.org,Vanuatu,2023-10-09,Standard,4519.45
264,Daniel Thomas,thickman@example.org,Mongolia,2025-08-29,Basic,737.81
265,Jasmine Mosley,patrick21@example.net,Samoa,2021-08-07,Premium,21931.55
266,Jeffrey Roberson,cassie99@example.com,Singapore,2026-06-26,Basic,508.15
267,Rachel Hayes,michaelpugh@example.com,Colombia,2022-03-04,Standard,2920.86
268,Angelica Montgomery,jennifermiller@example.org,Hong Kong,2024-07-10,Premium,22472.69
269,Nancy Stewart,davissherry@example.com,Guyana,2024-09-26,Standard,687.04
270,Brandon Jordan,fgarcia@example.com,Micronesia,2025-01-24,Standard,4815.53
271,Erika Cruz,robert18@example.org,Montserrat,2020-08-14,Basic,715.44
272,Caroline Adams,trevor12@example.com,Falkland Islands (Malvinas),2023-06-20,Premium,7268.25
273,Mr. David Wright,mwheeler@example.com,Botswana,2022-10-20,Basic,719.18
274,James Skinner,vbrock@example.com,Grenada,2020-11-25,Basic,789.49
275,Marilyn Wheeler,malik37@example.com,Christmas Island,2022-11-12,Basic,129.15
276,Doris Neal,yfaulkner@example.org,Greece,2026-06-02,Basic,51.28
277,Jenna Wilson,brittanygardner@example.net,Seychelles,2022-07-03,Standard,4626.48
278,Julia Erickson,ssalinas@example.org,Svalbard & Jan Mayen Islands,2023-08-30,Basic,1018.54
279,Megan Taylor,john26@example.com,Barbados,2025-08-22,Standard,4670.90
280,Lauren Ferguson,ystephens@example.com,Reunion,2022-12-27,Basic,1447.86
281,Margaret Miller,dianekelly@example.net,New Zealand,2025-12-16,Basic,801.91
282,Miss Jennifer Goodwin,grodriguez@example.com,Cyprus,2020-04-17,Basic,643.12
283,Lauren Johnston,dbrooks@example.net,Namibia,2023-05-26,Standard,2903.59
284,Zachary Webb,robert11@example.net,Cambodia,2024-08-05,Premium,4511.81
285,Richard Boyd,thomas77@example.com,Bangladesh,2022-04-26,Basic,808.38
286,Ashley Sweeney,byrdfrank@example.net,Ecuador,2021-12-30,Standard,3294.34
287,Erin Simmons,zhall@example.net,Colombia,2023-06-08,Basic,1177.32
288,Jennifer Mclaughlin,shannonjordan@example.org,Romania,2021-03-29,Basic,848.02
289,Michael Flynn,lloydamanda@example.com,Greece,2021-06-06,Basic,996.13
290,Michael Burns,candice96@example.net,Brazil,2021-04-24,Basic,1393.59
291,Lisa Cervantes,samantha91@example.net,Burkina Faso,2022-04-25,Standard,2002.71
292,Bruce Brooks,williambarnes@example.org,Morocco,2022-01-31,Premium,9244.00
293,Mark Steele,angelaburns@example.org,Colombia,2022-07-21,Basic,967.26
294,Anthony Howard,washingtonjames@example.com,Monaco,2022-02-03,Standard,730.76
295,Michael Perry PhD,kjackson@example.org,South Africa,2023-05-13,Standard,4754.67
296,Donald Medina,kimberlycunningham@example.com,Mexico,2025-01-24,Basic,1010.37
297,Debra Daniels,amber07@example.net,Cuba,2023-05-26,Premium,19639.77
298,Ronald Potter,nancy07@example.com,Guernsey,2026-08-03,Basic,277.79
299,Sean Wilson,jasonrojas@example.net,Guernsey,2025-09-27,Standard,1511.05
300,Jessica Jensen,lisatrujillo@example.net,Guernsey,2025-09-24,Basic,888.83
301,Caroline Werner,keith48@example.net,Suriname,2023-07-17,Basic,1158.49
302,Rachel Sellers,michelle22@example.org,Cameroon,2020-08-19,Basic,1127.05
303,Pam Lowe,othomas@example.com,Niue,2024-09-25,Basic,1416.55
304,Mark Beard,powellkara@example.net,Vietnam,2022-10-03,Standard,2657.35
305,John Perkins,simonstephen@example.net,Qatar,2025-11-02,Standard,3707.18
306,Joseph Robinson,fsummers@example.com,Gibraltar,2022-05-20,Standard,1432.24
307,Kenneth Knight,rkramer@example.org,Aruba,2025-07-06,Standard,4981.12
308,Julia Martinez,scottsmith@example.com,Cook Islands,2020-08-30,Basic,1237.87
309,Sonia Turner,clarence54@example.org,Holy See (Vatican City State),2026-08-17,Premium,10655.54
310,Amber Garrett,rubendavis@example.org,Afghanistan,2024-06-03,Basic,364.47
311,Kevin Stone,ssmith@example.com,Svalbard & Jan Mayen Islands,2021-06-02,Basic,500.12
312,Melissa Woods,patrickcross@example.org,Bosnia and Herzegovina,2020-10-20,Basic,793.57
313,Breanna Ayala,darlenebyrd@example.org,Marshall Islands,2022-01-31,Premium,23818.49
314,Carly Bell,,Nicaragua,2023-10-01,Basic,484.00
315,Angelica Garcia,lawrencepatrick@example.com,Germany,2024-07-27,Standard,2887.34
316,Matthew Wright,kimberly04@example.org,Maldives,2025-04-07,Standard,2834.29
317,James Lucas,troyrodriguez@example.com,Northern Mariana Islands,2024-01-15,Premium,17858.85
318,Vanessa Hatfield,david96@example.com,Mayotte,2023-12-14,Standard,2712.55
319,Tiffany Townsend,matthewsalexander@example.org,Armenia,2024-07-18,Basic,430.44
320,Jennifer Mitchell,zhenderson@example.org,Northern Mariana Islands,2026-02-20,Basic,1487.50
321,Diamond Collins,terrimoore@example.com,India,2023-07-28,Standard,3930.29
322,Marie Day,holly30@example.org,Benin,2023-11-26,Premium,19059.41
323,Logan Brown,davidzimmerman@example.net,Algeria,2026-02-25,Basic,1328.97
324,Kelly Logan,gary24@example.net,Turks and Caicos Islands,2021-02-02,Basic,822.43
325,Frances Patterson,,Belarus,2020-10-13,Standard,3792.09
326,Amy Villarreal,michaelscott@example.org,Uganda,2023-04-21,Basic,816.08
327,Crystal Hicks,trevinoalexander@example.org,Latvia,2023-10-27,Basic,527.81
328,Cassidy Horne,tranrobin@example.net,Palau,2022-06-03,Premium,19834.84
329,Jason Cortez,margaret95@example.org,Macao,2022-10-16,Standard,2090.50
330,Daniel Black,finleycasey@example.com,Tonga,2024-06-24,Basic,1313.16
331,Erin Tran,woodkelly@example.com,Saint Vincent and the Grenadines,2021-11-17,Basic,1480.92
332,Kevin Snyder,jessicapayne@example.org,Canada,2024-02-22,Basic,1471.08
333,David Reed,tapiaaaron@example.net,Honduras,2020-01-16,Standard,521.56
334,Ashley Moreno,robertwoodward@example.org,Rwanda,2025-08-25,Basic,1060.72
335,David Bruce,xhaynes@example.com,San Marino,2021-11-11,Basic,757.15
336,Casey Wilkins,vargasbryan@example.net,Bulgaria,2020-07-25,Basic,120.06
337,Ethan Owen,louis43@example.org,Western Sahara,2021-07-29,Basic,204.68
338,Lauren Moore,shannonedwards@example.org,Mauritania,2021-05-07,Premium,12371.29
339,Jodi Ford,davislindsey@example.com,Sweden,2022-05-20,Basic,441.33
340,Cindy Gates,christopherwright@example.com,Indonesia,2024-09-09,Premium,7036.61
341,Debbie Ewing,cranemelissa@example.net,San Marino,2023-06-02,Standard,3133.04
342,Brian Leon,smithmaria@example.org,Bulgaria,2023-08-30,Basic,1493.74
343,Michael Pace,aguilarjonathan@example.org,Angola,2021-04-26,Premium,18900.18
344,Matthew Lamb,steinmaria@example.com,British Virgin Islands,2026-08-21,Basic,881.46
345,Christopher Berry,ycrawford@example.net,Japan,2020-04-13,Standard,4544.88
346,Cody Ramirez,austinharvey@example.org,Oman,2021-02-24,Standard,880.55
347,Juan Brown,patrick63@example.net,Turks and Caicos Islands,2021-12-18,Basic,965.40
348,Zachary Stephens,mayokimberly@example.com,Lesotho,2025-04-21,Standard,3223.32
349,Dr. Jonathan Price,anthonyharper@example.org,Ukraine,2023-08-16,Basic,1416.07
350,Robert Ruiz,katie32@example.org,Egypt,2025-05-24,Basic,271.48
351,Robert Stark,gallagherstacie@example.net,Tanzania,2024-05-15,Basic,494.76
352,Timothy Frey,gregorywatkins@example.net,Qatar,2026-07-16,Premium,9093.22
353,Michele Bell,annalopez@example.com,Mauritius,2022-05-22,Standard,2956.09
354,Brandon Hall II,nsmith@example.org,Sri Lanka,2022-01-21,Basic,285.11
355,Tamara Richard,brian29@example.net,United States Virgin Islands,2020-11-13,Standard,3760.04
356,Joseph Diaz,brookssheri@example.com,Namibia,2020-12-10,Basic,936.76
357,Chad Moore,fconner@example.net,Ghana,2020-09-02,Basic,429.77
358,Melissa Mcfarland,jeffrey92@example.com,Gambia,2021-02-27,Basic,343.20
359,Christopher Smith,xrosales@example.net,Antigua and Barbuda,2024-11-19,Basic,206.28
360,Robert Carr,zunigadonald@example.net,Belarus,2021-03-18,Basic,1370.71
361,Mrs. Stacey Davis,sean43@example.org,Puerto Rico,2021-08-01,Standard,2834.61
362,Brian Smith,akim@example.org,Turks and Caicos Islands,2020-06-13,Standard,4185.39
363,Heather Bennett,kkramer@example.net,Senegal,2022-10-03,Standard,4048.20
364,Benjamin Singleton,andrew41@example.org,Guam,2024-07-28,Basic,1429.87
365,Nicholas Payne,morgantricia@example.com,Romania,2021-02-17,Standard,1210.37
366,Carmen Preston,brianrivera@example.org,Ireland,2020-03-16,Basic,528.00
367,Monica Baker,kenneth10@example.com,Montserrat,2024-08-21,Basic,1375.18
368,Anthony Smith Jr.,bgonzalez@example.org,Chile,2023-08-29,Basic,1381.93
369,Kara Wilson,qruiz@example.com,Bermuda,2024-03-31,Basic,930.13
370,Jacob James,seanbaker@example.com,Estonia,2024-04-09,Premium,12504.77
371,Antonio Goodwin,millermaurice@example.net,Isle of Man,2021-07-03,Basic,608.78
372,Kristen Randall,rsheppard@example.com,Montserrat,2026-06-17,Basic,135.97
373,Blake Orr,shawrachel@example.net,Philippines,2025-11-13,Basic,1031.86
374,Travis Cole,teresastokes@example.org,Armenia,2026-07-17,Premium,8540.09
375,Jessica Osborn DDS,luis11@example.com,Moldova,2022-10-26,Standard,3960.52
376,Donald Ellis,buchanancindy@example.net,Slovenia,2022-08-23,Basic,409.06
377,Charles Matthews,buckleyanna@example.org,Solomon Islands,2022-10-17,Premium,23685.63
378,Hailey Jenkins,kpena@example.net,Lebanon,2021-11-26,Basic,391.80
379,Charles Franklin,vwilliams@example.net,Dominica,2020-04-01,Basic,152.74
380,Derrick Watson,lisa44@example.com,Tajikistan,2020-04-29,Premium,10014.53
381,Annette Melton,kevinmanning@example.com,Ethiopia,2023-04-10,Basic,320.72
382,Ann Alexander,wfigueroa@example.net,Trinidad and Tobago,2024-11-06,Basic,1443.06
383,Rick Jones,htaylor@example.net,Antarctica (the territory South of 60 deg S),2022-06-27,Basic,1311.15
384,Christina Brown,bryantsamantha@example.net,Congo,2021-02-26,Standard,904.24
385,Kathy Reid,maldonadojohn@example.com,Nepal,2021-10-28,Premium,4264.94
386,Karen Arnold,frank41@example.com,Antarctica (the territory South of 60 deg S),2022-12-20,Standard,2007.72
387,Kenneth Hanna,deborahbyrd@example.com,Pakistan,2022-07-28,Basic,1166.33
388,Richard Saunders,wellsdavid@example.org,Netherlands Antilles,2022-09-22,Basic,549.42
389,Lee Hahn,rodney65@example.com,El Salvador,2025-04-30,Basic,443.82
390,Joseph Hanson,smithyvonne@example.com,Monaco,2021-06-14,Premium,10311.13
391,Elizabeth Rodriguez,rogersjoshua@example.com,Tokelau,2024-04-22,Basic,1292.89
392,Tiffany Curtis,edwardcannon@example.org,Sri Lanka,2021-11-04,Basic,465.20
393,Jennifer Flores,jenniferrios@example.com,Eritrea,2025-09-15,Standard,2050.17
394,Norman Aguilar,matthewreeves@example.net,Martinique,2026-01-13,Basic,816.90
395,Todd Howard,megan82@example.com,Bhutan,2024-03-31,Basic,773.04
396,Molly Hansen,staceylam@example.net,Benin,2023-02-18,Standard,851.06
397,Seth Fisher,nathan94@example.com,Thailand,2021-06-24,Basic,1221.74
398,Mark Carpenter,kennedyjames@example.org,Trinidad and Tobago,2020-10-13,Standard,4481.77
399,Jennifer Pitts,derrickgonzalez@example.com,Montenegro,2024-07-12,Standard,2566.80
400,Mrs. Shannon White,freemancrystal@example.org,Germany,2025-12-10,Basic,390.75
401,Donald Juarez,barbaramoore@example.org,Bulgaria,2024-03-22,Premium,19529.23
402,Jennifer Sanford,ismith@example.org,Saint Martin,2024-02-02,Basic,1329.75
403,Frank Whitaker,andrewsmith@example.net,Egypt,2022-06-26,Basic,1323.55
404,Emily Garcia,gary04@example.com,Korea,2021-07-04,Standard,780.50
405,Gail Barron,matthewvalenzuela@example.com,Sao Tome and Principe,2024-11-04,Basic,475.28
406,Tamara Powell,jeffreymercer@example.org,Saint Martin,2021-04-03,Standard,2599.97
407,Barbara Dawson,brooksdanielle@example.net,Nigeria,2020-02-23,Premium,13707.21
408,Mary Valdez MD,butleromar@example.net,El Salvador,2020-04-28,Basic,1441.87
409,Michael Mccoy,robert18@example.com,Nigeria,2023-02-27,Basic,771.42
410,Ronald Garcia,campbellkristen@example.com,Congo,2024-01-12,Premium,4207.36
411,Sandra Dudley,jade42@example.org,Mexico,2024-01-20,Basic,1291.72
412,Timothy Rivera,smithchristopher@example.org,Syrian Arab Republic,2023-04-21,Basic,646.92
413,Travis Chan Jr.,conwaydawn@example.com,French Polynesia,2023-10-27,Standard,2346.36
414,Robert Sawyer,michael56@example.net,Brazil,2021-10-04,Basic,235.24
415,Amber Christian,markkline@example.net,Ethiopia,2020-08-18,Basic,295.53
416,Robert White,dross@example.com,Syrian Arab Republic,2025-11-05,Basic,1381.27
417,Rebecca Banks,danielhorton@example.org,Western Sahara,2022-07-26,Basic,1329.08
418,Thomas Webb,ywhite@example.com,New Zealand,2025-08-14,Basic,104.64
419,Sara Mcpherson,timothyfreeman@example.com,Kazakhstan,2020-03-11,Basic,115.60
420,Ernest Bush,tiffanysantiago@example.com,Maldives,2020-04-21,Standard,2598.44
421,Anna Stanley,timothyalvarado@example.net,Hungary,2023-06-25,Premium,15219.56
422,Stephanie Salazar,schneidereric@example.com,Timor-Leste,2020-12-27,Standard,3577.73
423,Paul Flores,tara08@example.org,Mexico,2023-04-20,Basic,430.90
424,David Stevens,fmiller@example.com,Germany,2024-04-12,Premium,9429.05
425,Matthew Garcia MD,petersenlatoya@example.net,Northern Mariana Islands,2020-10-15,Standard,939.21
426,Christine Powers,michael03@example.com,Greenland,2022-01-10,Basic,1007.65
427,Kara Sandoval,wwilson@example.net,Cyprus,2023-09-23,Basic,1046.37
428,Mark Marsh,jacqueline02@example.com,Burundi,2020-01-06,Standard,2106.22
429,Jennifer King,jacobconrad@example.com,Cuba,2025-06-20,Basic,409.19
430,Michelle Rodriguez,owilliams@example.net,Namibia,2023-01-16,Basic,588.76
431,Judith Lawrence,tamarasmith@example.net,Australia,2020-10-26,Basic,1055.81
432,Kevin Glass,heatherthompson@example.org,Bosnia and Herzegovina,2023-09-06,Basic,693.33
433,Sonya Gordon,mbarnes@example.net,Serbia,2022-07-30,Basic,632.15
434,Grant Phillips,devonmorrison@example.net,Malaysia,2021-08-26,Standard,4383.03
435,Shannon Joseph,jamesweber@example.com,Poland,2021-12-27,Basic,1314.54
436,Vicki Santos,williambenson@example.com,Russian Federation,2022-04-19,Basic,489.78
437,John Duncan,icraig@example.com,Turkey,2020-10-07,Standard,1383.71
438,Kelly Johnson,brianbrown@example.com,Sao Tome and Principe,2025-08-21,Standard,4277.39
439,Miss Brianna Brown,james80@example.com,Suriname,2025-03-24,Standard,875.38
440,Megan Hoffman,juliahoffman@example.org,Malawi,2023-01-05,Basic,1424.97
441,Donna Beck,yhughes@example.net,Germany,2025-03-21,Basic,1273.15
442,Patrick Harris,ogreer@example.net,Russian Federation,2026-06-05,Basic,1114.88
443,Kimberly Morrison,kellythompson@example.net,Belarus,2024-04-23,Basic,852.15
444,Jose Bennett,qramirez@example.org,Central African Republic,2021-03-30,Basic,1491.06
445,Gary Mckinney,billmcfarland@example.net,Austria,2023-11-20,Basic,499.60
446,Sarah Turner,charles58@example.org,Zimbabwe,2025-02-23,Basic,114.14
447,Jonathan Perry,odavis@example.org,Panama,2021-03-22,Basic,1268.29
448,Daniel Goodwin,wbarajas@example.net,Algeria,2022-03-17,Basic,1230.98
449,David May,susanfleming@example.com,Hong Kong,2020-10-05,Basic,1041.04
450,Janice Fernandez,angel85@example.net,Spain,2026-02-04,Standard,4106.31
451,Mr. Matthew Flores,vaughangary@example.net,Martinique,2023-05-21,Basic,998.44
452,Michael Ayala,nhouston@example.net,Switzerland,2020-01-18,Basic,207.37
453,Patricia Lucas,burgesseric@example.com,Saint Barthelemy,2024-09-04,Basic,457.80
454,Anthony Bauer,andrewsjeremy@example.com,Ireland,2022-03-17,Standard,2799.90
455,Jessica Smith,nicholsdarlene@example.net,Bahrain,2022-08-01,Basic,378.62
456,Mercedes Jones,robertsgina@example.net,Benin,2025-01-11,Basic,1129.83
457,Jane Short,wellsamanda@example.org,San Marino,2021-11-15,Basic,304.49
458,Kimberly Choi,kennetheaton@example.net,Oman,2022-08-08,Standard,3272.79
459,Kristen Peters,williamsashley@example.com,Mauritania,2022-06-26,Standard,888.98
460,Daniel Figueroa,jason82@example.org,Colombia,2023-08-24,Standard,1585.86
461,Cheyenne White,yorksarah@example.net,Kyrgyz Republic,2021-06-20,Standard,685.43
462,Michael King,jessicafreeman@example.com,Guinea-Bissau,2024-04-16,Standard,3228.97
463,Ariel Harvey,louishayes@example.net,Palestinian Territory,2020-11-07,Basic,197.99
464,Krystal Diaz,susan20@example.com,Egypt,2022-01-13,Basic,677.99
465,Margaret Hill,dennis57@example.com,Kiribati,2025-03-24,Premium,9721.34
466,Juan Thompson,wilkinsonmichele@example.org,Uganda,2022-05-22,Basic,1227.52
467,Stephen Jones,mcclainmelissa@example.net,Antarctica (the territory South of 60 deg S),2023-08-02,Basic,1319.45
468,Patricia Lewis,arnoldamy@example.net,Latvia,2025-05-29,Premium,15770.08
469,James Vance,dennis88@example.org,Indonesia,2024-05-08,Standard,2851.30
470,David Maynard,katherinetaylor@example.org,Christmas Island,2022-06-03,Premium,18572.35
471,Shelby Thomas,ccrosby@example.org,Senegal,2023-10-08,Standard,2660.20
472,Jacob Williams,aprilmoody@example.com,Latvia,2023-03-31,Basic,342.60
473,Amanda Wong,padillaadrienne@example.com,Syrian Arab Republic,2026-02-09,Basic,973.93
474,Laura Bennett,pdiaz@example.org,Maldives,2024-12-08,Basic,505.77
475,Courtney Sullivan,tommy79@example.org,Macao,2021-09-03,Standard,1436.97
476,David Robertson,jason22@example.com,Netherlands,2025-11-14,Basic,563.85
477,David Shepherd,olsontimothy@example.org,Nauru,2024-10-09,Basic,1060.85
478,Alison Williams,dennishunt@example.net,Cameroon,2021-01-26,Premium,5739.82
479,Christopher Mullen,johnsjessica@example.com,Yemen,2020-05-15,Standard,1820.72
480,Willie Dillon,jeffreyjenkins@example.org,South Africa,2020-07-27,Standard,4901.00
481,Lisa Dixon,jennifercooper@example.com,Nepal,2023-11-17,Standard,2208.69
482,James Rodriguez,alexandrablankenship@example.net,Italy,2023-12-06,Standard,3365.04
483,Cassandra Valenzuela,richamanda@example.org,Bermuda,2025-07-02,Standard,4326.62
484,Larry Carey,xboyd@example.org,Qatar,2023-03-18,Basic,1427.12
485,Robert Clarke,zbell@example.net,United States of America,2023-07-11,Basic,1032.11
486,Anne Anderson,fcannon@example.com,Netherlands Antilles,2025-01-25,Standard,2541.02
487,Colin Fletcher,lanedavid@example.org,Honduras,2025-11-01,Basic,691.53
488,Emily Cox,ronaldrichards@example.com,Timor-Leste,2024-05-10,Basic,386.36
489,Lisa Braun,afischer@example.net,Slovenia,2023-07-27,Standard,4180.46
490,Justin Webb,becky62@example.net,British Indian Ocean Territory (Chagos Archipelago),2023-09-17,Basic,1347.35
491,Michael Martin,williamhartman@example.net,Nicaragua,2024-12-22,Basic,1181.43
492,Caitlyn Oconnell,brockmadeline@example.com,Vanuatu,2024-08-21,Basic,75.34
493,Dennis Wood,ramseysarah@example.com,Nicaragua,2023-12-30,Basic,782.99
494,Victor Brown,daniellegonzales@example.org,Thailand,2024-05-14,Basic,351.52
495,Donna Johnson,christinacraig@example.com,Dominican Republic,2024-05-15,Standard,3904.54
496,Angie Hill,zgomez@example.com,Namibia,2024-05-11,Basic,297.44
497,Michael Calhoun,jessica89@example.com,Guatemala,2021-05-01,Basic,532.89
498,Larry Lee,qandrews@example.org,Ireland,2026-05-30,Standard,2965.04
499,Kathy Morgan,prattsue@example.net,Suriname,2023-05-15,Basic,770.24
500,Jeremy Bennett,wcarrillo@example.com,Singapore,2025-04-12,Basic,249.47
501,Kevin Johnson,scottpatrick@example.org,Philippines,2023-01-20,Premium,22510.07
502,Jennifer Gomez,haynesjose@example.com,Bermuda,2024-08-31,Basic,1206.85
503,Gloria Spencer,thomasgomez@example.net,Ethiopia,2022-08-27,Basic,1280.24
504,Tara Lee,jimmyallen@example.com,Costa Rica,2021-03-20,Basic,1383.83
505,Sara Kelly,wilsonchristian@example.net,Lithuania,2021-07-11,Premium,12052.23
506,Kimberly Williams,uwatson@example.com,Ukraine,2024-02-01,Premium,11057.93
507,Sheila Henry,raymond92@example.org,Malta,2026-07-23,Basic,1010.02
508,Joshua Shaw,xdalton@example.org,Kuwait,2025-04-27,Standard,1904.12
509,Julia Norris,craignicolas@example.org,Greece,2026-07-01,Standard,3767.33
510,Chelsea Baker,thomas95@example.com,Colombia,2022-05-29,Standard,899.74
511,Michael Watson,lramirez@example.net,Bulgaria,2023-04-27,Basic,1261.50
512,Robin Le,angelachase@example.org,Cameroon,2026-07-08,Basic,1046.37
513,Kara Smith,oporter@example.net,Martinique,2025-04-28,Standard,3926.77
514,Elizabeth Hart,rosshannah@example.org,Cuba,2024-10-17,Premium,13971.91
515,Mark Cole,jordan58@example.net,Venezuela,2025-06-01,Standard,1448.84
516,Jason Bell,barbarasantos@example.net,China,2025-05-23,Standard,2303.05
517,Frederick Dixon,ypreston@example.net,France,2026-07-08,Standard,2411.93
518,Sheena Davidson,robert99@example.com,Thailand,2023-02-01,Premium,22745.88
519,Greg Edwards,jennifer96@example.com,Tuvalu,2026-01-14,Basic,222.84
520,Heidi Matthews,lgutierrez@example.org,Brunei Darussalam,2022-12-17,Basic,939.74
521,Teresa Haynes,clarkrandy@example.org,Bahrain,2024-11-04,Premium,14959.29
522,Anthony Wise,garciachristine@example.org,Palau,2026-03-27,Basic,907.16
523,Dave Rojas,isims@example.net,Taiwan,2026-03-14,Premium,12130.82
524,Howard Herman,imcdonald@example.com,Mexico,2021-02-18,Standard,4027.89
525,Melissa Thompson,owelch@example.net,Jordan,2022-12-17,Basic,1087.81
526,Emily Reed,lindaramos@example.com,Isle of Man,2023-06-26,Basic,1285.52
527,Aaron Ochoa,mauriceharrison@example.org,Portugal,2021-09-23,Basic,155.15
528,Karen Smith,myates@example.org,South Africa,2026-02-19,Basic,588.17
529,Jason Castro,twright@example.net,Oman,2020-01-18,Basic,337.14
530,Dennis Henderson,zacharymarsh@example.net,Sri Lanka,2022-08-05,Basic,1011.05
531,Matthew Patel,robert12@example.org,French Guiana,2024-08-13,Standard,3713.90
532,Jesse Graves,blopez@example.org,Australia,2020-09-25,Standard,799.08
533,William Campbell,jenniferacosta@example.org,Bermuda,2026-06-15,Basic,289.13
534,Glenn Collins DDS,steven05@example.org,Tajikistan,2021-01-01,Standard,4553.56
535,Derek Long,qwhite@example.com,Switzerland,2024-12-29,Standard,2420.69
536,Michelle Cruz,cwright@example.org,Kuwait,2020-01-31,Basic,349.41
537,Maxwell Clark,tmaldonado@example.com,Cayman Islands,2024-11-22,Basic,367.84
538,Timothy Meyer,timothy43@example.com,Tuvalu,2024-03-09,Basic,144.89
539,Valerie Young,knguyen@example.com,Myanmar,2020-05-06,Standard,2382.77
540,Alexa Williams,jbarker@example.com,Sierra Leone,2020-10-17,Standard,2187.81
541,Brandon Montgomery,browndeanna@example.net,Mauritania,2020-08-05,Standard,2737.34
542,David Holden,linda73@example.org,Portugal,2025-04-08,Basic,1230.02
543,Danielle Williams,ihansen@example.net,Liechtenstein,2022-07-07,Basic,829.06
544,Gregory Oconnor,mikayla98@example.org,Bangladesh,2021-04-06,Basic,78.91
545,Robert Weaver,osmith@example.net,Hong Kong,2023-07-15,Premium,22351.65
546,Lisa Diaz,malikbrown@example.net,Svalbard & Jan Mayen Islands,2024-11-18,Standard,3405.34
547,Kathleen Arnold,marcus51@example.org,Mali,2022-07-30,Basic,453.59
548,Todd White,harristodd@example.org,Antigua and Barbuda,2024-05-20,Standard,2158.60
549,Mary Fox,brandon39@example.net,Barbados,2023-10-20,Basic,911.71
550,Mary Hebert,mcdonalddanielle@example.com,Moldova,2020-02-01,Basic,1349.71
551,Samantha Bauer,colonjoseph@example.org,Saint Martin,2024-12-12,Standard,1091.29
552,Tony Yu,garciajerry@example.com,Comoros,2020-06-20,Basic,294.42
553,Laura Meza,xreese@example.net,Morocco,2021-04-14,Basic,447.18
554,Maurice Andrade,laurapierce@example.net,Guadeloupe,2022-05-20,Basic,290.29
555,Lindsay Mahoney,andrea55@example.com,Serbia,2024-05-17,Basic,321.95
556,Erica Allen,nicholaspierce@example.net,Equatorial Guinea,2024-03-19,Standard,2393.79
557,Tyler Smith,birdcaitlin@example.net,Burkina Faso,2022-05-25,Standard,1501.04
558,Eric Walker,andrew48@example.net,Moldova,2026-08-11,Basic,62.71
559,Anna Stevens,devonrichardson@example.net,Egypt,2023-10-19,Premium,9737.49
560,Anna Ross,jessicacummings@example.com,China,2021-07-20,Basic,529.22
561,Michele Weiss,larsonkevin@example.net,Sri Lanka,2023-04-01,Basic,313.51
562,Anthony Wise,nichole66@example.org,Trinidad and Tobago,2023-11-01,Standard,4022.93
563,Sarah Mcfarland,hbrown@example.org,Ghana,2025-02-15,Basic,1152.52
564,Jonathan Walker,nunezwendy@example.com,Sao Tome and Principe,2023-08-05,Premium,8971.70
565,Courtney Roberts,vhernandez@example.org,Lebanon,2023-12-17,Basic,1421.68
566,James Miller,iayala@example.org,Liberia,2023-10-21,Standard,1788.53
567,Matthew Gonzalez DDS,johnadams@example.com,Gibraltar,2023-09-21,Standard,4759.79
568,Ashley Gutierrez,michael55@example.net,Palau,2024-07-22,Basic,1417.66
569,William Jensen,chanson@example.org,Uzbekistan,2020-02-28,Basic,1068.26
570,James Todd,rodriguezbrian@example.net,Vanuatu,2025-06-11,Standard,1258.49
571,Donna Cooper,torresthomas@example.com,Cote d'Ivoire,2020-12-25,Standard,674.56
572,Joshua Christensen,jdean@example.net,Qatar,2024-12-03,Standard,1405.67
573,Taylor Rose,george43@example.net,Niger,2024-06-12,Premium,6068.61
574,Tony Jones,elizabeth51@example.org,French Guiana,2021-10-21,Standard,4202.10
575,Crystal James,mckeetodd@example.net,Martinique,2025-10-09,Standard,2543.45
576,Walter Castro,williamssandra@example.com,Grenada,2020-08-01,Standard,2254.81
577,Alicia Sutton,colleen38@example.com,Sudan,2023-04-06,Basic,1145.09
578,James Cooke,raymondstacy@example.org,Canada,2020-05-30,Premium,6822.81
579,Chad Blair,robertberry@example.com,Georgia,2022-04-10,Standard,2206.59
580,Joshua Clark,biancasutton@example.org,Tokelau,2026-01-20,Basic,445.92
581,Stephanie Browning,xforbes@example.org,Palau,2020-12-01,Standard,2712.98
582,Emily Grant,whitemary@example.org,Saint Lucia,2026-03-18,Basic,1210.64
583,William Ali,scott42@example.org,Botswana,2020-03-12,Premium,8248.10
584,William Jensen,caitlynhall@example.org,Guinea-Bissau,2020-11-15,Basic,740.11
585,Brandi Mathis,xjoseph@example.org,Timor-Leste,2020-07-12,Standard,1181.39
586,Christopher Perez,,Zambia,2022-07-30,Premium,12595.28
587,Virginia Todd,thompsonstephanie@example.com,Tonga,2022-10-01,Basic,943.66
588,Sharon Clay,csullivan@example.net,Saint Pierre and Miquelon,2024-02-09,Standard,3379.34
589,Jennifer Crosby,meyershannon@example.org,Turkey,2025-06-26,Basic,262.17
590,Jennifer Moss,oblack@example.org,Comoros,2026-08-17,Standard,3256.72
591,Eric Carey,sjackson@example.net,Uruguay,2021-12-08,Basic,1130.98
592,Brenda Gallegos,gdavis@example.org,Cocos (Keeling) Islands,2020-05-12,Basic,1435.09
593,Melissa Taylor,bmorris@example.org,Korea,2025-03-08,Basic,254.20
594,Christina Gibson,mario21@example.org,Brazil,2023-12-06,Premium,13888.67
595,Angela Zimmerman,nicholasjames@example.org,United States Minor Outlying Islands,2024-09-12,Basic,757.61
596,Shari Martin,haroldjoseph@example.com,Gambia,2022-03-25,Standard,2947.34
597,Jill Sims,roachsusan@example.org,Nigeria,2022-01-22,Basic,1445.22
598,Jonathan Jimenez,franklintrevor@example.org,Namibia,2025-02-03,Standard,4291.62
599,Jeremy Burke,sanchezamy@example.net,Niue,2024-05-22,Basic,598.97
600,Amber Hernandez,benjamin09@example.net,French Southern Territories,2023-09-17,Premium,6357.44
601,Brian Chaney,emilycarr@example.net,Reunion,2022-03-15,Standard,1757.56
602,Cassandra Gibson,sarah14@example.com,Heard Island and McDonald Islands,2023-12-17,Basic,1387.38
603,Olivia Bridges,carterdennis@example.net,Tokelau,2025-12-21,Standard,1013.59
604,Kelly Dominguez,rodriguezjessica@example.net,Marshall Islands,2021-10-29,Premium,7760.81
605,Mr. Timothy Andersen,ronald54@example.net,Morocco,2026-07-27,Standard,3538.49
606,Carl Hart,lvasquez@example.net,Djibouti,2026-08-15,Standard,1312.60
607,April Johnson,mclaughlinjared@example.net,Israel,2024-09-18,Basic,57.13
608,Justin Walsh,davidsonhannah@example.com,Somalia,2022-10-03,Basic,383.95
609,Joshua Wang,jenningsmatthew@example.net,Montenegro,2020-06-13,Basic,1448.17
610,Christopher Rivera,sandra77@example.org,Oman,2024-02-06,Basic,1441.17
611,Joe Grimes,steven60@example.net,French Southern Territories,2020-11-26,Basic,715.46
612,Kristen Smith,lauren51@example.org,Fiji,2023-10-05,Basic,831.08
613,James Ferguson,ashleyprice@example.net,Brazil,2025-08-05,Premium,8343.21
614,Michele Edwards,nelsonchristopher@example.org,Holy See (Vatican City State),2025-10-02,Premium,11712.20
615,Cindy Turner,brooksbenjamin@example.org,United States Minor Outlying Islands,2023-01-03,Basic,859.08
616,Rebecca Stein,jamesmclean@example.net,Tunisia,2020-08-13,Premium,11383.42
617,Briana Wiggins,jamiejohnson@example.com,Rwanda,2023-06-26,Basic,1253.36
618,Eric Williams,cookpamela@example.org,Mali,2025-10-03,Standard,1979.74
619,Alison Blake,manuellee@example.com,Martinique,2025-02-05,Standard,4619.41
620,Bruce Hernandez,danny98@example.net,Bosnia and Herzegovina,2022-02-14,Standard,2466.77
621,Fernando Thomas,audrey21@example.com,New Zealand,2021-05-17,Standard,3633.13
622,Amber Johnson,rodriguezbrian@example.com,India,2025-12-09,Standard,4724.15
623,Leslie Huff,tjensen@example.com,Svalbard & Jan Mayen Islands,2021-03-11,Standard,566.96
624,Rhonda Miller,fbradley@example.net,Lao People's Democratic Republic,2021-04-26,Basic,950.64
625,Matthew Miranda,ohall@example.org,Tokelau,2020-08-24,Basic,1260.65
626,Jack White,kristina57@example.com,Antarctica (the territory South of 60 deg S),2025-12-17,Standard,3231.69
627,John Singleton,katrina99@example.org,Malawi,2020-06-07,Basic,552.78
628,Rebecca Nguyen,sparksamanda@example.com,Nauru,2020-09-07,Premium,8478.26
629,Kimberly Dickson,njones@example.net,Nauru,2022-10-02,Basic,353.45
630,Ms. Gloria Benson,elainemiller@example.net,Montserrat,2022-11-14,Basic,1072.06
631,Kyle Nguyen,shortgregory@example.com,Bangladesh,2025-07-27,Basic,1055.45
632,Linda Wilkins,troy01@example.org,Svalbard & Jan Mayen Islands,2023-12-25,Standard,699.61
633,Nicole Pacheco,donnachavez@example.com,Iceland,2020-12-03,Premium,9929.68
634,Daniel Rich,ashley46@example.net,United States Virgin Islands,2024-02-05,Basic,1025.50
635,Adam Downs,sabbott@example.org,Heard Island and McDonald Islands,2022-04-16,Basic,866.36
636,April Castro,daniel40@example.org,Jersey,2025-12-30,Basic,1081.15
637,Evan Reyes,ngraham@example.net,China,2024-09-03,Standard,3438.00
638,James Middleton,qmoore@example.org,Burkina Faso,2023-02-28,Basic,1454.40
639,Brianna Dyer,iproctor@example.org,Burundi,2020-01-29,Basic,808.76
640,Jesus Mccormick,dhanson@example.net,Jamaica,2024-04-10,Basic,544.16
641,Henry Lopez,lanemelanie@example.org,Rwanda,2023-09-04,Basic,634.02
642,Joshua Richardson,carrolljanet@example.org,Mozambique,2023-05-04,Basic,187.30
643,Brenda Simon,steven18@example.net,Benin,2023-03-16,Basic,1263.27
644,Mary Barnett,chloe58@example.org,Latvia,2021-08-19,Standard,2434.51
645,Laura Rivera,susan44@example.org,Argentina,2023-01-08,Standard,4346.67
646,Elizabeth Glover,bryan79@example.org,Montserrat,2024-08-16,Basic,643.32
647,Rhonda Weber MD,martinezchase@example.com,El Salvador,2020-05-05,Standard,3627.71
648,Scott Smith,munozrenee@example.net,Canada,2020-11-18,Basic,624.57
649,Christopher Patton,toddlloyd@example.org,Guam,2024-05-21,Standard,978.71
650,Linda Underwood,amullins@example.com,Dominica,2026-07-20,Basic,764.05
651,Carol Lane,brian41@example.org,Chad,2024-05-25,Standard,1374.97
652,John Vaughan,noahthornton@example.com,Estonia,2023-02-02,Basic,1281.27
653,Alexandra Ho,ureyes@example.net,Pitcairn Islands,2020-12-18,Basic,262.22
654,Joseph Gomez,pbishop@example.com,Grenada,2026-05-12,Basic,689.95
655,Dawn Silva,vmejia@example.org,Saint Martin,2021-10-19,Basic,1187.10
656,Kelly Byrd,lawrencesmith@example.org,Switzerland,2024-06-21,Standard,3744.35
657,Joseph Jennings,jeffrey44@example.org,Antigua and Barbuda,2020-06-14,Premium,8224.53
658,Todd Douglas,stephanielittle@example.net,British Indian Ocean Territory (Chagos Archipelago),2020-02-27,Standard,2845.97
659,Jamie Gallagher,pauladominguez@example.com,French Polynesia,2020-07-29,Standard,2877.13
660,Margaret Livingston,kayla54@example.org,Slovakia (Slovak Republic),2023-02-09,Basic,1038.60
661,Janet Cook,scottlisa@example.org,Kazakhstan,2020-06-28,Standard,676.85
662,Christina Long,irodriguez@example.com,Cuba,2020-06-17,Standard,666.38
663,Jeremy Green,jonesashley@example.com,Singapore,2024-02-01,Standard,3086.99
664,Brittany Bowman,ortegajoseph@example.net,Greenland,2022-12-19,Standard,4703.77
665,Kaylee Case,zmendoza@example.net,Slovakia (Slovak Republic),2026-01-08,Standard,551.52
666,Darrell Cruz,imartinez@example.com,Grenada,2025-05-28,Premium,20289.01
667,Mark Benjamin,diazmelissa@example.com,Belgium,2024-07-15,Basic,1293.80
668,Donna Harris,poncedonna@example.com,Qatar,2025-08-06,Basic,719.51
669,Michael Tucker,imoss@example.org,Congo,2022-08-06,Basic,551.16
670,Cynthia Price PhD,victor70@example.org,Guadeloupe,2020-03-02,Basic,625.13
671,Amanda Wilson,ibentley@example.org,Saint Vincent and the Grenadines,2020-05-16,Premium,21941.14
672,Amanda Thomas,ruizsamantha@example.org,Ecuador,2023-11-09,Basic,817.32
673,Christopher Williams,lori17@example.net,Chile,2024-08-31,Basic,642.90
674,Robert Wilson,bryanharris@example.com,Sudan,2025-07-23,Basic,104.30
675,Jennifer Martinez,marcoconnell@example.org,Serbia,2025-07-25,Premium,18684.59
676,Arthur Hill,xjackson@example.net,Chad,2020-04-20,Premium,14851.10
677,Amanda Garcia,bstrickland@example.com,Belgium,2022-12-02,Basic,1076.09
678,Brandon Pearson,robert72@example.org,Cambodia,2020-01-16,Premium,8270.48
679,Jennifer Hurley,carlsonjennifer@example.net,Zambia,2024-04-04,Standard,3746.53
680,Elizabeth Barnes,jamesdowns@example.org,Niger,2020-08-01,Basic,922.81
681,Kimberly Robinson,joshualee@example.org,Poland,2022-05-29,Basic,901.77
682,Kathleen Moore,brownmichael@example.org,Jordan,2025-08-13,Basic,770.23
683,Stefanie Chavez,yangsara@example.org,Cayman Islands,2021-09-03,Basic,703.77
684,Mr. Steven Griffith,robert53@example.org,Greece,2025-03-24,Basic,678.55
685,Jason Gonzalez,charlesrichards@example.org,Tuvalu,2021-07-07,Basic,862.13
686,Leon Thompson,derek35@example.com,Cook Islands,2022-11-25,Premium,13983.64
687,Keith Ramirez,yorkstephen@example.org,Senegal,2022-03-27,Basic,656.36
688,Lindsey Clarke,belindatran@example.org,Benin,2022-04-15,Premium,7280.94
689,Shannon Robinson,rhood@example.org,Saint Lucia,2022-09-27,Basic,795.45
690,Danielle Hamilton,patriciavargas@example.org,United States Minor Outlying Islands,2022-11-06,Basic,1208.67
691,William Williams,gquinn@example.org,Jamaica,2023-10-26,Basic,818.91
692,Robert Nicholson,fsimpson@example.net,Sao Tome and Principe,2023-07-15,Standard,4818.61
693,Tiffany Anderson,john10@example.com,Paraguay,2020-01-31,Basic,845.11
694,Shannon Burgess,braysteven@example.org,Tunisia,2022-01-11,Basic,1141.21
695,Seth Sims,daltonchad@example.net,Grenada,2024-09-05,Premium,24596.08
696,Paul Wolfe,kristinmiller@example.com,Saint Pierre and Miquelon,2023-07-14,Standard,3458.52
697,Susan Cox,rodriguezmichael@example.net,Armenia,2026-03-16,Basic,915.49
698,Justin Jones,devonrogers@example.net,Brazil,2022-06-07,Standard,3529.15
699,Nicole Pitts,karenhodges@example.com,Guinea,2024-04-26,Standard,3861.29
700,Jenny Brown,michael78@example.net,Switzerland,2025-12-22,Standard,4323.94
701,Meghan Patel,shannon51@example.org,Uganda,2020-10-25,Basic,118.82
702,James White,rodriguezjoshua@example.net,Cameroon,2025-11-18,Basic,421.37
703,Kelly Burton,robert82@example.com,Guatemala,2023-04-21,Standard,1726.85
704,Alison Lopez,wigginsjesse@example.net,Oman,2022-10-18,Standard,4424.65
705,Mary Buchanan,,Tajikistan,2022-03-27,Standard,802.49
706,Keith Villanueva,george43@example.com,Holy See (Vatican City State),2023-08-26,Basic,809.21
707,Amber Gomez,nhuber@example.org,Rwanda,2026-06-17,Standard,2038.47
708,Christopher Erickson,evanwilson@example.com,Morocco,2023-07-25,Standard,3151.58
709,Cody Hart,wadetiffany@example.org,Holy See (Vatican City State),2020-11-03,Standard,1399.65
710,Kimberly Martinez,sullivanvictor@example.org,Yemen,2022-12-26,Standard,2160.16
711,Aaron Rodgers,deborah47@example.com,Western Sahara,2023-01-18,Premium,14844.98
712,Mary Marsh PhD,hmorgan@example.net,Lesotho,2025-01-07,Standard,4389.24
713,Juan Parker,owilliamson@example.com,Guinea-Bissau,2025-12-28,Basic,980.91
714,Martin Silva,kimberlywang@example.org,Angola,2020-08-12,Premium,22192.09
715,Megan Rosario,ulee@example.net,Netherlands,2020-07-22,Basic,530.12
716,Melvin Sanders,xwood@example.org,Finland,2023-05-28,Basic,1425.36
717,Jeremy Hoffman,jessicawallace@example.com,Spain,2022-04-18,Basic,293.30
718,Nicholas Hurst,ltaylor@example.net,Benin,2022-12-11,Premium,11376.78
719,William Fox,carl96@example.org,Albania,2020-12-15,Basic,1265.89
720,Jennifer Peters,jamescollier@example.com,Micronesia,2022-09-22,Basic,695.15
721,Elizabeth Richards,dhansen@example.org,Anguilla,2023-04-07,Basic,1191.12
722,Eric Davidson,qmartinez@example.com,Israel,2025-04-07,Basic,449.27
723,Maria Johnson,trevor19@example.net,Guyana,2021-03-12,Basic,1261.80
724,Sheena Burton,hmccann@example.com,Malaysia,2023-11-13,Premium,5515.40
725,David Perkins,luisjohns@example.org,Guinea-Bissau,2024-11-16,Standard,1691.40
726,Jason Barr,brandon48@example.net,Vietnam,2021-02-01,Basic,1412.52
727,Mark Duran,amybrennan@example.net,South Georgia and the South Sandwich Islands,2020-07-05,Premium,13445.35
728,Melissa Davis,madeline02@example.net,Finland,2022-01-01,Standard,799.86
729,Mr. Thomas Garcia,wesleydecker@example.net,Nicaragua,2022-06-25,Premium,7390.18
730,Sarah Marquez,butlersabrina@example.org,Svalbard & Jan Mayen Islands,2024-08-03,Standard,590.25
731,Gregory Vazquez,lisapreston@example.net,Mali,2020-11-15,Basic,939.01
732,Michael Johnson,walkermelissa@example.org,Portugal,2025-01-30,Premium,22796.02
733,Carlos Miller,joneskim@example.com,Armenia,2021-07-04,Standard,3305.47
734,Matthew Watkins,qwilson@example.org,Bahrain,2021-04-22,Basic,823.64
735,Brent Martinez,brianagonzalez@example.net,Guernsey,2022-01-03,Basic,934.88
736,Paul Ramirez,michael89@example.org,Madagascar,2020-03-12,Standard,2114.83
737,Kenneth Smith,jenniferbrandt@example.org,United Arab Emirates,2023-10-18,Basic,499.64
738,Nicholas Glass,lrichardson@example.org,Kazakhstan,2025-01-07,Standard,774.19
739,Ruben Zavala,olewis@example.com,Bouvet Island (Bouvetoya),2024-06-25,Standard,4252.12
740,John Stone,tfarmer@example.com,Moldova,2025-01-24,Basic,1322.66
741,Johnny Cruz,tburke@example.net,Tajikistan,2024-10-21,Standard,3239.04
742,Donna Wyatt,melissajacobson@example.com,Wallis and Futuna,2022-12-15,Basic,1303.44
743,Zachary Vasquez,sandersalexandra@example.net,Belize,2024-07-08,Basic,134.68
744,Michael Madden,calvinhester@example.com,Cook Islands,2020-10-16,Premium,7445.30
745,Barbara Massey DDS,kathy99@example.com,Saudi Arabia,2023-12-17,Basic,483.15
746,Jennifer Alvarez,garcher@example.com,Cameroon,2025-04-03,Premium,9812.95
747,David Crawford,anthonyrojas@example.org,Luxembourg,2025-02-10,Premium,2714.66
748,Janet Shelton,kevinhanson@example.org,Panama,2024-07-06,Basic,1061.90
749,Rebecca Harris,qhenry@example.net,Guam,2025-01-01,Basic,1056.86
750,Alicia Gallagher,hbeard@example.com,Korea,2025-05-21,Basic,350.36
751,Joe Johnson,nicole27@example.com,Burkina Faso,2022-02-03,Standard,873.55
752,Phillip Carroll,rkeller@example.net,Montserrat,2022-01-29,Basic,354.40
753,Brooke Brown,troy69@example.net,Guinea,2023-02-16,Basic,1336.45
754,Antonio Garza,marybailey@example.net,Myanmar,2025-02-06,Basic,887.07
755,Gloria Davis,victoria65@example.org,Panama,2020-03-06,Standard,3922.85
756,Erik Miller,meltondanny@example.org,Angola,2021-08-16,Basic,507.92
757,Matthew Henderson,sadams@example.com,Namibia,2023-08-01,Standard,2394.59
758,Kelly Morris,stokescraig@example.net,Costa Rica,2020-02-24,Standard,1667.33
759,Pamela Morgan,michael63@example.com,North Macedonia,2022-03-27,Standard,4368.52
760,Sara Herrera,joseph49@example.com,Spain,2025-08-21,Standard,4324.22
761,Anna Richard,,Spain,2021-07-03,Basic,1430.00
762,Gregory Jones,william46@example.net,Mauritius,2023-07-15,Standard,3897.46
763,David Robertson,nicoleburton@example.net,Tokelau,2022-01-31,Basic,384.27
764,Mr. Rodney Hurley III,umichael@example.net,Bahamas,2021-03-29,Basic,332.72
765,Charles Hernandez,megan65@example.org,North Macedonia,2023-06-23,Basic,253.39
766,Rodney Lucas,gloria36@example.org,Brazil,2021-05-09,Standard,3848.91
767,Robert Collins,bcastro@example.com,Oman,2020-12-30,Standard,2841.27
768,Dominic Johnson,donna20@example.net,Libyan Arab Jamahiriya,2026-01-10,Standard,4729.66
769,Steven Edwards,michelle65@example.net,Palestinian Territory,2025-03-16,Basic,1126.56
770,Ryan Cameron,danielnavarro@example.org,Mali,2025-11-23,Basic,440.59
771,Patricia Fox,pwilkerson@example.net,British Virgin Islands,2024-06-02,Basic,702.00
772,Ronnie Mclaughlin,selenarobinson@example.org,China,2025-02-22,Basic,1455.96
773,Jason Roy,henrynicholas@example.org,Ghana,2021-06-04,Basic,501.99
774,David Ramirez,michaelbaldwin@example.com,Angola,2023-08-19,Basic,920.09
775,Amanda Stevenson,vazquezkristina@example.org,El Salvador,2024-04-17,Basic,1273.85
776,Tyler Cox,nicholsjoel@example.com,Iceland,2023-09-05,Standard,2614.16
777,Tanya Hardin,christopher34@example.org,Tokelau,2020-01-20,Standard,1773.79
778,Lynn Suarez,rmccormick@example.org,Swaziland,2025-12-04,Standard,3245.88
779,Norman House MD,gmcdowell@example.org,Qatar,2025-03-09,Premium,5546.09
780,Jason Daniel,shawn00@example.net,Norway,2021-09-26,Basic,1182.14
781,Martin Smith,courtneyedwards@example.org,Bouvet Island (Bouvetoya),2021-03-22,Premium,3416.17
782,Tracy Rivas,melaniejennings@example.com,Korea,2021-01-18,Basic,1201.00
783,Debbie Mcdaniel,lauren31@example.com,Heard Island and McDonald Islands,2023-03-08,Basic,853.04
784,Theresa Wilkerson,andrewjohnson@example.net,Oman,2021-03-18,Basic,275.36
785,Brandon Ford,jacqueline20@example.com,Niger,2024-01-27,Basic,1378.74
786,Brandon Richardson,smithalicia@example.com,Sweden,2022-11-08,Premium,24665.35
787,Micheal Lee,keith76@example.org,Jersey,2024-06-25,Basic,1239.25
788,Whitney Campbell,robertortiz@example.org,Antarctica (the territory South of 60 deg S),2025-09-12,Standard,3883.67
789,Luke Solomon,brandi71@example.org,Latvia,2021-12-06,Premium,8366.50
790,Michael Mcdaniel,verickson@example.net,Equatorial Guinea,2020-11-19,Basic,750.78
791,Amy Galvan,modonnell@example.net,Spain,2020-06-26,Basic,960.51
792,Amber King,zturner@example.net,Heard Island and McDonald Islands,2023-12-25,Basic,677.30
793,Amanda White,williamconrad@example.com,Bulgaria,2020-11-17,Standard,1923.12
794,Jessica Green,bradley27@example.com,San Marino,2020-08-05,Basic,1243.32
795,Steven Baker,zachary62@example.com,Saint Pierre and Miquelon,2022-05-26,Basic,1421.07
796,Brittany Farrell,jbrown@example.org,Denmark,2026-08-14,Basic,802.04
797,Christopher Mcdonald,carneysara@example.org,Kenya,2021-03-21,Standard,543.87
798,Karina Vasquez,daviddavis@example.com,Cocos (Keeling) Islands,2022-05-16,Basic,403.81
799,Samantha Elliott,brandybonilla@example.net,Seychelles,2025-07-22,Basic,267.61
800,Billy Tate,clayanthony@example.net,Pitcairn Islands,2023-10-19,Standard,3885.16
801,Timothy Rodriguez,eric17@example.net,Palestinian Territory,2020-10-23,Standard,677.71
802,Debra Barrett,tara97@example.com,Yemen,2023-03-12,Basic,862.97
803,Tina Carroll,michellesolis@example.com,Gibraltar,2024-11-13,Basic,1364.67
804,Kimberly Guzman,rossgregory@example.com,Benin,2025-04-24,Standard,3793.66
805,James Powell,davidhenry@example.com,Saint Pierre and Miquelon,2020-02-19,Premium,22563.58
806,Michael Anderson,collierwilliam@example.com,Kiribati,2025-05-14,Basic,476.77
807,Justin Henderson,nshepherd@example.org,Jordan,2025-11-22,Standard,2707.49
808,Jose Mcpherson,deborahreeves@example.com,Malta,2024-03-13,Basic,1260.32
809,Donna Kim,ievans@example.net,United Kingdom,2024-03-10,Standard,1270.43
810,Jeffrey Carroll,lowerywilliam@example.net,Jamaica,2021-12-31,Basic,868.58
811,Nathan Hess,jonathan18@example.org,Brazil,2022-10-01,Basic,821.84
812,Richard Cameron,millernancy@example.com,Germany,2024-12-05,Basic,324.72
813,Michael Hanson,matthew23@example.org,Belgium,2023-11-28,Basic,958.45
814,Shelby Rodriguez,smithdarryl@example.org,Palau,2024-12-21,Basic,1309.58
815,Sheila Church,nturner@example.com,Portugal,2023-03-05,Premium,16085.91
816,Jennifer Turner,dereklee@example.org,Qatar,2024-06-26,Standard,3525.97
817,Christine Wong,ryangarrett@example.net,Comoros,2026-06-17,Basic,741.58
818,Brittany Henderson,martinelijah@example.net,Kenya,2020-07-28,Standard,2295.78
819,Scott Richards,kennethgallegos@example.com,Austria,2026-06-01,Basic,1166.15
820,Ryan Reynolds,vallison@example.net,Nepal,2022-03-22,Basic,458.34
821,Mrs. Jennifer Palmer DDS,dhall@example.net,Andorra,2024-11-12,Basic,160.64
822,Arthur Orozco,hsmall@example.com,Nigeria,2022-10-22,Basic,468.56
823,Michael Smith,jessica75@example.com,Djibouti,2026-04-01,Standard,717.07
824,Melinda Dorsey,sanderson@example.net,Rwanda,2023-05-19,Basic,443.14
825,Todd Delgado,laura29@example.org,Finland,2022-08-06,Basic,1419.26
826,John Thompson,catherinegarcia@example.com,Western Sahara,2024-08-06,Basic,287.99
827,Daniel Williams,howardjose@example.net,Cayman Islands,2026-08-12,Basic,763.61
828,Kathy Roman,ryan93@example.org,Monaco,2021-02-28,Basic,1276.16
829,Gerald Kelly,carrilloangela@example.org,Timor-Leste,2021-06-28,Basic,480.85
830,Maureen Mccarthy,wlloyd@example.org,Botswana,2024-08-04,Basic,1238.74
831,Shannon Garcia,romerogary@example.org,Trinidad and Tobago,2025-03-15,Premium,11535.12
832,Nicholas Erickson,goconnor@example.org,Oman,2021-05-14,Basic,250.36
833,Barbara Harris,ahammond@example.org,Syrian Arab Republic,2022-06-03,Basic,617.02
834,Jonathan Miller,jennifer65@example.net,Papua New Guinea,2025-05-21,Basic,125.19
835,Kendra Cobb,lauriegutierrez@example.com,Ukraine,2021-08-19,Basic,414.50
836,Rebecca Cox,ramoskayla@example.net,Sri Lanka,2023-01-20,Standard,1343.05
837,George Morales,ryanlong@example.org,Panama,2023-06-11,Basic,717.80
838,Kenneth Levine,robert84@example.net,Samoa,2026-02-20,Standard,1784.34
839,Ronald Mccullough,isabellagriffin@example.org,Tuvalu,2022-02-01,Standard,2936.99
840,Marissa Terry,trowe@example.org,Argentina,2023-08-16,Basic,297.35
841,Nathan Hobbs,jason88@example.com,Mali,2023-07-30,Standard,1330.96
842,Allison Zamora,john46@example.net,Bouvet Island (Bouvetoya),2022-04-08,Basic,966.39
843,Debbie Romero,williamsdebra@example.org,Kiribati,2024-11-14,Premium,14479.91
844,Jody Bird,michaelmitchell@example.net,Montserrat,2021-12-25,Standard,2731.57
845,Kelly Wright,zachary35@example.com,Bolivia,2024-06-22,Standard,2072.41
846,Jason Davis,ebeasley@example.org,Kiribati,2020-12-22,Premium,13888.04
847,Jennifer Hansen,lwiggins@example.com,North Macedonia,2020-07-08,Standard,4859.41
848,Timothy Burns,jcolon@example.net,Brunei Darussalam,2022-10-26,Standard,3068.48
849,Walter Palmer,bensonstanley@example.org,San Marino,2023-03-24,Standard,1531.86
850,Tammy Wilson,xrodriguez@example.net,French Guiana,2021-01-16,Standard,962.80
851,Jacob Ritter,kelly02@example.org,Slovenia,2020-04-07,Basic,1027.84
852,Steven Small,isaacsingh@example.org,British Virgin Islands,2023-12-04,Basic,312.07
853,Andrew Olson,ariel56@example.com,Syrian Arab Republic,2023-08-24,Premium,15251.65
854,Pamela Wagner,qgill@example.com,Canada,2024-10-16,Basic,219.68
855,Robert Beck,zhughes@example.com,Mauritius,2025-10-07,Standard,1407.04
856,Jessica Ramirez,clinejasmine@example.net,Norfolk Island,2020-04-21,Standard,3498.35
857,Kristina Martinez,leechristine@example.net,Saudi Arabia,2025-04-19,Basic,674.96
858,Chelsey Alvarez,martinezsharon@example.org,Andorra,2020-05-08,Basic,1281.26
859,Ronald Combs,imiller@example.net,Gibraltar,2021-10-30,Basic,114.81
860,Scott Johnson,bwhite@example.net,Ghana,2022-09-03,Premium,8547.11
861,William Weaver,douglas41@example.org,Gambia,2022-07-17,Basic,237.15
862,Amy Woodward,anthonybrown@example.com,Bolivia,2026-05-03,Basic,931.12
863,Frederick Bennett,williamsjohn@example.net,Namibia,2022-02-17,Basic,437.17
864,Kathy Avery,bruce78@example.com,Bahrain,2021-07-28,Basic,530.91
865,David Mercado,angela91@example.org,Serbia,2023-03-23,Standard,1426.97
866,Elizabeth Russell,mathisvincent@example.org,Holy See (Vatican City State),2023-09-10,Standard,1064.49
867,David Cisneros,dwilliams@example.net,French Guiana,2023-08-06,Standard,4002.86
868,Antonio Weeks,carla65@example.net,Croatia,2024-05-06,Basic,73.86
869,Amber Stevenson,turnerrandall@example.org,Switzerland,2023-11-23,Basic,1127.86
870,Diana Reynolds,nicole54@example.net,Korea,2020-12-05,Premium,20367.07
871,Erica Clark,allen20@example.net,Lebanon,2021-10-25,Standard,2015.32
872,Christopher Peters,ifarmer@example.org,Solomon Islands,2020-01-11,Standard,3304.57
873,Kimberly Stafford,wchambers@example.com,Sweden,2025-11-01,Basic,989.00
874,Ryan Cain,martinezmitchell@example.org,Kenya,2024-01-01,Standard,4377.92
875,Olivia Becker,james94@example.net,Cyprus,2020-01-23,Standard,1664.50
876,Jack Campbell DVM,adrianjoyce@example.net,Indonesia,2021-07-23,Basic,1467.15
877,Jonathan Jackson,donnaknight@example.net,Netherlands,2020-09-26,Premium,8161.58
878,Carl Brown,sarah38@example.net,Slovenia,2023-10-05,Standard,3074.29
879,Allison Booker,erin70@example.com,Norway,2021-10-28,Standard,932.47
880,Sarah Morris,rhill@example.net,Lao People's Democratic Republic,2024-06-24,Basic,898.51
881,Amanda Griffith,ramirezrobert@example.com,Germany,2023-04-19,Basic,444.85
882,Brad Armstrong,mooneyjeremiah@example.net,Jamaica,2020-01-13,Premium,8275.59
883,Christina Murphy,garrettcolin@example.com,Jersey,2026-05-17,Basic,613.44
884,Lori Cook,john73@example.com,Syrian Arab Republic,2025-05-18,Basic,1044.42
885,Robert Harding,oduran@example.com,Mozambique,2020-05-12,Premium,22538.18
886,Sydney Bennett,pattonbryan@example.com,Azerbaijan,2020-10-30,Premium,20038.07
887,Andrea Byrd,phillipspatrick@example.org,Niger,2022-01-02,Basic,906.98
888,Kyle Keller,chavezsteven@example.com,Turkmenistan,2025-01-02,Basic,436.37
889,Matthew Lowe,gibsonmark@example.org,Botswana,2024-02-16,Premium,16369.43
890,Andrea Clarke,rebeccamartinez@example.net,Equatorial Guinea,2020-09-06,Premium,4092.81
891,Mr. Cody Taylor,brownlarry@example.com,Malaysia,2022-05-13,Basic,705.48
892,Emily Mcclure,dylanparker@example.com,French Guiana,2026-05-22,Premium,20767.51
893,Kevin Gregory,younglori@example.net,Togo,2022-06-15,Basic,616.97
894,William Davidson,kristenpeterson@example.net,Lebanon,2020-05-12,Standard,527.24
895,Ms. Erin Lane,christina65@example.org,Bosnia and Herzegovina,2024-08-16,Premium,7780.32
896,Amanda Robinson,fowlerheather@example.com,Nigeria,2023-01-09,Premium,4880.60
897,Dr. Robert Aguirre,lharris@example.org,Guyana,2021-06-02,Basic,180.34
898,Justin Thomas,llee@example.com,Aruba,2020-01-25,Premium,11859.59
899,Duane Robinson,jennifer58@example.org,Christmas Island,2026-06-28,Standard,834.48
900,Dennis Garcia,nicholascobb@example.org,Guadeloupe,2021-04-21,Basic,701.36
901,David Pacheco,shelleyrowland@example.net,Turkmenistan,2026-03-25,Standard,3964.48
902,Bailey Andrade,lauralee@example.com,Puerto Rico,2022-11-20,Basic,370.35
903,Vanessa Sanchez,hinesbrenda@example.net,French Polynesia,2022-06-28,Premium,14125.81
904,Anthony Flynn,melissaschmitt@example.com,Cote d'Ivoire,2025-04-03,Standard,3344.48
905,Rachel Mendez,williampotter@example.net,Sao Tome and Principe,2024-11-03,Standard,4947.64
906,Mr. Frank Brooks DDS,lwells@example.com,Northern Mariana Islands,2023-05-22,Basic,614.23
907,Amanda Robinson,shannonyoung@example.org,Gambia,2026-02-17,Standard,3721.66
908,Christopher Kirby,andrea21@example.com,Kenya,2022-10-30,Premium,14477.96
909,Andrew Hunt,ronald76@example.com,Heard Island and McDonald Islands,2023-06-15,Basic,1411.28
910,James White,josephjones@example.org,French Polynesia,2025-05-09,Basic,146.84
911,Maria Hartman,coreyjones@example.org,Mayotte,2025-08-10,Basic,1070.69
912,Gary Turner,james92@example.net,Saint Vincent and the Grenadines,2021-05-01,Standard,3653.03
913,Randy Campbell,krista66@example.net,Saudi Arabia,2023-08-13,Premium,13047.14
914,Jose Juarez,michelleperez@example.net,San Marino,2024-05-12,Standard,4228.33
915,Kevin Tran,dsharp@example.com,Somalia,2021-05-25,Standard,2104.38
916,Jessica Mcmahon,cclark@example.net,Antarctica (the territory South of 60 deg S),2020-07-27,Standard,3910.58
917,Bethany Harding,porterdonna@example.com,Guadeloupe,2022-06-29,Basic,85.19
918,Paul Farmer,mark09@example.org,Uzbekistan,2021-07-02,Standard,882.47
919,Wendy Carroll,nbaird@example.com,Bahrain,2020-12-04,Basic,777.28
920,Brian Hudson,tfowler@example.org,Chile,2023-07-23,Basic,648.48
921,Amanda Barker,mjohnson@example.org,United States Minor Outlying Islands,2020-09-10,Basic,102.50
922,David Keller,gibsonmiguel@example.org,Chile,2026-05-30,Basic,594.90
923,Jeanne Mayo,amandamendoza@example.org,Iceland,2022-03-05,Basic,532.50
924,Beverly Harris,qmeyers@example.com,Cayman Islands,2026-05-10,Basic,833.53
925,Laurie Shaw,ahill@example.org,Kiribati,2024-01-07,Basic,776.36
926,Robert Fox,kstevens@example.org,Saint Pierre and Miquelon,2020-06-04,Standard,529.42
927,Tamara Reed,peter26@example.org,Christmas Island,2020-08-09,Premium,5098.00
928,Judith Bartlett,hollydavis@example.net,Yemen,2025-12-27,Standard,4502.33
929,Brooke Khan,elizabeth13@example.com,Isle of Man,2020-04-16,Basic,892.20
930,Whitney Jones,gordonkimberly@example.com,Korea,2026-08-09,Premium,11274.45
931,Andrew Johnson,vjames@example.com,Togo,2021-02-04,Standard,2037.53
932,David Fletcher,markgoodman@example.com,Kyrgyz Republic,2021-04-17,Basic,130.24
933,Dana Dodson,thomasramirez@example.org,Chile,2020-06-14,Basic,636.44
934,Cassandra Martinez,qjackson@example.org,Philippines,2025-07-31,Premium,9868.89
935,Christopher Klein,scottwilliams@example.net,Sudan,2021-10-26,Standard,1384.84
936,Mary Garcia,scott90@example.org,Sierra Leone,2023-06-25,Basic,1486.26
937,David Kerr,christopherfisher@example.org,Guadeloupe,2022-07-06,Basic,943.19
938,Amy Benjamin,roblesmaria@example.org,Saint Kitts and Nevis,2025-06-17,Standard,3058.28
939,Brian Murphy,colleenvilla@example.com,Wallis and Futuna,2021-02-10,Basic,625.97
940,Brian Morris,moralesleslie@example.com,Croatia,2022-11-06,Basic,186.97
941,Robert Santos,bradley36@example.com,Seychelles,2023-01-20,Standard,2630.07
942,Mrs. Kimberly Mooney,johnathandavis@example.com,Norfolk Island,2023-12-26,Basic,942.94
943,Valerie Benson,gregory57@example.org,Grenada,2024-08-19,Basic,759.96
944,Joann Dixon,wesleybush@example.org,Djibouti,2020-02-12,Basic,1213.73
945,Becky Young,ntodd@example.org,Bahamas,2020-02-21,Basic,166.48
946,Mr. James May II,vstevenson@example.org,Fiji,2020-11-30,Standard,4646.05
947,Amanda Conner,swong@example.org,Denmark,2022-02-10,Premium,19749.59
948,David Ryan,lauriehorton@example.org,New Caledonia,2025-08-20,Basic,1307.10
949,Catherine Soto,kanechad@example.org,Austria,2025-10-22,Standard,4269.69
950,Dan Davis,joelmiller@example.net,Lao People's Democratic Republic,2024-03-22,Basic,1318.03
951,Danielle Thompson,kevinray@example.net,Cook Islands,2022-01-27,Standard,3963.94
952,Angela Kaufman,egray@example.com,Jamaica,2021-10-22,Standard,4340.96
953,Paige Weiss,ysmith@example.com,Timor-Leste,2023-05-13,Standard,3505.33
954,Elizabeth Medina,jonathanford@example.com,Finland,2020-07-21,Standard,3629.04
955,Andrea Taylor,mgonzalez@example.org,American Samoa,2022-06-30,Basic,1490.18
956,Jacqueline Sullivan,vbentley@example.com,Hungary,2025-09-25,Standard,2508.60
957,Leah Ortiz,riddledavid@example.net,Central African Republic,2023-04-05,Standard,1985.04
958,David Gentry,william75@example.net,Azerbaijan,2021-04-17,Standard,4535.47
959,Nancy Allen,dorseymichael@example.net,Philippines,2024-05-01,Premium,11230.45
960,Brittany Jacobs,jonathanguzman@example.net,Tajikistan,2020-03-09,Basic,62.12
961,Brandon Dawson,lsanders@example.org,Maldives,2021-01-27,Basic,449.01
962,Carol Simmons,vincent86@example.net,Gambia,2026-01-21,Basic,233.36
963,Tammy Booth,fieldskimberly@example.com,Suriname,2024-11-19,Basic,1483.05
964,Tara Sanders,adam27@example.org,Bhutan,2020-12-12,Standard,4062.55
965,Kelly Pena,xjackson@example.org,Romania,2020-06-18,Basic,1000.43
966,Mr. Brian Bradley,jacobbrown@example.org,Sudan,2020-11-22,Standard,4281.09
967,Steven Ortiz,oneillgabriel@example.com,Belize,2025-01-19,Basic,1424.73
968,Gordon Richards,wwashington@example.org,Algeria,2022-07-07,Standard,4205.31
969,Adrienne Aguilar,davisalexa@example.org,Honduras,2020-05-28,Basic,897.91
970,Dr. Tara Kennedy,cassandra55@example.net,Tuvalu,2024-01-05,Standard,4789.21
971,David Ward,dgray@example.com,Tunisia,2022-04-14,Basic,759.50
972,Jesus Hale,anthonymartinez@example.net,Fiji,2022-03-13,Premium,14444.65
973,Danielle Hayes,qrobertson@example.org,Afghanistan,2026-05-01,Standard,4824.85
974,Robin Smith,morgan57@example.org,New Caledonia,2026-07-25,Basic,1413.24
975,Rebecca Bailey,shatfield@example.org,Saint Martin,2023-03-23,Standard,4500.19
976,Michelle Kane,andersonlaura@example.com,Syrian Arab Republic,2022-07-24,Premium,12330.43
977,Shelly Jackson,efriedman@example.net,Mauritius,2024-06-24,Basic,1195.01
978,Paul Keller,garciavictoria@example.org,Central African Republic,2021-08-08,Standard,2247.77
979,James Ramirez,elizabeth12@example.net,North Macedonia,2026-03-08,Premium,22082.33
980,Michael Wiggins,schneidernicholas@example.net,Samoa,2024-10-29,Premium,24623.58
981,Martin Hoffman,ostokes@example.com,Brazil,2024-11-24,Basic,483.93
982,Gerald Vargas,juliewilson@example.com,Brunei Darussalam,2021-12-08,Standard,3415.91
983,Laura Smith,lawrencejames@example.com,Jamaica,2025-09-05,Premium,6637.81
984,Michael Hogan,danielsmith@example.com,Germany,2022-02-16,Premium,13235.31
985,Sara Porter,shernandez@example.org,San Marino,2020-12-17,Standard,686.54
986,Michele George,wayne14@example.net,Montserrat,2024-06-05,Basic,1493.73
987,Kathleen Padilla,zbrown@example.com,Cape Verde,2023-03-08,Standard,3609.90
988,Nicholas Cochran,leblanckimberly@example.com,Saint Lucia,2025-07-05,Standard,778.62
989,Miss Sarah Ritter,rrogers@example.com,Guernsey,2022-08-10,Premium,15775.13
990,Joseph Campbell,jacquelinekelley@example.org,Bulgaria,2025-01-16,Premium,3867.91
991,Sharon Brown,stephen29@example.org,Kenya,2022-02-25,Premium,19753.16
992,Charles Robinson,jillsmith@example.net,Togo,2024-08-18,Basic,1287.12
993,Virginia Hernandez,kshelton@example.org,Bhutan,2023-10-31,Basic,933.23
994,Tony Wilson,brittney26@example.org,Antigua and Barbuda,2022-05-14,Basic,1480.76
995,Eric Carlson,denisebennett@example.net,South Africa,2020-10-15,Basic,1033.97
996,John Meyers,phill@example.com,Heard Island and McDonald Islands,2024-06-18,Basic,513.58
997,Bryan May,andrewberry@example.net,Lesotho,2020-01-29,Standard,4149.01
998,Rebecca White,scooke@example.com,French Southern Territories,2021-10-27,Premium,9074.65
999,Arthur Stout,richardhaynes@example.com,Moldova,2023-10-21,Basic,891.31
1000,Kerri Brown,molinajared@example.net,Ukraine,2025-06-10,Basic,1286.93
1001,Melissa Smith,hmcbride@example.org,Brunei Darussalam,2020-10-12,Standard,4335.14
1002,Anita Scott,millerdavid@example.com,Haiti,2023-10-30,Standard,651.06
1003,William Barrett,kevinshah@example.net,United Kingdom,2026-06-07,Basic,64.95
1004,Jill Ray,alexandra59@example.net,Malawi,2025-03-17,Standard,2488.23
1005,Robert Young,donaldchase@example.org,Burkina Faso,2021-05-25,Standard,1408.81
1006,Ian Anderson,qjones@example.com,Hong Kong,2024-01-03,Basic,633.44
1007,Jesus Duffy,jbentley@example.net,Costa Rica,2024-04-28,Basic,1392.57
1008,Whitney Terry,jenniferelliott@example.net,Swaziland,2020-06-20,Standard,2156.12
1009,Roberto Stewart,mgray@example.org,Belarus,2023-05-28,Basic,665.05
1010,Melinda Russell,danielle55@example.com,Cameroon,2021-10-18,Premium,5409.61
1011,Adam Bennett,nicholasgarcia@example.org,China,2025-10-13,Basic,600.64
1012,Leah Roman,ricejackie@example.com,Micronesia,2023-07-03,Basic,1157.62
1013,Anthony Stewart,zwhite@example.net,Philippines,2021-10-20,Basic,537.43
1014,Linda Atkinson,qvargas@example.org,Poland,2026-06-11,Premium,2769.96
1015,Cameron Gray,brian53@example.net,New Caledonia,2023-06-02,Basic,848.26
1016,Jeffrey Gomez,rshaw@example.com,Mali,2022-10-13,Basic,182.92
1017,Robin Torres,mezarichard@example.com,Tanzania,2026-04-08,Basic,566.40
1018,Nicholas Duffy,barbaramiller@example.com,Micronesia,2020-08-07,Basic,498.36
1019,Alexandra Vaughan,timothyrobertson@example.net,Tuvalu,2026-03-09,Basic,553.31
1020,Adrian Lee,kleinjacqueline@example.net,Guatemala,2023-07-18,Basic,1364.67
1021,Tiffany Morrow,lawsontami@example.net,Venezuela,2021-08-16,Premium,23378.19
1022,Courtney Jones,williefarley@example.com,Lithuania,2025-11-13,Basic,1009.89
1023,Brian Sloan,marierosales@example.org,French Guiana,2022-07-10,Basic,949.88
1024,Daniel Rojas,trobinson@example.net,Malaysia,2021-12-28,Premium,12937.25
1025,Joel Williamson,abrown@example.net,Kuwait,2025-06-30,Basic,378.30
1026,Aaron Zamora,richardsmith@example.com,Liechtenstein,2022-03-09,Basic,1081.59
1027,Stephanie Jenkins,xsmith@example.net,El Salvador,2021-04-25,Basic,788.68
1028,Edwin Patterson,amandaadams@example.com,Palestinian Territory,2021-07-03,Standard,2672.88
1029,Hector Hamilton,nicole31@example.org,Finland,2025-08-02,Standard,730.12
1030,Patrick Santana,elizabethvaughan@example.net,Ethiopia,2020-04-07,Basic,557.34
1031,Jon Maldonado Jr.,vshaw@example.com,Bulgaria,2020-10-15,Basic,998.12
1032,Alex Moore,saundersjoel@example.net,Switzerland,2020-09-23,Basic,546.22
1033,Nancy Hamilton,justin16@example.org,Niger,2022-04-11,Basic,394.92
1034,Danielle Wang,virginia36@example.org,Lebanon,2021-01-05,Standard,3232.05
1035,Meredith Shaw,jacobbond@example.net,North Macedonia,2024-09-13,Standard,3255.50
1036,James Hill,sarahsimmons@example.net,Cook Islands,2020-12-27,Basic,920.07
1037,Jason Torres,jeffreysimmons@example.org,Malawi,2020-08-09,Standard,3386.43
1038,Brian Cox,jennifer35@example.org,Cocos (Keeling) Islands,2022-11-04,Premium,9782.12
1039,Patrick Lewis,mramirez@example.org,Jersey,2020-04-09,Premium,13557.82
1040,Heidi Torres,caldwellfelicia@example.org,Greenland,2021-03-25,Standard,982.63
1041,Natalie Chapman,john43@example.net,Hungary,2022-05-26,Standard,4877.29
1042,Mark Guzman,willisrhonda@example.net,Svalbard & Jan Mayen Islands,2020-07-31,Standard,1777.18
1043,Tammy Jones,kevin73@example.net,Saint Helena,2021-04-07,Standard,2015.04
1044,Jason Dawson,patricia71@example.com,Bangladesh,2021-01-08,Standard,1192.72
1045,Tiffany Gibbs,carolhorton@example.org,French Guiana,2023-03-19,Basic,203.75
1046,Rebecca Benson,isimpson@example.net,Belarus,2020-04-20,Standard,3006.42
1047,Janet Chan,nlawson@example.org,Afghanistan,2021-02-06,Premium,8806.59
1048,Michael Suarez,ugordon@example.net,Eritrea,2021-01-23,Standard,2752.67
1049,Michael Arnold,jeffreyferguson@example.com,Armenia,2022-01-07,Standard,2811.15
1050,Diana Anderson,dayjohn@example.org,Martinique,2024-04-03,Standard,3332.45
1051,Mackenzie Compton,christopher84@example.net,Burkina Faso,2020-10-09,Basic,519.03
1052,Erika Brown,hollowayjeffrey@example.com,Christmas Island,2022-09-19,Basic,421.19
1053,Matthew Parrish,sharphailey@example.net,Equatorial Guinea,2021-09-14,Premium,7795.07
1054,Kristen Montoya,markharris@example.net,Sri Lanka,2025-10-16,Standard,831.63
1055,Jeremy Blair,erichardson@example.org,Lithuania,2025-09-17,Basic,573.69
1056,Scott Lopez,lharding@example.net,Finland,2021-03-17,Standard,2044.79
1057,Christopher Long,chadjones@example.org,Korea,2020-02-21,Standard,1296.37
1058,Ariel Rose,morrisonnicholas@example.org,Bouvet Island (Bouvetoya),2026-01-19,Basic,525.15
1059,Maria Williams,kaylaadams@example.net,Netherlands Antilles,2025-07-02,Basic,332.66
1060,Tina Rodriguez,melissa13@example.org,Lesotho,2020-02-02,Premium,4985.04
1061,Robin Parker,dmoore@example.net,Puerto Rico,2025-01-20,Standard,2909.76
1062,Alisha Williams,curtis62@example.org,United States Minor Outlying Islands,2021-10-12,Standard,804.11
1063,James Gomez,jeremiah61@example.com,Chile,2021-06-29,Standard,3745.99
1064,Tyler Campbell,gilbertdavid@example.org,Ukraine,2026-08-05,Basic,1254.74
1065,Jeffrey Rogers,erinhernandez@example.net,Poland,2020-04-15,Standard,3682.56
1066,Hannah Garcia,qstanley@example.net,South Georgia and the South Sandwich Islands,2022-01-03,Basic,887.50
1067,Timothy Hernandez,lukemyers@example.net,South Africa,2020-07-04,Basic,869.81
1068,Austin Lane,duane52@example.org,Seychelles,2025-03-24,Basic,104.36
1069,Jeff Steele,oguzman@example.com,Burundi,2022-07-24,Premium,10267.03
1070,Danielle Barnes,fryan@example.net,Mauritania,2025-05-04,Standard,1569.16
1071,Kevin Fisher,jacquelineyoung@example.org,Costa Rica,2025-06-19,Standard,2147.15
1072,Justin Rosario,brownmichael@example.org,French Polynesia,2026-08-13,Basic,1285.38
1073,Kristen Velazquez,osanchez@example.org,San Marino,2023-01-24,Basic,1372.60
1074,Michele Bennett,hortonroger@example.org,Reunion,2020-11-30,Basic,1191.31
1075,Karen Wheeler,anthonydiaz@example.org,Ecuador,2020-09-14,Premium,11638.07
1076,Robin Hernandez,terrytaylor@example.net,Qatar,2020-07-06,Basic,146.79
1077,Nathan Wallace,mitchelleric@example.net,Antigua and Barbuda,2026-04-25,Basic,1439.00
1078,Christopher Sanders,dfrazier@example.net,Rwanda,2024-01-08,Basic,597.85
1079,Kathryn Fletcher,rhuynh@example.org,Mali,2025-07-09,Basic,1124.10
1080,Natalie Morales,robinsonisaiah@example.net,Monaco,2022-07-06,Standard,1015.50
1081,Michael Woods,kwilcox@example.org,Spain,2024-01-10,Basic,1484.68
1082,Derrick Garcia,carrie50@example.org,Finland,2022-06-22,Basic,645.02
1083,Daniel Smith,jacob30@example.org,Ethiopia,2021-01-30,Premium,11794.75
1084,Amanda Downs,uwilliams@example.org,Western Sahara,2020-07-25,Premium,22124.24
1085,Dr. Tina Porter,karen52@example.net,Peru,2022-01-20,Basic,168.05
1086,Patrick Garcia,andrewflynn@example.com,Namibia,2020-08-24,Basic,548.19
1087,Christopher Fleming,mcclurechristopher@example.net,Djibouti,2025-10-13,Basic,1443.63
1088,Martha Mack,victoriamason@example.net,New Caledonia,2025-11-19,Basic,1406.15
1089,Gloria Floyd,kelly96@example.org,Uganda,2024-05-02,Basic,1440.91
1090,Cynthia Shea,rubioashley@example.com,Bhutan,2024-09-28,Basic,688.48
1091,Seth Payne,portershawn@example.org,Vietnam,2025-05-10,Basic,1093.08
1092,Kenneth Gomez,whitekelsey@example.com,Lebanon,2021-12-19,Basic,780.06
1093,Jessica Glass,bonillatracy@example.com,Togo,2026-07-06,Basic,174.74
1094,Manuel Becker,nrichardson@example.com,Holy See (Vatican City State),2021-11-27,Standard,2785.97
1095,Jerry Rich,oliverdawn@example.net,Somalia,2020-07-21,Standard,2117.85
1096,Aimee Farrell,nicholas96@example.org,Czech Republic,2021-08-18,Standard,874.27
1097,Brandon Owens,lrodriguez@example.net,Botswana,2022-08-01,Basic,703.01
1098,Patricia Gonzalez,caleb59@example.com,Croatia,2026-02-08,Basic,360.66
1099,Donald Johnson,stacythomas@example.org,Ghana,2024-09-03,Standard,2909.54
1100,Patricia Brown PhD,nirwin@example.org,Croatia,2023-10-13,Basic,719.52
1101,Melinda Nelson,christopherjones@example.com,Belgium,2025-10-11,Premium,22430.57
1102,Shelby Warren,jack01@example.com,Guam,2021-12-26,Standard,3113.53
1103,Craig Mcmahon,salvarez@example.org,Qatar,2026-05-30,Basic,364.81
1104,Laura Morrow,christiancontreras@example.net,Cameroon,2022-11-27,Basic,1387.47
1105,Dr. Natalie Doyle,alexis72@example.com,Tonga,2022-02-25,Basic,1449.56
1106,Megan Baker,mcneilsherry@example.org,North Macedonia,2022-02-08,Basic,366.68
1107,Anne Robinson,robertpayne@example.org,Netherlands Antilles,2022-12-28,Standard,2001.43
1108,Tristan Bonilla,woodmichael@example.com,Ukraine,2022-07-06,Standard,4828.30
1109,Belinda Porter,wgutierrez@example.com,Switzerland,2022-01-16,Basic,1152.76
1110,Pamela Wilson,stephenbrooks@example.net,Nepal,2023-08-11,Basic,1247.81
1111,Dustin Keller,swalters@example.net,Wallis and Futuna,2021-01-30,Standard,2266.52
1112,Whitney Shaffer,davisallen@example.com,Bosnia and Herzegovina,2026-02-27,Standard,694.32
1113,Tammy Garcia,zgordon@example.org,Papua New Guinea,2023-04-21,Standard,4127.83
1114,Daniel Gibson,ewilson@example.org,Guernsey,2021-12-05,Standard,1762.54
1115,Jennifer Hoover,xsmith@example.org,Madagascar,2026-06-10,Standard,2851.18
1116,Deborah Roberson,anunez@example.com,Antigua and Barbuda,2021-11-20,Premium,18611.67
1117,James Montoya,matthew96@example.org,Moldova,2020-02-07,Basic,762.17
1118,Matthew Poole,oanderson@example.com,Saint Lucia,2026-06-24,Premium,22763.23
1119,Kelly Kim,mckinneydavid@example.org,Norfolk Island,2021-02-26,Basic,440.15
1120,Philip Rangel,stacyharris@example.org,Anguilla,2023-11-03,Premium,8344.41
1121,Leslie Johnson,armstronganthony@example.net,Bulgaria,2022-11-29,Basic,213.01
1122,Paula Lopez,kennethnichols@example.org,Saint Kitts and Nevis,2026-07-18,Basic,881.25
1123,Patricia Hopkins,christopher20@example.net,Mozambique,2025-03-11,Standard,1963.17
1124,Timothy Martinez,justinkline@example.org,Belarus,2025-10-08,Basic,270.79
1125,Ryan Myers,apope@example.org,Libyan Arab Jamahiriya,2023-04-16,Basic,1489.39
1126,Michael Brooks,cynthia72@example.org,French Southern Territories,2026-05-20,Basic,1045.16
1127,Keith Obrien,wilsonmatthew@example.com,Liberia,2020-01-25,Basic,680.09
1128,Abigail Boyd,sara39@example.org,Mauritania,2026-08-15,Basic,216.70
1129,Brittany Camacho,roachanthony@example.org,Cyprus,2020-02-26,Basic,163.42
1130,Beth Hill,stephaniebailey@example.net,Pakistan,2020-07-21,Standard,2275.37
1131,Kathleen Hunt,qnielsen@example.org,Congo,2021-12-16,Basic,1282.80
1132,Diana Long,gabriel37@example.com,Turks and Caicos Islands,2024-07-28,Premium,17238.83
1133,Denise Flores,lawsonruben@example.net,Guinea,2022-12-20,Basic,859.92
1134,Amy Jackson,rubiojohnny@example.com,French Polynesia,2022-06-28,Premium,24258.17
1135,Tiffany Moreno,ljohnson@example.com,Japan,2024-01-08,Basic,824.51
1136,Benjamin Sandoval,dustin51@example.org,Ghana,2025-04-06,Basic,1486.11
1137,Cindy Bradley,rachel81@example.com,Finland,2024-07-31,Premium,16654.12
1138,Ashley Ramirez,berrydebbie@example.net,Saudi Arabia,2024-01-02,Standard,587.61
1139,Christina Williams,rjimenez@example.com,British Indian Ocean Territory (Chagos Archipelago),2022-11-23,Basic,753.75
1140,Gabriel Reyes,mitchelldawn@example.net,Albania,2020-10-28,Standard,3035.20
1141,Ryan Powell,rogersallen@example.com,Bhutan,2026-01-25,Premium,4776.95
1142,Eric Stewart,richard85@example.com,New Zealand,2025-07-10,Standard,3104.73
1143,William Snyder,cameronsharon@example.org,Antarctica (the territory South of 60 deg S),2020-04-24,Premium,4926.15
1144,Brenda Holder,fperez@example.org,Saint Kitts and Nevis,2021-06-28,Basic,269.06
1145,Steven Mayo,greenkristen@example.org,Australia,2026-01-02,Premium,13700.62
1146,Gary Salazar,knelson@example.org,Myanmar,2026-04-21,Standard,3343.19
1147,Scott Mullins,qwalsh@example.org,Mali,2023-01-24,Basic,1349.55
1148,Mary Bray,kendra73@example.org,Estonia,2023-07-06,Basic,1264.17
1149,Heather Houston,donnamoss@example.org,Puerto Rico,2025-02-05,Standard,4466.36
1150,Amy Smith,taylorcruz@example.com,Bosnia and Herzegovina,2020-07-08,Standard,3600.32
1151,Pam Palmer,kathleen47@example.net,Cape Verde,2022-04-07,Premium,5428.01
1152,Carlos Rangel,nhester@example.net,Cook Islands,2025-08-23,Standard,1252.31
1153,Donald Martin,stephanie91@example.org,Kyrgyz Republic,2025-03-11,Basic,546.49
1154,Cynthia Shannon,josephalvarez@example.net,Korea,2025-10-31,Basic,831.38
1155,Joshua Gomez,edwardshaw@example.net,Grenada,2022-05-05,Basic,1213.00
1156,Brent Wong,mlee@example.com,Christmas Island,2020-05-09,Standard,4860.09
1157,Katherine Hamilton,lucassusan@example.org,Brazil,2023-12-15,Basic,277.33
1158,Derek Jones,hillnicole@example.net,Saint Barthelemy,2020-05-09,Standard,3272.35
1159,Daniel Holloway,tyler23@example.com,Northern Mariana Islands,2022-09-10,Premium,5090.75
1160,Morgan Davis,sstevenson@example.org,Chile,2021-12-01,Standard,2086.96
1161,Cody Yoder,suzannewade@example.com,Grenada,2022-02-05,Premium,9364.82
1162,Sierra Jackson,wheelertara@example.net,Afghanistan,2020-02-20,Standard,736.93
1163,Brian Fuentes,mary88@example.org,Saudi Arabia,2023-04-02,Basic,840.83
1164,Eric Fitzgerald,whenry@example.net,Equatorial Guinea,2020-12-22,Basic,1071.27
1165,Jimmy Carey,jennifer89@example.com,Bouvet Island (Bouvetoya),2024-05-31,Premium,20291.17
1166,Margaret Hernandez,qchase@example.org,Guinea-Bissau,2021-10-18,Premium,4936.35
1167,Patrick Mcpherson,jamie13@example.com,Northern Mariana Islands,2023-04-25,Basic,1364.82
1168,Mark Gardner,harcher@example.org,Estonia,2020-09-19,Premium,13117.74
1169,Gary Lawrence,kyle09@example.net,Reunion,2026-01-22,Standard,4196.92
1170,Jessica Gibson,keith07@example.net,Cameroon,2022-04-14,Standard,875.55
1171,Vincent Hanson,kevinroberts@example.com,American Samoa,2023-02-07,Standard,3210.94
1172,Roger Martinez,btorres@example.com,Panama,2023-01-08,Basic,393.29
1173,Chad Koch,stephaniereeves@example.org,Saint Martin,2025-07-20,Basic,90.34
1174,Angela Robinson,pfitzpatrick@example.net,Northern Mariana Islands,2021-04-23,Premium,12755.36
1175,Tanner Orozco,carla29@example.com,Philippines,2022-07-27,Basic,934.01
1176,Brenda Saunders,derek83@example.com,Gambia,2025-10-30,Standard,1648.47
1177,Lori Gardner,bpatton@example.org,Burundi,2020-07-27,Basic,176.55
1178,Kathy Jennings,taylor67@example.com,Isle of Man,2023-07-04,Basic,983.44
1179,Allison Wang,camposchristina@example.com,Solomon Islands,2023-01-26,Basic,102.80
1180,Bethany Daniels,brian62@example.com,Paraguay,2021-08-12,Premium,11286.87
1181,Shelly Stevens,millerjoseph@example.net,Botswana,2020-01-15,Basic,754.41
1182,Dylan Olson,michelle19@example.net,Malawi,2022-03-21,Basic,405.02
1183,Daniel Thomas,rtaylor@example.net,Timor-Leste,2024-12-02,Basic,204.90
1184,Michelle Zuniga,mhanson@example.org,Bangladesh,2021-01-11,Basic,416.14
1185,Barbara Davis,dalejohnson@example.net,Kenya,2020-01-01,Basic,113.20
1186,Elizabeth Webb,loriskinner@example.net,Eritrea,2022-08-07,Standard,782.91
1187,Shannon Williamson,bthomas@example.org,Cambodia,2025-06-20,Standard,2988.04
1188,Carolyn Harmon,thomasroberts@example.net,Bolivia,2025-06-12,Basic,311.68
1189,Michael Myers DDS,marshalllisa@example.org,Antarctica (the territory South of 60 deg S),2026-05-20,Premium,13593.75
1190,James Carpenter,brewerpatricia@example.net,Kenya,2021-11-19,Basic,1361.73
1191,Tonya Mcdonald,khill@example.com,Macao,2020-04-13,Basic,524.39
1192,Hannah Mccarthy,lpalmer@example.net,Canada,2025-09-11,Standard,1027.23
1193,Gina Espinoza,joshuafarmer@example.com,Uzbekistan,2022-05-05,Standard,2855.69
1194,Maria Bennett,lobrien@example.net,Russian Federation,2022-08-15,Standard,1024.02
1195,Kelly Anderson,brianna95@example.net,Niger,2026-03-04,Standard,3538.67
1196,Allen Quinn,colinrodriguez@example.net,Lebanon,2025-07-10,Basic,705.62
1197,Raymond Stark,danielgilmore@example.net,Uganda,2022-02-25,Standard,2751.15
1198,Tammy Brown,danny17@example.com,New Caledonia,2022-07-22,Premium,6534.93
1199,Christopher Rodriguez,ogray@example.net,Moldova,2024-03-14,Standard,1545.56
1200,Jeffrey Mitchell,judyhamilton@example.net,Sudan,2021-04-30,Basic,963.27
1201,Alexander Moyer,harrislisa@example.org,Guyana,2025-04-04,Standard,4504.84
1202,Sharon Peterson,nlee@example.net,Sweden,2025-02-25,Basic,1472.95
1203,Luke Hansen,lauriegonzales@example.net,Honduras,2023-02-25,Basic,92.24
1204,Bethany Holmes,wilsonjerry@example.net,Mauritius,2025-10-25,Basic,939.29
1205,Todd Nielsen,peter51@example.org,France,2022-03-15,Basic,1324.13
1206,Sarah Frederick,reginald08@example.net,Uganda,2020-06-30,Standard,1720.70
1207,Thomas Baker,johnsonrobert@example.org,Grenada,2020-09-26,Basic,150.63
1208,Dan Montoya,sandra03@example.com,Barbados,2025-11-28,Standard,4830.42
1209,Lisa Conley,reedchad@example.com,Netherlands Antilles,2025-05-12,Basic,1332.65
1210,Stacy Mendoza,josephwilliams@example.org,Luxembourg,2024-12-02,Basic,876.33
1211,Jessica Turner,andrewbrown@example.org,Martinique,2023-05-18,Basic,959.55
1212,Michael Smith,xwilliams@example.com,Qatar,2024-01-18,Basic,419.35
1213,Kirsten Wilson,princetoni@example.com,Guinea,2020-10-31,Basic,61.09
1214,Anthony Hall,perezjulie@example.net,Montenegro,2021-04-15,Premium,17217.77
1215,Shelley Wright,jonesdavid@example.org,Finland,2020-04-21,Standard,4362.48
1216,Matthew Sanchez,david67@example.net,British Virgin Islands,2020-04-16,Basic,653.86
1217,Todd Harris,priscilla37@example.net,Gabon,2024-05-15,Basic,906.68
1218,Eileen Valdez,luis88@example.org,Austria,2026-04-07,Basic,1432.71
1219,Trevor Tucker,harrisderrick@example.net,Djibouti,2022-04-22,Basic,689.93
1220,Barbara Hardy,barryyoung@example.com,Pakistan,2022-01-11,Basic,176.53
1221,Alison Huff,joshua64@example.org,Bahamas,2025-01-31,Standard,4106.23
1222,Kathleen Roy,owallace@example.org,Hong Kong,2021-11-09,Standard,1635.85
1223,Anthony Torres,sharon95@example.com,Sudan,2021-03-24,Basic,323.88
1224,Alexander Swanson,yglenn@example.net,Vanuatu,2025-01-05,Standard,3423.57
1225,Brian Hughes,michele87@example.com,Montserrat,2024-11-22,Premium,20847.95
1226,Debbie Horne,preese@example.org,United States of America,2024-10-14,Standard,623.27
1227,Tiffany Miller,kelseyphillips@example.net,Indonesia,2020-02-06,Standard,1456.41
1228,Derrick King,martinezashley@example.com,Taiwan,2020-04-03,Standard,3935.77
1229,Joel Gonzales,wjohnson@example.com,Northern Mariana Islands,2021-10-05,Basic,907.63
1230,Anthony Mcmillan,penny85@example.org,Kazakhstan,2025-08-14,Basic,1264.90
1231,Desiree Booth,jeremythompson@example.net,Palau,2021-03-13,Basic,1203.81
1232,Andrew Cohen,criley@example.net,Saint Barthelemy,2020-04-30,Basic,766.41
1233,Wendy Hester,gregorymeredith@example.com,Mauritius,2021-07-08,Standard,533.03
1234,Hannah Jones,ewilson@example.org,Costa Rica,2024-10-12,Basic,1111.65
1235,Rodney Perry,jliu@example.org,Greece,2022-03-02,Basic,584.70
1236,William Merritt,thomas49@example.org,Central African Republic,2024-01-15,Standard,3146.04
1237,Chris Garza,lynchlindsey@example.net,Saint Barthelemy,2022-06-14,Standard,2996.69
1238,Lauren Cooper,nicholasaguilar@example.net,Saint Kitts and Nevis,2025-03-13,Basic,961.32
1239,Marie Friedman,arianacuevas@example.net,Mexico,2020-12-30,Premium,21682.74
1240,Barbara Johns,lawsondonna@example.net,Kazakhstan,2024-11-19,Standard,2840.91
1241,Kenneth Bartlett,john53@example.com,Germany,2022-02-09,Standard,2092.02
3230,David Oconnor,wcox@example.net,Madagascar,2024-12-23,Basic,60.40
1243,John Hall,ihall@example.net,Ecuador,2020-07-04,Premium,3809.07
1244,Kevin Taylor,laura55@example.org,Belgium,2025-03-02,Standard,3803.13
1245,Brittany Snyder,rachelwalter@example.org,Chad,2022-09-20,Basic,1025.50
1246,Justin Conrad,martinezaustin@example.com,Anguilla,2020-10-20,Standard,2523.93
1247,Brandi Camacho DVM,zgomez@example.net,Moldova,2024-08-04,Standard,2514.38
1248,George Summers,brittany91@example.net,Aruba,2021-08-09,Basic,1027.43
1249,Tiffany Lozano,byang@example.com,Saudi Arabia,2020-06-28,Basic,154.93
1250,Clifford Cannon,hernandezalan@example.net,Heard Island and McDonald Islands,2023-03-05,Standard,3976.73
1251,Frank Thompson,shirley13@example.com,Lithuania,2024-06-26,Standard,4511.18
1252,Stephanie Riley,ymitchell@example.com,Saudi Arabia,2022-04-09,Premium,3398.15
1253,Robert Navarro,russellramirez@example.net,Germany,2021-03-09,Basic,1357.56
1254,Bryan Hill,kwalker@example.com,Wallis and Futuna,2020-08-29,Standard,2958.54
1255,Nicole Middleton DDS,codyarnold@example.net,Saudi Arabia,2026-02-08,Standard,4187.01
1256,Amanda Macdonald,adamwall@example.org,Heard Island and McDonald Islands,2021-02-14,Basic,258.74
1257,Laura Dennis,mariahphillips@example.org,Saint Barthelemy,2021-05-08,Standard,1420.70
1258,Jill Reynolds,christopher24@example.net,Paraguay,2024-09-13,Premium,8834.27
1259,Bob Mcguire,murphywilliam@example.com,Korea,2020-10-10,Premium,20839.52
1260,Paula Mann,patricia06@example.org,Venezuela,2024-03-13,Standard,2049.39
1261,Cheryl Grant,averycourtney@example.org,Burundi,2024-09-10,Standard,4957.41
1262,Connie Gonzalez,lhernandez@example.net,Luxembourg,2023-11-26,Standard,3043.40
1263,Shawn Tapia,aaronjones@example.net,New Zealand,2021-11-17,Standard,2152.82
1264,Jason Baker,pwelch@example.net,Guernsey,2021-05-21,Standard,2476.16
1265,Catherine Evans,nancycontreras@example.com,South Africa,2023-03-23,Standard,1586.04
1266,Kimberly Phillips,danielibarra@example.com,Italy,2024-03-11,Standard,4112.89
1267,Matthew Wilson,qhuber@example.org,Guatemala,2026-06-14,Basic,429.88
1268,Patricia Webb,rburke@example.org,Antarctica (the territory South of 60 deg S),2024-08-21,Basic,317.55
1269,Stacy Patton,hartmarcus@example.net,Ghana,2021-12-08,Basic,722.38
1270,Jessica Green,adamsjessica@example.com,North Macedonia,2022-09-26,Standard,1027.93
1271,Jason Armstrong,amandachan@example.org,Yemen,2025-06-12,Standard,3372.13
1272,Beverly Fernandez,langchristopher@example.net,Grenada,2026-06-11,Basic,490.86
1273,Kristen Pena,michaelgonzalez@example.org,Taiwan,2026-01-26,Basic,586.89
1274,Crystal Solis,martin38@example.net,Egypt,2023-07-26,Basic,211.58
1275,Alejandro Bentley,masonlacey@example.org,Cayman Islands,2026-04-04,Standard,1204.68
1276,Mark Watts,nelsondavid@example.com,Palau,2021-11-19,Standard,4957.45
1277,Sherri Atkins,jonesjennifer@example.net,Israel,2022-09-01,Standard,3269.98
1278,Kimberly Ellison,fitzgeraldlaura@example.org,Switzerland,2020-02-18,Standard,2822.27
1279,Franklin Hunt,turnerstephen@example.org,Estonia,2024-01-12,Basic,445.08
1280,Jamie Jordan,tammyhoffman@example.com,Finland,2026-06-14,Premium,7309.71
1281,Dana Smith,xluna@example.net,Rwanda,2026-01-15,Basic,449.82
1282,William Sanders,sergiowoods@example.org,Norway,2020-09-20,Basic,586.54
1283,Mark Miller,jaredmcmahon@example.net,Egypt,2022-01-25,Standard,4235.80
1284,Ryan Mills,briansnyder@example.com,Georgia,2020-07-22,Basic,1324.02
1285,Amanda Barker,rsavage@example.net,Cote d'Ivoire,2024-12-05,Basic,1452.62
1286,Kimberly Edwards,marcfletcher@example.net,Moldova,2025-01-09,Basic,1428.61
1287,Angela Garcia DDS,amartinez@example.org,Mali,2025-09-18,Basic,601.90
1288,Jeffrey Stanton,,Spain,2024-12-23,Basic,159.61
1289,Shane Barnes,phillipsryan@example.com,Saint Helena,2023-06-29,Standard,2791.75
1290,Kelly Gilbert,anne22@example.com,Mali,2026-02-19,Basic,1323.23
1291,Tiffany Watson,thomas35@example.net,Saint Helena,2024-07-23,Basic,446.48
1292,Carly Espinoza,asmith@example.org,Canada,2026-08-18,Standard,2597.09
1293,Abigail Miles MD,medinamark@example.org,Nigeria,2023-02-17,Basic,86.11
1294,Gregory Hansen,michaelsmith@example.org,Falkland Islands (Malvinas),2023-02-13,Standard,3173.32
1295,Jessica Daniel,claudia64@example.net,Mauritius,2021-11-21,Basic,1019.21
1296,Kevin Garcia,joshuabaker@example.org,Brunei Darussalam,2024-04-08,Basic,953.48
1297,Pamela Rivera,tammy97@example.org,Chile,2025-04-21,Basic,923.52
1298,Daniel Noble,douglasalvarez@example.org,Gibraltar,2020-01-07,Basic,139.33
1299,Breanna Aguirre,uortega@example.com,Macao,2020-07-08,Premium,14571.69
1300,James Schroeder,hkelly@example.com,Marshall Islands,2025-01-21,Basic,1275.39
1301,Cindy Martin,jennifer68@example.com,Liechtenstein,2020-07-09,Standard,2935.85
1302,Bryan Yoder,gregory57@example.net,Guatemala,2024-08-16,Basic,1399.52
1303,Justin Cuevas,patrickwhite@example.net,Algeria,2024-11-05,Standard,4329.05
1304,Cory Willis,clinton54@example.net,Uruguay,2021-04-21,Basic,196.71
1305,Matthew May,swilliams@example.net,El Salvador,2020-02-01,Standard,815.49
1306,Kenneth Johnson,oosborn@example.com,Liechtenstein,2021-10-28,Premium,23335.39
1307,Maria Gardner,johnsonanthony@example.net,Cape Verde,2021-02-26,Basic,766.12
1308,Samuel Miller,browndana@example.org,Germany,2024-09-11,Basic,1396.60
1309,Victoria Lee,cookemily@example.com,Ukraine,2020-08-24,Basic,774.93
1310,Laurie Blackburn,shepardrichard@example.net,Paraguay,2024-09-20,Standard,1595.27
1311,Philip Hernandez,christopher70@example.com,New Caledonia,2020-05-29,Standard,3368.91
1312,Carrie Francis,collinsann@example.org,Guam,2021-04-27,Standard,1252.95
1313,Angelica Conrad,wilsonchristopher@example.net,Benin,2023-02-07,Basic,397.37
1314,Tracy Wang,robinsonnicholas@example.org,Turkey,2021-03-27,Premium,7228.50
1315,Ryan May,julierojas@example.com,Austria,2024-10-26,Premium,7335.28
1316,Douglas Cunningham,mperez@example.com,Turks and Caicos Islands,2022-07-11,Basic,1367.73
1317,Deanna Gonzales,burnsbeth@example.com,Sierra Leone,2021-04-29,Premium,3655.64
1318,Mark Decker,herringbrenda@example.org,Mauritania,2024-04-09,Standard,2528.04
1319,Jessica Brewer DDS,jared88@example.net,South Africa,2023-10-14,Standard,1193.56
1320,Christine Robinson,anthony18@example.net,Norfolk Island,2021-10-15,Basic,735.90
1321,Kevin Watson,cbarrett@example.com,Reunion,2021-03-29,Basic,1015.29
1322,Steven Moore,pcook@example.org,Colombia,2020-09-11,Basic,690.28
1323,John Lopez,gonzaleschristina@example.net,Morocco,2026-01-28,Premium,3791.65
1324,Kara Sanchez,carolyn76@example.com,Armenia,2024-08-15,Standard,617.30
1325,Pamela Santana,fisherkim@example.net,Iran,2026-06-17,Basic,1071.13
1326,Christopher Turner,stephaniebradley@example.org,Bulgaria,2023-12-12,Basic,384.67
1327,Amy Davis,laurieellis@example.org,Kuwait,2024-05-31,Standard,1922.65
1328,Stephen Turner,lopezmichaela@example.com,Bermuda,2020-01-03,Standard,1421.01
1329,Justin Rowe,woodsmelvin@example.com,Mexico,2024-10-26,Basic,362.44
1330,Susan Barnett,wmccarthy@example.org,Iceland,2024-07-27,Premium,8095.97
1331,Brandi Mejia,lori69@example.com,Martinique,2020-11-08,Basic,331.48
1332,Patrick Willis II,katrinawood@example.com,Macao,2020-06-23,Basic,676.38
1333,Nicole Melendez,devinlopez@example.org,Gabon,2025-06-24,Standard,4413.72
1334,Matthew Simmons,larry70@example.com,Zimbabwe,2022-11-24,Premium,2740.50
1335,Michael Flowers,wdrake@example.net,Saint Martin,2022-10-22,Premium,18173.60
1336,Regina Smith,david86@example.net,Korea,2020-09-03,Basic,454.65
1337,Meagan Henderson,turnerjonathan@example.net,Brazil,2020-01-29,Standard,3276.96
1338,Joanna Watson,ijoseph@example.com,Bouvet Island (Bouvetoya),2024-01-07,Standard,1678.77
1339,Ms. Janet Leonard,adamvaughan@example.net,Nauru,2025-03-24,Standard,2971.14
1340,Lisa Brennan,swilliams@example.org,British Virgin Islands,2021-09-18,Basic,1333.84
1341,Anthony Greene,johnny54@example.org,Mauritius,2025-10-10,Standard,2640.59
1342,Jason Griffin,cynthia91@example.com,Saint Martin,2021-10-11,Premium,12091.28
1343,Danielle Miller,martinezduane@example.com,Jersey,2020-03-30,Basic,1107.84
1344,Jimmy Williamson,uwilliams@example.com,Argentina,2025-12-10,Premium,22162.19
1345,Margaret Macias,uhunt@example.org,Guadeloupe,2020-12-22,Basic,1038.26
1346,Jenny Johnson,jennifer16@example.org,South Africa,2026-03-04,Standard,2334.62
1347,Eric Palmer,heatherwilliams@example.net,Lebanon,2021-04-10,Standard,4338.66
1348,Denise Barker,joshuapowers@example.net,Iran,2021-06-07,Standard,3353.74
1349,Denise Russell,caseydiane@example.com,Ethiopia,2026-01-20,Premium,16720.16
1350,Madison Davis,andrewnguyen@example.org,New Zealand,2023-01-29,Standard,3934.12
1351,Samantha Matthews,amber78@example.org,Guam,2021-11-30,Basic,1061.16
1352,Jeremy Murray,sclark@example.org,Peru,2022-04-07,Premium,5727.65
1353,Matthew Duncan,welchanna@example.com,Belize,2022-08-06,Standard,2728.66
1354,Mrs. Dorothy Stewart,njohnson@example.net,Chad,2021-05-19,Basic,1390.28
1355,Jennifer Hubbard,angela73@example.com,Uruguay,2024-02-26,Basic,748.28
1356,Travis Martinez,hrobinson@example.net,French Guiana,2023-07-30,Standard,1038.75
1357,Richard Navarro,wpierce@example.org,Italy,2021-03-10,Basic,679.01
1358,Randy Mccoy,wayne86@example.org,Togo,2025-12-29,Basic,231.98
1359,Donna Middleton,sandrathompson@example.com,Afghanistan,2022-09-09,Basic,1205.12
1360,John Jackson,reyesdenise@example.com,Isle of Man,2023-07-18,Basic,1126.78
1361,Danny Lynch,greenejessica@example.org,Greece,2021-04-04,Basic,682.15
1362,Mario Cohen,andrew96@example.net,Malawi,2024-01-22,Standard,1365.40
1363,Candice Wood,gregorygiles@example.org,Gibraltar,2025-09-30,Standard,3442.45
1364,Andre Lane,msanchez@example.com,Dominican Republic,2020-11-18,Basic,1461.34
1365,Kathryn Rodriguez,monica23@example.com,Saint Helena,2025-04-20,Standard,723.45
1366,Andrew Rhodes,eatkins@example.com,Eritrea,2026-05-28,Standard,2940.03
1367,Michelle Lawson,gonzalesmaria@example.org,French Guiana,2025-11-17,Premium,19529.79
1368,Molly Williams,gmoran@example.net,Pakistan,2025-05-27,Standard,2547.06
1369,Ashley Boone,bowenmichael@example.net,Guadeloupe,2022-12-05,Standard,4070.87
1370,John Baker,dawn17@example.net,Liechtenstein,2020-12-11,Basic,307.97
1371,Grace Norris,kristin49@example.com,Nepal,2025-01-03,Basic,205.33
1372,Joseph Johnson,anna44@example.net,Cayman Islands,2020-03-27,Basic,157.63
1373,Micheal Nunez,julianeal@example.org,New Caledonia,2023-10-11,Standard,3013.46
1374,Mark Johnson,brandyhernandez@example.org,Eritrea,2021-12-11,Basic,701.19
1375,Sheila Black,kmontgomery@example.com,Norway,2022-06-04,Standard,4485.47
1376,Emily Brooks,hwong@example.com,China,2021-01-13,Standard,2318.51
1377,Michael Brown,kylewalker@example.com,New Caledonia,2023-03-22,Basic,1479.43
1378,Marie Kelly,ohudson@example.org,Tajikistan,2025-03-06,Premium,24708.93
1379,Rachel Villanueva,michaeljohnson@example.net,Bolivia,2024-12-19,Standard,1972.86
1380,Denise Nixon,wallerbrian@example.net,Mali,2026-05-03,Standard,4559.80
1381,Patrick Norris,jeremylove@example.org,Armenia,2021-08-25,Basic,407.62
1382,Donald Paul,escobardavid@example.com,Bahamas,2026-07-08,Standard,3455.60
1383,Philip Woods,herrerakimberly@example.com,Somalia,2021-05-19,Basic,1022.77
1384,Bruce Miller,corylawrence@example.net,Libyan Arab Jamahiriya,2024-03-21,Basic,247.10
1385,Jeffrey Stein,mwaters@example.net,Sri Lanka,2021-12-30,Standard,961.84
1386,Wendy King,fguzman@example.net,Christmas Island,2024-03-23,Standard,4412.86
1387,Mr. Matthew Baker,matthewbyrd@example.net,Georgia,2022-03-09,Standard,4854.72
1388,Peter White,floresterri@example.com,Lithuania,2024-03-01,Premium,20618.25
1389,Jeffrey Torres,rpeterson@example.net,Swaziland,2021-01-31,Basic,505.36
1390,Pamela Lewis,luke87@example.org,Poland,2021-03-20,Basic,863.05
1391,Laura Moore,jamesfoster@example.org,Timor-Leste,2021-12-30,Basic,904.38
1392,Erika Black,yvaldez@example.com,Slovakia (Slovak Republic),2021-01-18,Standard,3145.05
1393,Dennis Michael,nathan45@example.net,Guinea,2024-11-01,Basic,1232.15
1394,Eric Elliott,zsmith@example.org,Ireland,2025-07-08,Standard,979.20
1395,Vanessa Wang,cardenasjames@example.net,Saint Barthelemy,2022-05-09,Basic,632.78
1396,Allison Simmons,jnguyen@example.net,Cook Islands,2021-09-14,Standard,2242.59
1397,Jessica Hill,sanchezmark@example.com,Western Sahara,2025-04-22,Basic,1157.61
1398,Wesley Williams,twatts@example.com,Egypt,2024-10-19,Standard,2417.15
1399,Jaime Garcia,joshua57@example.com,Bouvet Island (Bouvetoya),2021-11-12,Basic,863.30
1400,Angela Rowland,jholloway@example.net,French Southern Territories,2023-02-21,Basic,1106.18
1401,Jessica Murphy,angela40@example.org,Sierra Leone,2023-10-27,Basic,784.89
1402,Melissa Stevenson,rebecca73@example.org,Gibraltar,2025-02-14,Basic,128.56
1403,Gary Byrd,jonathan02@example.org,Norway,2023-02-12,Premium,9682.07
1404,John Williams,durhamwilliam@example.org,Mongolia,2022-09-25,Basic,1129.54
1405,Jonathan Yates,vcampbell@example.net,Bangladesh,2022-11-28,Premium,7028.57
1406,Valerie Norman,laurenmathis@example.org,Montserrat,2024-11-20,Basic,1264.94
1407,Wendy Walton,dmeyers@example.com,Tuvalu,2026-02-20,Basic,1038.57
1408,Marie Jones,shawn60@example.com,Morocco,2025-11-10,Standard,4713.91
1409,Jean Smith,ronald43@example.net,Peru,2021-12-15,Standard,3392.80
1410,Martha Gonzalez,patricia92@example.org,Sierra Leone,2025-02-09,Basic,1068.94
1411,Brian Ferguson,chanamber@example.org,Greece,2020-12-26,Basic,1432.02
1412,Mary Harris,rogernelson@example.org,Sierra Leone,2025-10-17,Standard,1845.62
1413,Steven Gonzales,vjohnson@example.net,Cote d'Ivoire,2022-05-13,Basic,581.37
1414,James Harris,hlawrence@example.org,China,2022-07-13,Premium,16889.68
1415,Kelli Martin,davidburns@example.net,Guinea-Bissau,2023-05-16,Standard,951.05
1416,Connor Galloway,timothy81@example.com,Andorra,2024-12-27,Basic,1116.78
1417,Jennifer Mathews,michael41@example.com,Yemen,2020-01-18,Standard,4281.69
1418,Zachary Miller,bliu@example.com,Saint Lucia,2025-08-23,Premium,5636.64
1419,Charles Wright,andersoneric@example.net,Latvia,2024-04-22,Standard,4478.35
1420,Robert Cline,nathan62@example.com,China,2025-01-27,Basic,714.37
1421,Brittany Pacheco,michaelbuckley@example.org,Antarctica (the territory South of 60 deg S),2021-02-28,Basic,1403.72
1422,Mario Stout,christy00@example.com,Antarctica (the territory South of 60 deg S),2023-04-24,Basic,615.55
1423,Shane Mcintyre,ryankathryn@example.net,Malta,2025-11-30,Basic,1037.71
1424,Gregory Walker,hmcneil@example.com,Kyrgyz Republic,2021-02-16,Standard,1870.78
1425,Kimberly Taylor,collinsterrance@example.com,Brunei Darussalam,2026-07-18,Premium,8457.54
1426,Tina Barnett,woodskaitlyn@example.net,Congo,2022-02-23,Standard,4931.02
1427,Renee Thomas,pauljennifer@example.com,Tuvalu,2020-11-01,Basic,1336.25
1428,David Blair,mark79@example.net,Maldives,2024-02-04,Standard,1959.37
1429,Olivia Anderson,jbrooks@example.net,Saint Pierre and Miquelon,2023-11-04,Basic,1052.31
1430,Taylor Cruz,bauertiffany@example.org,Cambodia,2026-03-22,Basic,624.64
1431,Cynthia Sanders,armstrongtimothy@example.com,Comoros,2024-03-22,Standard,1918.40
1432,Laura Hayes,shawnbaker@example.com,British Indian Ocean Territory (Chagos Archipelago),2024-03-08,Basic,1217.61
1433,Kayla Rogers,jonathanroman@example.com,Sierra Leone,2024-12-15,Standard,3410.92
1434,Mary Peterson,bryan56@example.net,Anguilla,2023-08-27,Premium,21433.64
1435,Darren Ellis,martinezjennifer@example.org,Tunisia,2026-06-03,Basic,89.58
1436,Juan Ayers,raymondpugh@example.net,Congo,2022-04-25,Standard,1177.89
1437,Patty Gonzalez,alicia29@example.net,Malta,2020-12-10,Standard,4044.65
1438,Kimberly Steele,nicholasgarcia@example.org,North Macedonia,2020-04-24,Standard,1965.05
1439,Sarah Potter,amberfriedman@example.com,Togo,2024-03-22,Standard,695.82
1440,Wayne Morales,asantana@example.com,Lao People's Democratic Republic,2021-05-06,Basic,597.59
1441,Elizabeth Jones,jason99@example.org,Bahamas,2022-02-21,Standard,3571.44
1442,John Martin,petermoore@example.com,India,2025-01-09,Standard,2848.22
1443,Gregory Perez,donald61@example.net,Saint Vincent and the Grenadines,2023-12-08,Premium,21364.68
1444,Christine Thomas,kathleen01@example.net,Georgia,2023-11-25,Basic,208.10
1445,Linda Hall,hevans@example.net,Samoa,2023-06-28,Basic,744.33
1446,Spencer Webster,nancy06@example.com,Bouvet Island (Bouvetoya),2024-01-22,Basic,736.35
1447,Christopher Mckinney,oblake@example.net,Bosnia and Herzegovina,2024-03-03,Basic,1026.23
1448,Tina Grimes,mollyortega@example.net,Jersey,2020-08-03,Basic,1456.59
1449,Sharon Ramirez,rebecca85@example.com,Papua New Guinea,2022-10-22,Standard,1581.87
1450,Mrs. Ashley Shaffer,brendawalker@example.com,Papua New Guinea,2025-07-26,Basic,1056.83
1451,Samantha Freeman DDS,qobrien@example.com,Armenia,2021-10-08,Basic,97.26
1452,Rebecca Finley,wilsonkathryn@example.com,Mozambique,2024-01-02,Standard,1126.97
1453,Jennifer Long,reedkristin@example.com,Montserrat,2024-06-23,Standard,3629.53
1454,James Trujillo,bcaldwell@example.org,Montenegro,2025-09-29,Premium,20256.90
1455,Erin Carter,upham@example.com,Thailand,2021-03-15,Premium,16381.53
1456,Michael Gomez,joshuabowers@example.com,Kuwait,2025-12-05,Basic,292.21
1457,Patricia Martin,joy52@example.com,Togo,2024-08-26,Basic,841.70
1458,Joshua Trujillo,leslietorres@example.net,Bermuda,2020-08-04,Premium,5571.88
1459,Jonathan Lopez,tharris@example.com,Guernsey,2024-04-03,Basic,1471.18
1460,Isaiah Moore,marcusrodriguez@example.net,Georgia,2022-03-30,Basic,562.65
1461,Kristina Sherman,raymonddominguez@example.org,Bermuda,2026-01-18,Basic,995.14
1462,Sherri Sullivan,dustin58@example.com,Indonesia,2020-08-08,Basic,88.52
1463,Ryan Doyle,christina15@example.org,Kenya,2020-11-19,Standard,2608.44
1464,Christopher Haney,simpsonmartha@example.org,Ecuador,2025-07-01,Premium,14183.60
1465,Robert Thomas,john09@example.com,Taiwan,2025-10-28,Premium,15161.54
1466,Yvette Lee,melaniecarpenter@example.net,Morocco,2022-12-03,Basic,106.81
1467,Nicole Mann,linda46@example.com,Haiti,2025-11-30,Premium,8605.79
1468,Erica Kelly,marccarey@example.net,Egypt,2025-12-28,Standard,794.08
1469,Anne Lowery,gnichols@example.net,Denmark,2025-04-17,Basic,1311.51
1470,Maria Spencer,stevenandrews@example.org,Kuwait,2024-10-16,Basic,81.79
1471,Jeffrey Benton Jr.,dhansen@example.com,Lesotho,2024-02-13,Standard,1956.93
1472,Michael Jones,ashley09@example.com,Jersey,2025-10-10,Basic,841.96
1473,Victoria Lewis,scollins@example.net,Gabon,2024-09-07,Basic,1185.95
1474,Sherri Shah,katiebaird@example.net,Germany,2022-03-14,Standard,3911.43
1475,Amy Webster,hamptonchad@example.org,Marshall Islands,2025-09-28,Standard,4757.41
1476,Cory Petty,maryjohnson@example.com,Saint Lucia,2022-10-02,Basic,433.98
1477,Tracy Berry,yballard@example.net,Lebanon,2020-10-17,Standard,841.88
1478,Brendan Kelly,fkoch@example.org,Colombia,2020-12-02,Basic,1259.72
1479,Gregory Holland,morgankaren@example.net,Equatorial Guinea,2021-09-25,Standard,4564.97
1480,Vicki Brown,cody08@example.org,Albania,2020-02-19,Basic,872.30
1481,Robert Carroll,michele23@example.net,Niger,2022-03-05,Basic,357.17
1482,Vanessa Davis,carolberry@example.com,Romania,2023-04-26,Basic,1456.07
1483,Katie Olsen,cjohnson@example.net,Tuvalu,2025-08-18,Standard,4285.48
1484,Renee Collins,daniel29@example.net,Chad,2026-05-17,Basic,1339.80
1485,Mr. Zachary Mora DVM,hbowers@example.net,Micronesia,2025-12-28,Basic,1480.05
1486,Charles Horne,zlopez@example.org,Guinea-Bissau,2020-06-08,Standard,3017.68
1487,Mrs. Sarah Keller,abbottchristopher@example.net,Gibraltar,2020-05-22,Basic,1410.72
1488,Michaela Boyd,justintaylor@example.org,French Guiana,2026-01-25,Standard,2910.21
1489,Jeffrey Miller,henrymarc@example.com,New Zealand,2026-04-14,Basic,992.84
1490,Dr. Dustin Sutton Jr.,lopezchristopher@example.net,San Marino,2022-08-03,Basic,976.24
1491,Margaret Stevenson,williamskevin@example.org,Guinea,2025-12-28,Basic,907.52
1492,Roger Russo,williammaldonado@example.org,United States Minor Outlying Islands,2026-06-01,Standard,3159.52
1493,Cody Walker,charles37@example.org,Montserrat,2021-06-05,Standard,2512.77
1494,Thomas Harris,glassadam@example.org,Palestinian Territory,2024-04-05,Basic,763.24
1495,Victoria Benitez,nathanmonroe@example.org,Cape Verde,2025-05-31,Premium,13879.88
1496,Michael Macias,tbecker@example.net,Georgia,2020-12-10,Standard,3816.10
1497,Nancy Nelson,perryrobert@example.com,Tajikistan,2021-05-13,Standard,4067.53
1498,Katherine Greene,xwilliams@example.com,Brunei Darussalam,2025-12-30,Standard,1809.70
1499,Mark Wilson,ijones@example.com,Chad,2024-05-30,Standard,1840.45
1500,Michael Arias,smitchell@example.com,Togo,2026-04-12,Standard,1808.25
1501,Bryan Carson,stephaniepeters@example.com,Cook Islands,2023-10-17,Standard,4517.91
1502,Julie Rodriguez MD,wlopez@example.net,Sri Lanka,2020-11-05,Basic,968.07
1503,Jacob Rodgers,charper@example.net,Vietnam,2020-06-12,Basic,1219.09
1504,Patricia Hardy,carrollstacy@example.com,Tokelau,2023-05-09,Premium,5905.85
1505,Hayley Gonzalez,myerseric@example.com,Madagascar,2026-04-29,Premium,20089.41
1506,Cory Barrett,cjohnson@example.org,Tajikistan,2020-06-03,Basic,274.99
1507,Kristin Thomas,brian16@example.net,Martinique,2021-08-20,Basic,1275.44
1508,Misty Morris,thomasdale@example.org,Albania,2020-02-12,Basic,1274.81
1509,Robin Mack,vincentkathleen@example.org,Mongolia,2022-07-15,Premium,18002.04
1510,Roger Alvarez,ncampbell@example.com,Korea,2023-08-19,Standard,1077.84
1511,John Wright,jmendoza@example.com,Mauritania,2026-01-21,Standard,4555.14
1512,Dustin Simon,kkidd@example.com,Saint Vincent and the Grenadines,2025-11-07,Basic,568.11
1513,Brianna Stevens,vanessamartinez@example.net,Guinea,2020-02-20,Standard,1316.15
1514,Stephen Murray,ywallace@example.com,Haiti,2021-05-20,Basic,503.45
1515,Brandi Moreno,jaylee@example.org,Yemen,2022-04-01,Standard,1503.81
1516,Lisa Mccullough,tbrooks@example.org,India,2025-10-24,Standard,4027.99
1517,Matthew Evans,nwilliams@example.com,Micronesia,2020-12-09,Standard,1128.54
1518,Teresa Reynolds,njohnson@example.com,Montenegro,2025-12-03,Standard,4424.59
1519,Paul Elliott,danielleandrews@example.org,Canada,2024-06-09,Premium,13493.20
1520,Sean Anderson,wstewart@example.net,Marshall Islands,2022-09-26,Standard,3964.98
1521,Megan Buchanan,smithsamantha@example.org,Greenland,2024-11-22,Premium,9232.56
1522,Steven Harris,susanparker@example.org,Guyana,2025-09-03,Basic,1116.84
1523,Tanner Griffin,jane44@example.org,Spain,2024-02-24,Basic,433.17
1524,Brittany Perry,jmoore@example.net,Latvia,2023-09-27,Basic,253.02
1525,Ryan Wright,beckdwayne@example.com,Bhutan,2024-08-28,Basic,1126.10
1526,James Gray,katiewillis@example.com,Venezuela,2025-01-11,Standard,3021.41
1527,Jillian Smith,kpotts@example.com,Turks and Caicos Islands,2022-12-07,Premium,3810.77
1528,Jacob Thompson,erica21@example.net,Congo,2022-04-05,Standard,2298.44
1529,Michael Rush,gomeztonya@example.com,Andorra,2026-05-26,Premium,7266.75
1530,Wendy Diaz,james48@example.org,Liechtenstein,2024-02-20,Standard,3514.15
1531,Matthew Graves,shane65@example.org,Faroe Islands,2022-02-13,Standard,2807.36
1532,Judith Miller,andersontiffany@example.net,Algeria,2024-12-28,Basic,1099.91
1533,James Conway,sprice@example.net,Faroe Islands,2024-11-20,Basic,1227.51
1534,Robert Nash,vrussell@example.org,Western Sahara,2024-08-21,Standard,1934.72
1535,Corey Campbell,gentrysamantha@example.org,Sri Lanka,2022-04-21,Standard,908.72
1536,Jordan Wilson,lindarodriguez@example.org,Christmas Island,2024-06-07,Basic,1362.64
1537,Robert Maxwell,smithalexander@example.com,Trinidad and Tobago,2022-06-26,Premium,21622.38
1538,Kevin Sheppard,vwelch@example.net,Botswana,2026-01-18,Basic,899.99
1539,Charles Hardin,lopezjennifer@example.org,Afghanistan,2024-01-29,Standard,2566.03
1540,Christine Love,hflores@example.org,Lebanon,2022-11-18,Premium,21469.92
1541,Kathleen Mccarthy,rroberts@example.net,Tonga,2025-06-10,Standard,3771.17
1542,Jordan Miller,josehumphrey@example.net,Comoros,2025-09-23,Premium,16483.45
1543,Angela Lopez,katelyn32@example.com,North Macedonia,2024-08-28,Standard,1486.90
1544,Jason Davidson,ronaldsummers@example.net,Dominican Republic,2025-07-25,Basic,530.34
1545,Tracy King,calvinbrown@example.com,United Kingdom,2023-07-13,Standard,1378.24
1546,Sabrina Miller,vsmith@example.net,Benin,2024-11-16,Standard,1873.95
1547,Suzanne Wolfe,carrolljessica@example.com,Korea,2022-02-13,Premium,24664.03
1548,Jacqueline Evans,,Denmark,2022-05-20,Basic,793.44
1549,Harry Marshall,ynguyen@example.com,Kyrgyz Republic,2023-11-28,Basic,1047.11
1550,Christian Rojas,bbarnes@example.org,Solomon Islands,2025-10-12,Standard,1330.85
1551,Lynn Ross MD,edwardshah@example.org,Bhutan,2022-02-08,Basic,615.22
1552,Devin Gonzalez,tmyers@example.net,Fiji,2020-02-09,Basic,1449.83
1553,Dr. Jeffrey Valentine,tonywade@example.com,Botswana,2021-07-07,Standard,2752.35
1554,John Roberts,aprilsnyder@example.org,Israel,2020-06-11,Standard,3786.36
1555,Lynn Morgan,gabriella69@example.org,Netherlands Antilles,2023-04-07,Basic,899.77
1556,Nathaniel Roman,mikewaller@example.org,Andorra,2020-11-10,Basic,121.59
1557,Daniel Nguyen,reneeorr@example.net,United States Virgin Islands,2022-12-22,Basic,1081.49
1558,Douglas Peterson,holly25@example.net,Montserrat,2026-01-01,Basic,714.93
1559,Kevin Young,tracyharrison@example.org,Germany,2026-06-18,Premium,13418.77
1560,Paul Hanson,morenosteven@example.net,Ethiopia,2023-05-27,Standard,4761.55
1561,Corey Carrillo,michaelstrickland@example.com,Egypt,2020-06-11,Standard,3351.92
1562,Henry Oliver,kristenfrye@example.com,Germany,2021-06-26,Basic,930.30
1563,Samantha Brewer,phillipsbruce@example.org,Malta,2024-01-10,Basic,136.47
1564,Richard Henderson,evansjames@example.com,Anguilla,2025-04-26,Basic,1054.03
1565,Jennifer Richardson,seanreyes@example.org,Nepal,2020-03-11,Basic,1289.40
1566,Timothy Bryant,jasminechavez@example.org,Namibia,2022-12-15,Standard,2065.40
1567,Becky Parrish,uwood@example.net,Honduras,2020-11-08,Basic,1147.20
1568,Maria Foster,christie04@example.com,Mongolia,2023-08-30,Basic,1271.61
1569,Jorge Sharp,tylermcintosh@example.org,Canada,2025-01-13,Standard,3679.30
1570,Miguel Davis,teresa51@example.com,Guam,2020-09-05,Basic,1373.14
1571,Joshua Warren DDS,jneal@example.org,Suriname,2024-12-30,Premium,15269.08
1572,Phillip Melton,johnnewman@example.net,Anguilla,2021-05-18,Basic,1366.18
1573,Courtney Williams,katherinedodson@example.org,Macao,2020-05-07,Basic,937.33
1574,Mark Foster,travis68@example.org,Armenia,2022-02-15,Basic,636.07
1575,Dave Henry,jacqueline95@example.net,United Arab Emirates,2021-05-01,Basic,139.37
1576,Christian Smith,joseph58@example.com,Cayman Islands,2025-07-08,Premium,6181.25
1577,Dawn Gonzalez,philip47@example.org,Kiribati,2025-07-22,Basic,627.24
1578,Kayla Sullivan,danielhughes@example.org,Samoa,2024-01-06,Basic,910.52
1579,Peter Fitzgerald,marissa39@example.com,Guyana,2026-03-18,Standard,3146.74
1580,Crystal Zamora,jay04@example.org,Cuba,2023-02-01,Standard,2405.89
1581,Christine Arroyo,dcortez@example.com,Netherlands,2025-07-09,Basic,932.13
1582,Karen Carlson,chrisrodriguez@example.org,Timor-Leste,2025-01-06,Standard,901.90
1583,Adam Hill,turnerpatrick@example.net,Cayman Islands,2020-03-16,Standard,4501.24
1584,Matthew Maddox,charles60@example.com,Sierra Leone,2020-08-24,Basic,622.34
1585,Charles Bryant,davidfields@example.net,Somalia,2020-03-26,Basic,967.66
1586,Karen Smith,hardyspencer@example.net,Puerto Rico,2020-03-14,Basic,1475.67
1587,Michael Castillo,jasonsanders@example.com,Antarctica (the territory South of 60 deg S),2023-09-17,Standard,4832.33
1588,John Thompson,raybradley@example.org,Sierra Leone,2020-03-31,Basic,1308.91
1589,Michelle Harris,andrew43@example.org,Portugal,2025-10-31,Standard,4520.43
1590,Matthew Russo,shansen@example.com,Somalia,2022-12-25,Basic,839.45
1591,Amber Cox,stephen78@example.org,Holy See (Vatican City State),2021-07-16,Standard,1678.80
1592,Juan Thomas,richard96@example.com,Lao People's Democratic Republic,2024-05-20,Basic,54.11
1593,Brittany Chambers,alowe@example.com,Jersey,2026-07-18,Standard,1071.37
1594,Chad Middleton,ihayes@example.net,Chad,2020-07-29,Basic,521.45
1595,Thomas Mcgrath,carolfernandez@example.net,Cayman Islands,2025-12-02,Standard,4493.16
1596,Vanessa Sparks,amiller@example.org,Macao,2025-08-31,Standard,4240.80
1597,Laura Scott,jodisutton@example.com,Liechtenstein,2023-08-15,Basic,917.65
1598,Rebecca Kelley,zmills@example.org,Morocco,2020-10-11,Premium,6274.28
1599,Paul Rodriguez,smoore@example.org,Saint Barthelemy,2022-05-03,Basic,635.27
1600,Kathy Rodriguez,ruthneal@example.com,Dominican Republic,2020-01-02,Basic,817.02
1601,Daniel Little,andrewjohnson@example.org,Cote d'Ivoire,2025-01-11,Premium,17394.24
1602,Andrea King,hendersonmichael@example.com,Algeria,2021-03-27,Premium,14643.68
1603,James Clark,eharvey@example.net,Nicaragua,2024-08-23,Basic,824.75
1604,Vanessa Porter,,Sierra Leone,2023-12-13,Standard,1426.66
1605,Lisa Bell,yvang@example.org,Libyan Arab Jamahiriya,2020-08-26,Basic,1052.65
1606,David Davis,jenniferbaldwin@example.org,Korea,2025-01-19,Basic,286.62
1607,Larry Harrison,kyle73@example.net,Isle of Man,2022-07-12,Basic,685.44
1608,Linda Leonard,wallssean@example.net,Cocos (Keeling) Islands,2020-08-18,Basic,1126.38
1609,Jasmine Buckley,kingdavid@example.net,Liechtenstein,2023-01-30,Basic,552.85
1610,Scott Williams,ronald21@example.org,Liberia,2021-02-26,Premium,21345.29
1611,Reginald Roman,kelseywilliams@example.org,Czech Republic,2023-03-28,Standard,3407.53
1612,Sarah Perez,hstokes@example.org,Chad,2022-04-06,Standard,2270.77
1613,Theresa Hart,ycrawford@example.net,Jersey,2020-12-04,Standard,4336.34
1614,Melissa Reid,barnesarthur@example.com,Moldova,2020-02-19,Premium,22925.47
1615,Brandon Rich,thomas83@example.org,British Indian Ocean Territory (Chagos Archipelago),2024-09-02,Premium,18037.60
1616,Cody Gonzalez,angela71@example.net,Colombia,2020-02-28,Basic,86.78
1617,Andrew Harris,dean60@example.com,Bahamas,2023-11-16,Basic,445.66
1618,Joseph Adams,turnerlisa@example.com,Uruguay,2023-05-25,Premium,12254.25
1619,Mr. Matthew Mendoza,coryhughes@example.net,Niue,2021-08-15,Basic,63.12
1620,Brianna Martinez,michellejones@example.net,Barbados,2023-08-09,Basic,127.11
1621,Paul Franco,sharon46@example.org,Sao Tome and Principe,2023-10-08,Premium,14344.35
1622,Phyllis Johnson,peter93@example.net,United States of America,2022-11-15,Standard,3320.20
1623,Rachel Oneal,johnboyd@example.com,Sierra Leone,2020-11-05,Basic,1213.11
1624,Jennifer Hoffman,kendrawilliams@example.com,India,2020-07-01,Basic,490.15
1625,Victoria Peterson,samantha78@example.com,Hungary,2021-11-13,Basic,457.90
1626,Leah Castro,taylordavis@example.com,Guam,2025-01-15,Standard,2219.83
1627,Amy Soto,nancy98@example.org,Germany,2023-07-19,Basic,1470.51
1628,David Lee,james58@example.net,Isle of Man,2026-03-03,Standard,4024.52
1629,Mckenzie Lopez,leahbarker@example.org,Poland,2021-11-08,Standard,658.45
1630,Kristen Harris,lperkins@example.org,Saint Kitts and Nevis,2024-07-25,Standard,4635.17
1631,David George,isaac75@example.org,India,2024-10-22,Standard,3333.15
1632,Keith Medina,jonathanjones@example.org,Honduras,2023-03-23,Basic,1307.75
1633,Mrs. Chelsea Villa,jgibson@example.net,Swaziland,2025-05-30,Standard,3733.69
1634,Christina Williams,ffuller@example.net,Botswana,2021-11-04,Standard,1863.79
1635,Bryan White,kathleen00@example.org,Fiji,2023-03-04,Standard,2371.54
1636,Bethany Davis,qharris@example.net,Bahamas,2020-09-18,Premium,13620.21
1637,Marcus Ramirez,oallen@example.net,Netherlands,2020-01-24,Premium,9493.16
1638,Juan Randall,andrewsilva@example.org,Chile,2023-10-19,Standard,4733.81
1639,Christina Jensen,christopheryang@example.com,Sudan,2025-05-12,Basic,807.93
1640,Ryan Walker,llynch@example.org,Fiji,2023-03-28,Basic,1397.49
1641,Eric Riley,ogriffin@example.org,Tanzania,2020-09-18,Basic,208.54
1642,Jessica Stevenson,wjefferson@example.com,Angola,2020-07-18,Standard,2418.74
1643,Stephen Henry,marc78@example.net,Iceland,2023-08-08,Premium,10048.57
1644,Jacqueline Warner,zjackson@example.org,Cuba,2025-07-30,Basic,730.15
1645,David Roberts,nicolasrich@example.org,Poland,2022-02-02,Premium,9707.70
1646,Michael Chavez,pricemichael@example.com,Angola,2026-03-23,Premium,22327.95
1647,Susan Davis,michael45@example.com,Lesotho,2023-04-08,Basic,208.43
1648,Kevin Holmes,meghanwerner@example.com,Australia,2021-01-19,Premium,24511.08
1649,Thomas Davis,wrightalicia@example.com,Korea,2025-01-23,Standard,3706.90
1650,Jeffrey Pitts,jeremycollins@example.net,Bangladesh,2020-12-28,Standard,1317.16
1651,Anthony Pena,keithharrison@example.com,Ukraine,2021-07-17,Premium,16675.82
1652,Tyrone Morrison,,Martinique,2021-02-12,Premium,17864.66
1653,Philip Cummings,amandalopez@example.org,Greece,2020-10-28,Basic,1233.81
1654,Kayla Smith,longgary@example.com,Cape Verde,2025-09-10,Standard,3177.38
1655,Lee Richardson,steven72@example.net,Bouvet Island (Bouvetoya),2025-08-19,Basic,1200.37
1656,Larry Williams,staylor@example.com,Marshall Islands,2024-09-30,Premium,2655.83
1657,Jennifer Weaver,doneal@example.net,Western Sahara,2025-04-25,Basic,1240.30
1658,Laura Monroe,hwalton@example.com,Chad,2023-06-17,Basic,239.42
1659,Dr. Daniel Greene MD,darrell66@example.com,French Southern Territories,2023-05-08,Standard,743.40
1660,Craig Smith,whampton@example.org,Korea,2022-06-27,Premium,18782.46
1661,Nicole Banks,randy20@example.org,United Kingdom,2025-10-04,Premium,7503.03
1662,Mr. John Khan,danderson@example.org,Yemen,2022-12-03,Basic,427.70
1663,Ashley Brooks,steven66@example.org,Netherlands Antilles,2020-12-19,Basic,755.83
1664,Kristen Williams,vjones@example.org,Georgia,2021-12-15,Basic,961.06
1665,Willie Thomas,brian83@example.net,Mali,2026-02-19,Basic,579.65
1666,Geoffrey Austin,christy45@example.org,Spain,2022-06-21,Basic,847.18
1667,Jeffrey Freeman,estradaamy@example.net,Mongolia,2023-06-10,Basic,903.07
1668,Mrs. Samantha Rivera DDS,douglas31@example.net,Hungary,2023-05-14,Basic,112.44
1669,Andrew Smith,jameshudson@example.com,South Georgia and the South Sandwich Islands,2021-11-01,Basic,277.09
1670,Joshua Scott,aaronjones@example.org,Estonia,2025-06-30,Basic,1250.29
1671,Colleen Herman,sandysnyder@example.org,Paraguay,2024-11-02,Basic,1223.65
1672,Lisa Krause,qsosa@example.net,Moldova,2023-01-22,Standard,1183.60
1673,Natalie Welch,alison98@example.net,Fiji,2023-08-25,Basic,894.32
1674,Danielle Briggs,vwebb@example.net,French Southern Territories,2025-05-13,Basic,932.52
1675,Jennifer Crane,laurie41@example.org,Moldova,2023-04-27,Basic,111.05
1676,Shirley Wright,saraterry@example.net,Guyana,2021-06-27,Standard,4409.97
1677,Keith Evans,franciscoolson@example.net,Bahrain,2022-09-30,Basic,913.89
1678,Amy Sullivan,emoore@example.org,Grenada,2025-02-26,Basic,147.17
1679,David Koch,zreilly@example.net,Croatia,2026-03-29,Basic,55.27
1680,Donna Bishop,matthewharper@example.net,Honduras,2022-09-12,Premium,24029.68
1681,Bradley Mclaughlin,ambervasquez@example.org,Vietnam,2025-09-05,Standard,1013.69
1682,Maria Braun,ruizantonio@example.com,Tajikistan,2026-06-16,Basic,724.84
1683,Samantha Howard,williamspatricia@example.com,Bolivia,2022-06-10,Premium,12636.20
1684,Virginia Mendez,kristineprince@example.com,Botswana,2020-04-04,Basic,374.91
1685,Russell Jones,dillon79@example.com,Cayman Islands,2021-10-11,Basic,1459.72
1686,Anne Obrien,antonio52@example.net,Lebanon,2024-04-13,Basic,960.31
1687,Jordan Carter,pbutler@example.com,Papua New Guinea,2025-05-23,Basic,1294.76
1688,Charles Moore,brownnancy@example.org,Botswana,2022-03-04,Premium,22771.05
1689,Nathan Campbell,gwendolyn93@example.net,Liberia,2026-08-23,Standard,3784.45
1690,Matthew Bender,sharon37@example.net,Antigua and Barbuda,2022-11-24,Basic,870.54
1691,Gregory Williams,perry77@example.net,Indonesia,2022-06-04,Standard,2147.07
1692,Joanna Cabrera,wbarrett@example.net,Trinidad and Tobago,2025-03-20,Standard,3384.91
1693,Richard Best,vdavis@example.org,Armenia,2024-08-28,Standard,4690.47
1694,Larry Krueger,jenniferbutler@example.org,Norfolk Island,2025-11-19,Basic,282.04
1695,Lucas Rogers,webbmadison@example.net,Cook Islands,2022-05-26,Premium,8540.18
1696,Matthew Doyle,alyssa89@example.net,Vanuatu,2021-05-28,Standard,3939.27
1697,Travis Mcbride,lmaynard@example.net,French Guiana,2024-01-28,Basic,1359.16
1698,Amanda Cook,ylawrence@example.org,Lebanon,2023-08-02,Basic,586.21
1699,John Wilkerson,sandradavenport@example.org,Korea,2025-07-09,Basic,289.82
1700,Sarah Montoya,ralph08@example.org,Armenia,2021-10-05,Basic,886.66
1701,Cynthia Smith,benjaminleah@example.com,Mauritania,2021-06-23,Basic,465.00
1702,Jennifer Shaw,kayla07@example.net,Croatia,2025-06-02,Premium,3664.94
1703,Penny Wyatt,vcastro@example.org,Mayotte,2023-07-22,Basic,870.24
1704,Jeffrey Murphy,staceysmith@example.org,Venezuela,2024-05-13,Standard,3484.83
1705,Matthew Powers,bmartin@example.org,Saint Lucia,2024-12-26,Standard,4902.41
1706,Timothy Collins,joneseric@example.org,Timor-Leste,2021-02-02,Basic,387.80
1707,Andrea Townsend,tammy17@example.com,British Virgin Islands,2026-03-28,Basic,877.19
1708,Kimberly Dixon,rcontreras@example.org,Guinea-Bissau,2023-05-01,Standard,4580.03
1709,James Lopez,jessica91@example.org,Central African Republic,2025-04-02,Standard,2996.32
1710,Robert Nichols,writter@example.net,Guernsey,2020-12-20,Standard,1105.90
1711,Rebecca Reynolds,mlewis@example.net,Northern Mariana Islands,2020-03-13,Standard,991.68
1712,Melissa Cherry,marypeck@example.com,Moldova,2023-03-21,Basic,1152.18
1713,Marvin Gonzalez,johnsonjacob@example.net,Guinea,2025-02-16,Basic,322.76
1714,Jacqueline Morgan,montesmichelle@example.org,Burkina Faso,2020-02-11,Basic,802.56
1715,Kristina Wilson,thomasspencer@example.net,Saint Kitts and Nevis,2025-08-11,Basic,1418.01
1716,Robert Hartman,john86@example.com,Argentina,2025-01-25,Basic,515.16
1717,Eric Maynard,heathercabrera@example.org,Fiji,2025-09-18,Basic,86.43
1718,Benjamin Schmidt,jimenezjoanna@example.com,Angola,2022-04-06,Premium,16257.80
1719,Cody Davis,sarahmorrison@example.org,Guyana,2020-03-04,Basic,756.91
1720,Patricia Flores,whitejason@example.org,Djibouti,2020-10-02,Basic,508.73
1721,Philip Fischer,cainana@example.net,Trinidad and Tobago,2020-04-29,Basic,758.09
1722,Juan Evans,cgoodwin@example.com,Uruguay,2024-08-05,Standard,4029.20
1723,Gary Figueroa,caseyrush@example.net,Albania,2025-11-04,Standard,2172.61
1724,John Ward,bakerbrittany@example.net,Ukraine,2020-09-16,Basic,730.93
1725,Christopher Wong,mccoyandre@example.org,Saint Lucia,2025-04-14,Standard,587.95
1726,Tyler Shields,veronicasmith@example.net,Turkey,2024-09-17,Basic,1144.66
1727,Paula Lopez,brianclark@example.net,Iceland,2021-10-26,Standard,2414.75
1728,Hailey Sullivan,sbartlett@example.com,Egypt,2021-04-12,Standard,611.15
1729,Michelle Scott,hsmith@example.com,Nauru,2024-02-07,Basic,642.87
1730,Carl Lopez,coffeyjohn@example.net,Armenia,2021-04-09,Standard,1115.70
1731,Anthony Jones,nanderson@example.com,Bouvet Island (Bouvetoya),2021-07-15,Standard,3743.62
1732,Michelle Greer,gutierrezmatthew@example.com,Cambodia,2023-10-28,Premium,19823.62
1733,Barbara Wood,hgray@example.net,Falkland Islands (Malvinas),2020-12-23,Basic,150.88
1734,Mark Clark,jacob37@example.com,Yemen,2022-12-13,Basic,580.00
1735,Aaron Ford,harringtonmartha@example.net,Kuwait,2021-10-27,Basic,1152.45
1736,Brian Mitchell,joshua60@example.com,Solomon Islands,2023-06-28,Basic,210.07
1737,Jesse Turner,shannonbarker@example.com,Taiwan,2025-01-27,Standard,4749.19
1738,Christopher Walker,andreyoung@example.com,Hungary,2023-03-05,Standard,4350.93
1739,Katrina Villa,adamsnathan@example.com,Portugal,2021-06-16,Basic,170.37
1740,Kelli Collins,ksmith@example.org,Dominican Republic,2020-08-28,Standard,4194.40
1741,David Rosario,courtneymadden@example.org,Canada,2025-12-24,Basic,984.38
1742,Michael Spencer,aaron32@example.org,Saint Martin,2026-05-19,Basic,1272.03
1743,Danielle Ballard,courtneysantiago@example.net,Mongolia,2022-01-14,Standard,1215.99
1744,John Gonzalez,markhodge@example.com,Latvia,2023-10-03,Basic,1339.30
1745,Katherine Jordan,norrisdakota@example.org,Djibouti,2025-01-18,Premium,22200.87
1746,John Nichols,garciaveronica@example.net,Kazakhstan,2022-09-25,Basic,398.68
1747,Daniel Wood,scottsamantha@example.com,British Indian Ocean Territory (Chagos Archipelago),2024-10-12,Standard,2245.82
1748,Stacy Orozco,petersonjoel@example.org,Bermuda,2026-08-06,Basic,591.73
1749,Kimberly Soto,bradleybarker@example.net,Chad,2025-05-11,Standard,2454.41
1750,Abigail Wilkinson,lauraclay@example.org,Benin,2024-05-16,Premium,12676.55
1751,Kenneth Smith,sarah78@example.net,Chad,2023-05-09,Premium,16583.79
1752,Mark Smith,james23@example.net,Aruba,2020-03-06,Basic,1323.72
1753,Daniel Anderson,cbrown@example.org,Niger,2024-11-15,Premium,19470.47
1754,Thomas Harris,mary62@example.net,Bahrain,2020-11-23,Basic,1135.31
1755,James Jackson,patelgabrielle@example.com,Botswana,2025-07-19,Basic,930.00
1756,Benjamin Perry,kperez@example.com,Rwanda,2020-07-25,Basic,1338.35
1757,Megan Dodson,olivia29@example.net,Panama,2023-06-18,Standard,3731.33
1758,Jessica Carr,qramirez@example.net,Croatia,2023-10-11,Premium,4720.23
1759,Sara Gonzalez,nicholas87@example.org,Tunisia,2026-03-01,Standard,4686.03
1760,Beth Brown,castroralph@example.net,Mozambique,2023-11-14,Basic,420.21
1761,Amy White,laurenallen@example.org,Malawi,2024-09-27,Basic,162.83
1762,Angela Ryan,morganamanda@example.com,Eritrea,2025-09-17,Basic,765.64
1763,Christopher Patterson,donaldtyler@example.net,North Macedonia,2022-03-18,Standard,4059.39
1764,Jeremy Henderson,rojasmarc@example.org,Pitcairn Islands,2020-08-05,Standard,4669.24
1765,Amanda Cannon,rowehannah@example.net,Antarctica (the territory South of 60 deg S),2021-11-02,Standard,923.95
1766,Patrick Walsh,millerjames@example.org,Kazakhstan,2020-07-22,Standard,4426.91
1767,Jacqueline Cobb,ballvanessa@example.com,Hong Kong,2025-03-20,Premium,3317.95
1768,Kathy Roberts,jose18@example.org,Netherlands Antilles,2024-06-22,Basic,795.37
1769,Donna Boyd,hernandezmadison@example.com,Macao,2024-06-12,Standard,1835.29
1770,James Williams,cmcdonald@example.net,Australia,2024-02-20,Basic,961.23
1771,David Reed,christopher84@example.net,Canada,2020-01-07,Basic,1423.36
1772,Cynthia Hernandez,william55@example.net,Australia,2022-09-12,Standard,1545.63
1773,Rachel Bennett,,Austria,2022-06-09,Basic,1336.30
1774,Lance Mendez,ymontgomery@example.org,Sierra Leone,2022-09-15,Standard,4554.84
1775,Teresa Middleton,davidbrown@example.org,Vanuatu,2024-02-26,Basic,585.93
1776,Ruben Martinez,greenjessica@example.net,Christmas Island,2020-10-24,Premium,15475.68
1777,Spencer Wright,nicholasgallagher@example.net,Oman,2023-08-23,Basic,171.46
1778,Christopher Jones,smontgomery@example.net,Chile,2020-06-04,Standard,4420.85
1779,Mary Parker,eric36@example.net,Bulgaria,2023-06-22,Basic,1457.96
1780,Kelsey Lewis,susan41@example.com,Tunisia,2022-06-14,Basic,63.67
1781,Tony Welch,michaelchristensen@example.com,Tonga,2020-04-09,Basic,1360.78
1782,Richard Griffith,matthew24@example.org,Tonga,2025-10-24,Standard,4142.62
1783,Bradley Bennett,sconner@example.net,Morocco,2026-01-24,Basic,1112.75
1784,Sydney Johnson,jessicarichardson@example.net,Qatar,2026-05-22,Standard,1430.70
1785,William Rivera,stevendecker@example.org,Peru,2023-05-02,Standard,1677.06
1786,Michael Brown,john33@example.com,Congo,2024-07-31,Basic,257.01
1787,Ethan Fletcher,zchandler@example.org,Sri Lanka,2025-07-07,Premium,18634.91
1788,Kyle Fox,stephenscatherine@example.org,Dominican Republic,2020-09-05,Basic,882.34
1789,Christina Robinson,oschneider@example.org,Turkmenistan,2023-12-13,Standard,4862.47
1790,Billy Miller,uchang@example.com,Bhutan,2022-09-15,Standard,2958.65
1791,Jennifer Tran,smithjack@example.org,Sudan,2023-01-27,Premium,20047.35
1792,Richard Rodriguez,marywarren@example.org,Ecuador,2020-03-12,Standard,634.96
1793,Mark Jimenez,mackenzie91@example.net,United States of America,2024-07-31,Standard,1326.30
1794,Marc Lewis,chelsea52@example.org,Belarus,2022-10-07,Basic,87.76
1795,Bryce Fox,daniel43@example.org,Indonesia,2022-01-26,Standard,4862.26
1796,Alexander Taylor,ulee@example.org,Western Sahara,2023-07-12,Basic,1120.99
1797,Brittany Allen,matthew61@example.org,Equatorial Guinea,2021-06-08,Standard,4463.33
1798,Shannon Carter,cshepard@example.com,Norfolk Island,2026-03-20,Standard,3675.12
1799,Cynthia Walls,ygraham@example.net,Aruba,2020-02-21,Premium,11725.93
1800,Paul Simmons,mcmillansherry@example.org,Mali,2023-06-16,Standard,2658.07
1801,James Lawson,hughesgail@example.org,Gibraltar,2025-11-21,Premium,17503.24
1802,Troy Saunders,priscilla50@example.com,Malawi,2026-04-04,Basic,1414.25
1803,Brian Sims,jcoleman@example.net,United Kingdom,2023-08-30,Premium,19619.29
1804,Joseph Baker,wilsonkevin@example.net,Albania,2020-12-12,Standard,1223.05
1805,Dr. Grace Young,ricklewis@example.net,Holy See (Vatican City State),2025-04-13,Standard,1282.55
1806,Brian Wood,obrienbrandon@example.com,Mongolia,2024-02-02,Standard,1403.28
1807,Dylan Andrews,espinozashawn@example.com,Myanmar,2023-11-13,Basic,973.59
1808,Kyle Armstrong,kwang@example.com,Trinidad and Tobago,2025-05-16,Standard,1281.79
1809,Juan Jacobs,hdavis@example.com,Cameroon,2025-03-12,Premium,9652.52
1810,James Crane,dylancunningham@example.com,Angola,2023-07-25,Basic,1362.49
1811,Laura Sparks,stephaniezamora@example.org,Colombia,2025-02-20,Basic,1417.51
1812,Courtney Deleon,jpowell@example.org,Ireland,2025-08-02,Standard,1881.69
1813,Justin Moore,bryantrobert@example.org,Norway,2024-02-21,Standard,3662.45
1814,Emily Hahn,abigailrobinson@example.net,Panama,2022-12-10,Basic,1113.94
1815,David Dodson,dianehoffman@example.org,Taiwan,2024-01-04,Standard,3523.55
1816,Aaron Cooper,hclay@example.org,United Arab Emirates,2025-06-13,Premium,12236.52
1817,Gloria Dunn,richardhines@example.net,Philippines,2024-08-16,Basic,1023.68
1818,Anna Pierce,ocooper@example.org,Uzbekistan,2020-12-22,Basic,850.93
1819,John Simmons,katieaguirre@example.com,Montserrat,2025-07-08,Standard,4278.30
1820,Barbara Bridges,raymond23@example.net,South Africa,2022-03-29,Basic,180.90
1821,Denise Nolan,wallfrank@example.org,Afghanistan,2025-02-22,Basic,702.43
1822,Jessica Myers,dbrown@example.org,Syrian Arab Republic,2020-01-16,Basic,726.75
1823,Dale Miller,lisarogers@example.org,Australia,2026-07-09,Standard,562.75
1824,Anthony Wong,cartercatherine@example.net,Gibraltar,2026-04-17,Standard,3185.31
1825,Christopher Soto,monicaavery@example.net,Isle of Man,2020-05-12,Basic,762.72
1826,Jacob Walsh,andre77@example.com,Netherlands Antilles,2024-03-04,Standard,2523.60
1827,Miguel Cole,jessicahines@example.com,Paraguay,2021-11-15,Standard,4451.73
1828,Alec Lindsey,ehardy@example.com,Uzbekistan,2020-11-12,Basic,557.14
1829,Michael Guzman,andrew88@example.com,Bangladesh,2020-04-25,Basic,1374.89
1830,Jesse Davis,stephanieedwards@example.net,Venezuela,2026-06-16,Basic,814.05
1831,Tyler Rodriguez,marshalljamie@example.org,Philippines,2021-02-20,Standard,4030.34
1832,April Rodriguez,gyoung@example.net,Ghana,2020-09-04,Basic,884.42
1833,Kenneth Cooper Jr.,sethvance@example.net,French Polynesia,2020-11-17,Premium,4216.62
1834,Molly Jackson,brandon64@example.net,Aruba,2022-01-16,Standard,4401.16
1835,Donald Cooley,shannonfleming@example.org,Indonesia,2026-06-23,Basic,1181.17
1836,Charles Ford,kcontreras@example.org,Belarus,2023-02-17,Standard,2958.17
1837,Brandon Vasquez,curtislee@example.net,Venezuela,2020-02-04,Standard,2270.81
1838,Joshua Navarro,rmueller@example.net,Kazakhstan,2026-06-25,Basic,1118.21
1839,Ronald Baxter,nancycharles@example.org,Mayotte,2021-07-22,Basic,509.07
1840,Allen Perez,bmoyer@example.com,Solomon Islands,2024-07-14,Premium,16131.87
1841,Mallory Powell,chavezisabel@example.com,Tokelau,2024-09-04,Basic,143.32
1842,Jared Chan,michellesmith@example.org,Honduras,2026-03-30,Basic,464.16
1843,Ryan White,mark21@example.com,Philippines,2023-08-07,Basic,1082.59
1844,Richard Ryan,rgiles@example.com,Iraq,2025-10-24,Basic,1317.43
1845,Kelly Carrillo,charlesduncan@example.com,Montenegro,2023-10-16,Standard,3638.36
1846,Kristopher Williams,joe99@example.net,France,2022-08-25,Basic,1343.78
1847,Tiffany Martinez,rosaleslauren@example.net,Puerto Rico,2025-03-19,Basic,205.15
1848,Kimberly Proctor,william42@example.com,Turkmenistan,2024-11-08,Premium,6988.29
1849,Lisa Spencer,hollandjustin@example.com,Niue,2024-01-12,Basic,795.29
1850,Robert Durham,ldavis@example.org,Ukraine,2023-08-19,Basic,598.53
1851,John Ryan,anthonygilbert@example.com,Hong Kong,2023-08-15,Standard,4708.73
1852,Amy Burton,isimpson@example.com,Hungary,2025-03-11,Standard,3883.69
1853,Laura Kim,jhiggins@example.org,Ghana,2023-08-10,Basic,753.59
1854,Zachary Johnson,erin06@example.net,Colombia,2023-06-08,Basic,803.36
1855,Jackie Dominguez,alvaradomindy@example.com,Hong Kong,2024-07-16,Basic,79.38
1856,Jesus Johnson,jacksonrachel@example.org,Slovakia (Slovak Republic),2024-11-04,Premium,23563.77
1857,Debra White,zmurray@example.org,Burundi,2024-12-19,Basic,299.94
1858,Elizabeth Little,francesstevenson@example.com,Somalia,2022-05-08,Premium,5420.15
1859,Sharon Lee,petersonfrank@example.org,Poland,2022-08-09,Basic,194.14
1860,Joseph Morgan,vthompson@example.com,Chad,2024-07-12,Basic,1344.59
1861,Tracy Walker,matthewfranklin@example.net,Heard Island and McDonald Islands,2026-06-12,Basic,400.48
1862,Teresa Rodriguez,bwood@example.net,Liechtenstein,2020-09-05,Standard,546.51
1863,Tiffany Hansen,bishopkatelyn@example.net,France,2023-06-15,Basic,442.68
1864,Cory Fuller,richpatricia@example.net,Belarus,2025-06-28,Standard,4297.75
1865,John Washington,gonzalezmarissa@example.com,Mozambique,2026-03-01,Basic,1148.30
1866,Angelica Diaz,uparker@example.com,Korea,2021-07-27,Basic,1282.71
1867,Christina Robinson,michaelmercado@example.com,Lebanon,2020-09-18,Basic,1442.09
1868,Anne Lindsey,cyork@example.org,Niger,2024-11-04,Standard,2202.33
1869,Melissa Schneider,campbellkayla@example.org,Argentina,2021-10-08,Basic,1383.18
1870,James Moreno,hortonalexandra@example.net,Bahamas,2025-03-02,Basic,1297.54
1871,Norma Smith,david88@example.net,Togo,2024-01-10,Basic,561.81
1872,Steve Mcconnell,ubutler@example.net,Madagascar,2025-02-07,Premium,7261.13
1873,Kimberly Ramirez,devonmccarthy@example.net,Guadeloupe,2022-10-07,Standard,2080.66
1874,Diana Chen,yoconnell@example.com,Solomon Islands,2026-07-18,Premium,15597.49
1875,Cassandra Anderson,poncelisa@example.com,Grenada,2024-09-28,Basic,1379.44
1876,Abigail Williams,lauriewatson@example.org,Namibia,2020-03-02,Standard,3106.77
1877,Tyler Anderson,lloydmiranda@example.org,Cote d'Ivoire,2024-04-22,Basic,1411.36
1878,Andrew Harris,lpeters@example.net,Bolivia,2020-01-14,Standard,2634.00
1879,Joseph Jensen,twillis@example.com,Cambodia,2021-11-21,Basic,751.23
1880,Wanda Walker,ynolan@example.com,Saint Helena,2023-04-29,Basic,1091.81
1881,Brittany Smith,meghan25@example.com,Cote d'Ivoire,2026-04-27,Standard,1256.99
1882,Daniel Cervantes,mclaughlinjames@example.org,Brunei Darussalam,2026-04-27,Basic,1180.59
1883,Ryan Smith,claire06@example.net,Algeria,2021-05-01,Standard,4715.85
1884,Jennifer Burns,jenniferford@example.org,Martinique,2025-11-22,Standard,3180.39
1885,Joseph Miller,lthompson@example.com,Lesotho,2021-02-05,Standard,4156.59
1886,William Hart,timothy62@example.net,Western Sahara,2023-02-02,Basic,60.62
1887,Brandon Velasquez,qreyes@example.net,Dominican Republic,2020-03-20,Basic,644.10
1888,Joshua White,phorne@example.com,China,2024-11-08,Premium,21172.09
1889,Christina Cobb,sararios@example.org,Zimbabwe,2020-06-02,Premium,24400.98
1890,Christopher Moore,joycekeith@example.org,Saint Martin,2025-07-29,Basic,399.34
1891,Scott Jones,joel82@example.org,Ukraine,2022-11-04,Standard,1148.52
1892,Michaela Sanchez,lukecase@example.com,Israel,2021-02-08,Standard,4227.06
1893,Julie Manning,zrobinson@example.com,French Guiana,2020-10-23,Premium,21540.60
1894,Gary Grimes,ucarr@example.org,Cocos (Keeling) Islands,2021-08-23,Basic,167.01
1895,Sarah Aguilar,lopezgrant@example.org,Central African Republic,2025-12-11,Basic,445.77
1896,Steven Mcdonald,nhiggins@example.com,Russian Federation,2020-05-14,Premium,20271.29
1897,Kevin Grant,davidjohnson@example.net,Sao Tome and Principe,2025-12-16,Basic,820.25
1898,Jackson Daniel,kelleyglen@example.org,Estonia,2026-06-21,Basic,898.77
1899,Robert Parks MD,nbailey@example.net,Saint Vincent and the Grenadines,2025-01-23,Standard,2563.02
1900,Mary Howard,danafoster@example.org,South Georgia and the South Sandwich Islands,2024-10-21,Premium,4881.51
1901,Yolanda Mack,andrespence@example.org,Uzbekistan,2025-07-29,Basic,638.68
1902,Kenneth Bauer,daniel15@example.org,Zimbabwe,2022-07-31,Premium,2635.75
1903,Stephanie Dillon,maxwelldawn@example.org,Slovakia (Slovak Republic),2021-05-25,Basic,533.56
1904,Nicole Beck,turnertimothy@example.net,Trinidad and Tobago,2026-03-03,Standard,2671.54
1905,Logan Gonzalez,rayvictoria@example.org,Cote d'Ivoire,2024-11-21,Standard,1290.20
1906,Mr. Brian Sanders DDS,darrellmoore@example.net,Uzbekistan,2024-07-27,Standard,2153.40
1907,John Keller,wilsonkelsey@example.net,Benin,2024-08-29,Premium,10755.87
1908,Brian Gentry,martinezjennifer@example.com,Burkina Faso,2020-10-08,Premium,24555.21
1909,Tammy Wolf,jamesdean@example.net,Croatia,2024-10-23,Basic,234.75
1910,Jessica Rogers,guerrerostanley@example.net,Sudan,2020-03-31,Basic,661.10
1911,Brittany Glover,craigmitchell@example.net,Pitcairn Islands,2022-01-02,Basic,532.96
1912,Tammy Heath,tina29@example.com,Honduras,2022-08-17,Basic,834.34
1913,Leslie Haynes,virginia56@example.org,Sudan,2020-11-09,Premium,16777.29
1914,Renee Lewis,david97@example.org,Singapore,2024-12-09,Basic,127.57
1915,Barbara Hill,jmcconnell@example.com,Mauritius,2020-08-24,Basic,564.55
1916,Thomas Lewis,greencharles@example.net,Slovakia (Slovak Republic),2022-06-10,Basic,1135.62
1917,John Brown,coxfernando@example.org,Moldova,2021-01-14,Basic,1109.86
1918,Kyle Brown,reynoldsmichelle@example.org,Isle of Man,2023-04-17,Standard,2490.43
1919,Douglas Santos,petersonjose@example.org,Sweden,2021-07-08,Basic,849.33
1920,Adrienne Haynes,antonio01@example.org,Nicaragua,2025-11-05,Standard,1661.99
1921,Tina Elliott,yrichardson@example.com,Nigeria,2022-06-01,Standard,829.59
1922,Michael Bolton,justin23@example.com,Lesotho,2020-06-06,Premium,8767.82
1923,Robert Murray,rodriguezangela@example.org,South Georgia and the South Sandwich Islands,2025-08-07,Basic,1081.65
1924,Daniel Shaffer,gspencer@example.com,Iran,2025-03-19,Premium,13942.61
1925,Katherine Coleman,stephenszachary@example.net,Paraguay,2021-11-02,Basic,498.37
1926,Kevin Oneill,mccannjanet@example.com,Belize,2022-06-09,Basic,528.38
1927,Jesse Wright,vmarquez@example.org,Australia,2021-04-20,Basic,1100.22
1928,Wayne Finley,zevans@example.com,China,2025-05-30,Basic,1154.73
1929,Alan Graham,amanda85@example.com,Japan,2020-10-04,Standard,2672.65
1930,Kathleen Harris,cookyvonne@example.org,New Caledonia,2024-09-05,Basic,433.75
1931,Tamara Gonzales,mary66@example.org,Belgium,2022-09-05,Standard,1175.18
1932,David Taylor,dsmith@example.com,Iraq,2022-05-08,Basic,1427.13
1933,Vincent Sims,fischerlaura@example.org,Kiribati,2022-10-05,Premium,18834.27
1934,Becky King,curryjose@example.org,Mayotte,2023-12-01,Standard,4393.89
1935,Samantha Hart,audrey53@example.net,Russian Federation,2025-02-10,Premium,14160.93
1936,Amanda Bishop,mortonkenneth@example.net,Swaziland,2020-06-08,Premium,3016.11
1937,Rachel Rice,pfowler@example.org,Congo,2023-04-22,Standard,1706.75
1938,Bryan Perry,curtis61@example.org,Cuba,2023-01-31,Standard,1904.94
1939,Karina Duncan,jesusthompson@example.com,Jordan,2023-03-24,Basic,721.26
1940,Tracy Santiago,brandi19@example.com,Sri Lanka,2021-03-20,Basic,1146.03
1941,Susan Martin,qcharles@example.org,Anguilla,2020-02-05,Premium,24735.78
1942,Joe Strong,danieljenkins@example.org,Panama,2021-06-05,Standard,1506.20
1943,Robert Burton,atkinsonrachel@example.net,Western Sahara,2024-06-05,Basic,1359.10
1944,Jacob Miles,hlester@example.org,Kenya,2026-06-23,Basic,155.45
1945,Kimberly Garrett,sarah80@example.org,Mayotte,2026-05-28,Basic,101.00
1946,Elizabeth Taylor,hayesnicole@example.com,Mali,2026-03-06,Standard,3030.63
1947,Laura Alexander,samuel08@example.org,Bahamas,2023-06-01,Basic,1324.61
1948,Anthony Wells,lestrada@example.org,Hong Kong,2025-05-27,Basic,463.03
1949,Jamie Duran,villawilliam@example.com,Peru,2023-10-01,Basic,1051.68
1950,Christopher Santiago,stevengoodwin@example.net,Western Sahara,2025-06-09,Basic,584.49
1951,Karen Reid,bradley53@example.net,British Indian Ocean Territory (Chagos Archipelago),2026-08-25,Basic,1114.72
1952,Rachel Henderson,ronald78@example.net,Egypt,2021-09-20,Basic,425.27
1953,Steven Vazquez,mathewbennett@example.org,Slovakia (Slovak Republic),2021-03-06,Standard,2070.71
1954,Shannon Hopkins,owhite@example.org,Turks and Caicos Islands,2026-03-13,Standard,2749.65
1955,Mark Conley,preyes@example.net,Estonia,2024-01-10,Standard,4105.69
1956,Derek Hunt,calvinsmith@example.net,Guadeloupe,2026-03-24,Basic,359.99
1957,William Kelly,margaretrussell@example.net,Mayotte,2020-09-05,Standard,4099.41
1958,Laura Clarke,josephross@example.net,Macao,2020-10-31,Basic,745.82
1959,Jeffrey Mercer,wmendoza@example.net,Kenya,2021-07-08,Premium,12109.82
1960,Alex Whitaker,evansjason@example.org,Namibia,2024-01-03,Basic,767.30
1961,Danielle Guerrero DVM,yolandamarks@example.net,Ireland,2025-12-18,Basic,864.87
1962,Nathan Kline,jacob30@example.com,Gibraltar,2020-09-19,Basic,1398.74
1963,Gary Greer,kentmichael@example.com,Sao Tome and Principe,2023-09-14,Basic,1240.66
1964,Caleb Davis,debra34@example.com,Antarctica (the territory South of 60 deg S),2022-01-04,Basic,107.70
1965,Ryan Harrison,vmosley@example.org,Sierra Leone,2025-03-29,Basic,738.54
1966,Linda Berry,paynestephanie@example.net,Afghanistan,2023-06-07,Basic,1190.82
1967,Juan Davis,ramosrobert@example.org,Solomon Islands,2025-10-06,Standard,4911.49
1968,Cody Foster,ivalentine@example.com,Nicaragua,2021-07-04,Basic,276.79
1969,Suzanne Hale,jhorton@example.com,Georgia,2024-05-31,Basic,678.07
1970,Erik Stafford,murphybrianna@example.com,Spain,2026-03-11,Standard,993.06
1971,Louis Bowen,brianmcdaniel@example.com,Guyana,2024-05-23,Standard,3556.09
1972,Stacy Williams,joneschristian@example.net,Saint Lucia,2021-08-21,Premium,14791.82
1973,Kimberly Wise,uclark@example.org,Isle of Man,2020-05-30,Basic,402.58
1974,Ariel Riley,nathan06@example.com,Albania,2026-06-30,Standard,524.02
1975,Marisa Turner,kennethmata@example.com,Christmas Island,2020-04-29,Standard,1309.06
1976,Yvonne Fleming,kristen89@example.com,Jersey,2020-04-24,Basic,615.25
1977,Richard Baker,wilkinssarah@example.com,Jamaica,2023-04-24,Basic,269.21
1978,Jeremy Medina Jr.,tpatton@example.com,Cyprus,2025-10-04,Basic,1129.86
1979,Lisa Coleman,melodywood@example.com,Turkey,2021-04-12,Premium,7490.27
1980,Mark Townsend,jackie01@example.com,Norfolk Island,2022-07-15,Standard,1661.16
1981,Crystal Brown,lmartin@example.org,China,2022-03-22,Standard,1187.13
1982,Philip Hayes,ebenson@example.com,Iran,2021-01-04,Basic,803.27
1983,Austin Johnson,thompsonjenna@example.org,Bermuda,2020-11-22,Standard,4144.25
1984,Kathy Frye,aholder@example.net,American Samoa,2022-06-24,Standard,3173.73
1985,Vicki Olson,ifrey@example.org,Tunisia,2020-09-20,Basic,795.55
1986,Sonya Howard,galvanjoshua@example.org,Saint Barthelemy,2020-07-11,Premium,19598.02
1987,Christopher Burnett,thomasdaniel@example.org,Austria,2022-09-20,Standard,3949.42
1988,Nicolas Wilkerson,jeremy59@example.net,Hungary,2021-05-10,Standard,4487.82
1989,Julia Bell,miguelbaker@example.net,China,2025-10-07,Basic,235.10
1990,Justin Potter,natalie54@example.org,Antigua and Barbuda,2022-01-23,Basic,1096.76
1991,Eric Richardson,jmorgan@example.org,Tanzania,2024-06-30,Basic,669.05
1992,Tony Moore,imitchell@example.net,Serbia,2025-11-09,Standard,535.91
1993,Melanie Oliver,hayesrachel@example.com,Serbia,2024-11-25,Premium,14142.05
1994,Maria Gregory,tracyjohnson@example.net,Mauritania,2021-05-16,Standard,3697.30
1995,Benjamin Wells,penabruce@example.org,New Caledonia,2022-07-11,Basic,1061.54
1996,Samantha Scott,arthurlynch@example.org,Greece,2025-03-20,Standard,3027.10
1997,Brianna Hanson,markperez@example.com,American Samoa,2024-10-14,Standard,2096.87
1998,Melissa Walters,robertsonjennifer@example.com,Kazakhstan,2020-03-27,Basic,967.24
1999,Taylor Kirby,vanessa44@example.com,United States Virgin Islands,2023-02-26,Basic,150.53
2000,Dennis Brown,lorikoch@example.net,Bahrain,2024-06-16,Premium,22213.15
2001,Joanna Mueller,smithgina@example.net,Paraguay,2023-02-28,Basic,207.19
2002,Barbara Herrera,morgan69@example.net,Mozambique,2022-02-18,Basic,377.14
2003,Kayla Moore,torrestricia@example.com,Mozambique,2022-10-31,Basic,378.30
2004,Ashley Franco,jonhall@example.org,Tokelau,2024-09-05,Standard,1537.17
2005,Nicole James,gregory23@example.net,Pakistan,2024-11-06,Standard,4400.98
2006,Joseph Allen,hernandezdaniel@example.net,Palestinian Territory,2021-07-04,Standard,3743.77
2007,Thomas Moore,tonyaholmes@example.net,Uzbekistan,2023-08-29,Standard,2781.76
2008,Tammy Jackson,williamsdaryl@example.org,Denmark,2020-04-30,Standard,1552.60
2009,Arthur Boyd,hhamilton@example.org,United States of America,2021-03-03,Basic,965.38
2010,Linda Parrish,hespinoza@example.org,Mexico,2020-03-13,Premium,8822.71
2011,Jake Robles,,Vanuatu,2020-07-22,Standard,4502.58
2012,Tony Lawrence,hartmanjoshua@example.net,Norway,2022-02-15,Basic,996.99
2013,Jason Haas,marilyn10@example.org,Congo,2020-12-02,Premium,4264.50
2014,Joyce Walton DVM,woodlisa@example.com,Zambia,2024-11-17,Basic,264.34
2015,Roy Rivera,grahamteresa@example.net,Iceland,2024-12-09,Premium,3578.81
2016,Adam Holland,kerry11@example.net,Tajikistan,2022-10-23,Basic,288.88
2017,Victoria Smith,gweaver@example.com,Nicaragua,2025-12-07,Basic,998.94
2018,Debra Montgomery,millsalexis@example.net,Senegal,2025-06-11,Basic,1372.24
2019,Dale Spencer,kferguson@example.net,Nigeria,2021-04-18,Standard,3172.95
2020,Jimmy Smith,ambergrant@example.net,Ukraine,2022-09-12,Basic,107.58
2021,Joseph Fleming,eharrington@example.com,Antarctica (the territory South of 60 deg S),2024-03-24,Standard,1008.06
2022,Catherine Chavez,hudsonpenny@example.org,Puerto Rico,2022-06-20,Standard,3630.45
2023,Tony Anderson,shawn89@example.net,Switzerland,2023-12-16,Standard,4805.49
2024,Eric Miller,juareztina@example.net,Heard Island and McDonald Islands,2025-10-22,Basic,112.41
2025,Rachel Ward,teresa17@example.com,Korea,2026-03-21,Premium,8443.42
2026,Paul Freeman,yguzman@example.org,Bhutan,2021-12-07,Premium,8541.87
2027,Maria Thomas,franklinbrittany@example.org,Jordan,2023-08-10,Basic,801.09
2028,Larry Woods,colelisa@example.com,Saint Helena,2021-10-09,Basic,411.79
2029,Carlos Morrow,erin57@example.org,Ghana,2024-11-13,Basic,473.98
2030,April Lane,meganrichardson@example.org,Russian Federation,2022-11-23,Premium,23099.98
2031,Amber Chen,sararoach@example.com,Falkland Islands (Malvinas),2023-10-28,Basic,214.93
2032,Daniel Taylor,gbraun@example.org,Uruguay,2026-04-30,Premium,5344.70
2033,Nathan Cobb,browntodd@example.net,Yemen,2023-09-23,Standard,1325.72
2034,Candace Green,iallen@example.com,Barbados,2026-01-27,Basic,1156.44
2035,Tammy Norton,adam10@example.com,Western Sahara,2022-08-04,Premium,24140.93
2036,Tiffany Davis,theresa92@example.com,Turks and Caicos Islands,2023-09-29,Basic,1234.16
2037,Miss Emily Simmons,manningjeremy@example.com,Austria,2025-05-16,Standard,2657.32
2038,Andrew Ford,rwheeler@example.org,Albania,2025-06-18,Standard,3756.63
2039,Michael Travis,wileyaudrey@example.com,Monaco,2026-05-15,Standard,3064.42
2040,Crystal Brewer,jgutierrez@example.net,Croatia,2024-09-25,Standard,4969.95
2041,Carlos Scott,amiranda@example.net,Benin,2025-10-04,Standard,1196.57
2042,Kayla Thomas,tharris@example.net,Belize,2026-05-21,Basic,436.17
2043,Patricia Johnson,brandon58@example.net,New Zealand,2021-06-02,Standard,4180.56
2044,Andrea Stafford,tarabowers@example.net,Guyana,2022-09-07,Basic,694.49
2045,Sierra Allen,robertbrown@example.com,Mayotte,2022-11-30,Basic,734.28
2046,Jo Chapman,veronicadavies@example.com,Venezuela,2022-11-24,Standard,4202.61
2047,Eric Thompson,patrickjarvis@example.net,Thailand,2023-08-10,Standard,3956.67
2048,Kimberly Rivera,griffinsean@example.com,Romania,2021-12-25,Basic,660.99
2049,Manuel Gomez,susan23@example.net,Cocos (Keeling) Islands,2020-05-01,Premium,23218.49
2050,Andrew Giles,daniel74@example.net,Antarctica (the territory South of 60 deg S),2024-11-07,Standard,2835.11
2051,Stacy Garcia,barajassteven@example.net,Wallis and Futuna,2024-06-07,Basic,1193.69
2052,Melissa Thomas,janet76@example.org,Poland,2022-07-31,Basic,695.56
2053,Alexander Love,samantha54@example.net,Wallis and Futuna,2024-09-04,Standard,2421.18
2054,Aaron Miller,iansantana@example.net,Guinea-Bissau,2020-07-21,Standard,2943.76
2055,Christopher Butler,millerdaniel@example.org,Tokelau,2025-10-20,Premium,24711.89
2056,Shawn Levy,scott95@example.org,Kazakhstan,2024-10-15,Basic,378.32
2057,Katherine Hubbard,meganford@example.net,Australia,2021-11-17,Standard,2516.56
2058,Leslie Diaz,mcintyreelizabeth@example.org,Australia,2026-03-12,Premium,7671.28
2059,Tyler Howell,kendra03@example.net,Ukraine,2020-01-24,Basic,1353.97
2060,Gregory Pace,rosshunter@example.net,Senegal,2023-11-08,Standard,3457.21
2061,Elijah Austin,mosesveronica@example.com,Turkmenistan,2021-11-21,Standard,3494.53
2062,Toni Howard,reginaparks@example.com,Cameroon,2024-02-04,Basic,297.84
2063,Andrew Russell,khudson@example.org,Norway,2020-04-21,Standard,4099.42
2064,Terri Stout,jonespaul@example.com,Lesotho,2020-02-16,Basic,932.99
2065,Stephanie Ferrell,heather23@example.net,Congo,2021-09-30,Basic,68.31
2066,Kevin Richmond,michelle00@example.com,Liechtenstein,2023-10-18,Basic,1345.25
2067,Sarah Cook,,Barbados,2023-01-19,Basic,423.06
2068,Mrs. Beverly Myers,daniel84@example.org,Myanmar,2023-04-14,Standard,642.39
2069,Travis Park,jefferywalker@example.com,Togo,2020-05-28,Standard,2210.03
2070,Richard Duncan,ccombs@example.com,Ecuador,2020-08-19,Standard,2517.77
2071,Kimberly Mcintyre,john21@example.org,Hungary,2020-01-14,Standard,3146.33
2072,Chad Pennington,peggy57@example.com,Saudi Arabia,2022-08-12,Basic,854.28
2073,Rachel Daniels,meredith21@example.org,Nauru,2025-10-31,Premium,18115.89
2074,Emily Foster,stephanieallen@example.net,Spain,2024-11-26,Standard,4628.62
2075,Stacey Thomas,michael21@example.com,Kyrgyz Republic,2025-11-14,Basic,1118.40
2076,Melissa Martinez,zwilson@example.com,Tajikistan,2026-07-18,Basic,958.17
2077,Krista White,kgraves@example.org,Oman,2021-01-29,Standard,3334.81
2078,Carolyn Gomez,boydrenee@example.net,Albania,2025-04-17,Basic,1438.33
2079,Jessica Mejia,xlewis@example.com,Mexico,2024-07-26,Basic,794.61
2080,Shirley Carroll,evaughn@example.org,Romania,2023-08-31,Basic,880.39
2081,Jose Fletcher,sally78@example.net,Netherlands,2024-08-06,Standard,4220.69
2082,William Franklin,williamperkins@example.org,Spain,2025-09-16,Standard,1819.54
2083,Stephen Cline,cowandevin@example.net,Saudi Arabia,2023-05-22,Basic,609.08
2084,Christopher Lewis,amanda32@example.net,Yemen,2023-03-05,Standard,4179.19
2085,Donald Freeman,diana28@example.net,Bouvet Island (Bouvetoya),2021-01-12,Standard,2436.67
2086,Tina Ray,jacquelinenunez@example.net,Niue,2020-06-09,Basic,227.79
2087,Mark Irwin,sharon23@example.org,Bulgaria,2024-11-21,Basic,197.63
2088,Dr. Cameron Liu II,blakefrank@example.org,Macao,2024-10-08,Standard,3919.14
2089,Anthony King,aaronjoyce@example.org,Guatemala,2020-08-15,Premium,9910.47
2090,Taylor Gonzales,lkelly@example.org,New Zealand,2024-10-04,Basic,1055.87
2091,Benjamin Johnson,vickidavis@example.net,Turks and Caicos Islands,2023-07-30,Basic,580.55
2092,Angela Evans,valenciaerik@example.net,Zimbabwe,2025-05-30,Basic,1339.68
2093,Richard Baker,carl66@example.org,Canada,2023-07-14,Basic,782.02
2094,Christina Wilson,dsmith@example.com,Iraq,2023-10-11,Standard,4586.45
2095,Ryan Skinner,wstevens@example.org,Hungary,2023-09-16,Basic,856.82
2096,Christian Hudson,dcox@example.com,Mozambique,2021-07-22,Basic,1364.83
2097,Dawn Douglas,zsanford@example.org,Poland,2021-11-28,Basic,111.78
2098,Michelle Bradley,alan96@example.org,Korea,2022-01-14,Premium,24880.59
2099,Janice Hamilton,davistanya@example.com,Cuba,2021-04-06,Standard,3666.33
2100,Tamara Rodgers,joseph21@example.net,Malaysia,2025-03-25,Standard,3331.30
2101,Tina Ferguson,mavery@example.net,Niger,2025-08-28,Standard,1735.38
2102,Jennifer Fowler,rebecca19@example.net,Pitcairn Islands,2020-08-26,Standard,699.21
2103,Justin Ballard,jenniferrivers@example.com,Yemen,2022-07-13,Basic,1295.64
2104,Stacy Estrada,amanda33@example.com,Zambia,2023-01-25,Basic,1018.95
2105,Rhonda Allen,mccarthymichael@example.net,Marshall Islands,2021-05-06,Premium,12452.11
2106,William Adams,yosborne@example.net,Mongolia,2023-04-29,Standard,2923.12
2107,Dr. James Joseph DDS,jennifer53@example.com,Dominican Republic,2024-06-29,Standard,2289.34
2108,Wendy Nelson,mvelazquez@example.net,Hong Kong,2022-11-27,Basic,956.32
2109,Daniel Ramirez,thompsonjustin@example.org,Mauritania,2026-05-28,Basic,1275.20
2110,Gary Roberson,william52@example.com,Nepal,2024-08-23,Basic,557.73
2111,Jacqueline James,megan21@example.org,American Samoa,2020-12-12,Basic,393.25
2112,Mrs. Isabel Love,bakerpaul@example.com,Austria,2023-01-06,Premium,17626.82
2113,Marie Silva,lauramoore@example.com,Svalbard & Jan Mayen Islands,2026-08-22,Standard,1992.14
2114,Stacey Lewis,chavezrobert@example.net,Sierra Leone,2020-10-09,Basic,1364.55
2115,Terry Mckee,fergusongina@example.org,Lithuania,2023-01-18,Standard,3697.03
2116,Tamara Thomas,millerjessica@example.com,Bermuda,2026-04-04,Basic,1400.19
2117,Emily Clark,jocelyn26@example.net,South Georgia and the South Sandwich Islands,2026-02-05,Premium,24830.02
2118,Michael Zamora,fwilliams@example.org,Norway,2023-01-24,Basic,112.93
2119,Taylor Rhodes,vhogan@example.org,Cyprus,2026-06-03,Basic,1042.56
2120,Carlos Jordan,richard37@example.org,Bouvet Island (Bouvetoya),2026-01-08,Basic,1131.87
2121,Ronald Buckley,lisa78@example.org,Anguilla,2021-11-08,Standard,4799.56
2122,Matthew Barrett,johnsonsamantha@example.com,Togo,2026-03-04,Basic,499.36
2123,Ana Lopez,mbates@example.org,Jamaica,2024-07-16,Basic,813.20
2124,Walter Schwartz,hammondjeff@example.com,Marshall Islands,2020-03-05,Basic,1408.41
2125,Kathleen Martin,gonzalezjames@example.net,Guatemala,2025-05-13,Basic,1152.30
2126,Reginald Thompson,burkejacob@example.net,Norfolk Island,2022-05-03,Standard,3147.66
2127,Hailey Ball,margaret33@example.org,Chile,2025-09-11,Basic,122.56
2128,Robin Perez,patriciamorrison@example.org,Afghanistan,2021-01-01,Basic,1314.51
2129,Melissa Clayton,kimberlyperez@example.org,Jamaica,2021-11-29,Standard,3720.91
2130,Valerie Harrison,solomonandrea@example.com,Aruba,2022-11-03,Basic,1159.29
2131,Jonathan Moyer,mariagonzalez@example.org,Bolivia,2023-05-28,Standard,4699.79
2132,James Gomez,patriciagrant@example.net,Norfolk Island,2020-02-04,Standard,2360.82
2133,Tracey Vasquez,wleblanc@example.com,Martinique,2026-05-27,Premium,17463.72
2134,Karen Nguyen,david33@example.net,Cape Verde,2025-09-20,Basic,861.24
2135,Michael Smith,websterkelly@example.org,Guatemala,2020-12-10,Basic,956.19
2136,Natalie Moore,gregorymullen@example.com,Azerbaijan,2023-09-23,Basic,895.23
2137,Lisa Kaiser,nathanwilliams@example.com,Ecuador,2022-07-05,Basic,662.76
2138,Miranda Lin,carlholland@example.net,Azerbaijan,2025-07-18,Basic,975.84
2139,Katherine Garcia,adamcaldwell@example.org,Togo,2021-10-22,Standard,2738.28
2140,Bryan Hoffman,alexanderkeller@example.org,Singapore,2023-09-20,Premium,11380.11
2141,Anthony Mueller,uperez@example.com,Palestinian Territory,2022-07-25,Basic,1498.71
2142,Nicholas Gibbs,wardjohn@example.org,South Georgia and the South Sandwich Islands,2022-06-07,Standard,586.80
2143,Andrea Miller,charles95@example.com,Japan,2021-02-27,Basic,1426.19
2144,Meagan Johnston,nvargas@example.net,Gibraltar,2021-10-22,Basic,970.86
2145,Robert Brown PhD,andrewjackson@example.org,Papua New Guinea,2023-01-01,Basic,107.51
2146,Marissa Davis,hernandezcharles@example.org,Montserrat,2020-02-06,Basic,437.32
2147,Susan Oliver,ppatel@example.com,Iraq,2021-08-15,Basic,887.22
2148,Karen Jones,ehenry@example.org,Belgium,2020-03-29,Premium,15325.33
2149,Mrs. Jessica Price,stevensmatthew@example.net,Marshall Islands,2025-04-23,Basic,1083.08
2150,Joshua Gomez,sheliacohen@example.net,Puerto Rico,2023-07-24,Standard,1020.14
2151,Brandon Carrillo,kyle08@example.net,Saint Kitts and Nevis,2022-01-20,Standard,1818.80
2152,Catherine Martinez,moorebrenda@example.com,Tajikistan,2025-03-24,Basic,78.93
2153,Robert Nelson,anna74@example.com,Albania,2020-02-27,Basic,446.15
2154,Jason Hoffman,itorres@example.net,Serbia,2024-09-24,Basic,1053.95
2155,Kenneth Watkins,nicole16@example.org,Hungary,2022-11-24,Standard,4326.67
2156,William Scott,antonio63@example.com,Germany,2025-12-04,Basic,509.41
2157,Andrew Stevenson,annette92@example.com,Kazakhstan,2024-08-26,Basic,1283.56
2158,Krystal Howard,nwalker@example.org,Puerto Rico,2020-07-11,Basic,185.60
2159,Adam Richardson,martinevan@example.com,Peru,2022-06-20,Standard,997.74
2160,William Castaneda,sabrina98@example.net,Serbia,2021-05-16,Standard,3457.30
2161,Thomas Gutierrez,vwright@example.com,Tunisia,2022-03-26,Basic,449.88
2162,Nichole Parker,kristen49@example.org,Indonesia,2025-12-30,Premium,15935.25
2163,Dana Lawson,joshua74@example.org,Morocco,2023-10-16,Standard,3457.47
2164,Deborah Fox,dustinwilliams@example.com,Macao,2025-11-11,Standard,1948.08
2165,Karen Mcconnell,cory21@example.org,Uganda,2022-10-18,Basic,843.83
2166,Antonio Thompson,egill@example.com,Gabon,2025-01-22,Basic,1408.29
2167,Cheryl Mccoy,ewood@example.net,Bulgaria,2025-12-26,Basic,619.32
2168,David Williams,ashley46@example.org,Cameroon,2025-09-19,Standard,3965.40
2169,Anthony Johnson,daniel13@example.net,Tonga,2024-10-24,Standard,2405.70
2170,Sharon Rice,llee@example.com,Niue,2023-01-26,Standard,2684.23
2171,Aaron Case,livingstonchelsea@example.org,Eritrea,2024-07-05,Premium,13223.21
2172,Chelsea Dominguez,fhughes@example.org,Czech Republic,2024-09-11,Basic,687.20
2173,Amber Harris,jamesrussell@example.net,Saint Vincent and the Grenadines,2026-03-21,Basic,1301.57
2174,Chloe Ellis,josephclark@example.org,Andorra,2020-11-25,Standard,4286.92
2175,Michelle Perry,iharrington@example.org,Antigua and Barbuda,2022-01-02,Basic,789.32
2176,Tiffany Edwards,ashleyramirez@example.net,Australia,2023-09-04,Standard,4559.97
2177,Ann Bates,skim@example.org,Lao People's Democratic Republic,2021-01-06,Standard,1929.65
2178,Elizabeth Skinner MD,amandamoody@example.com,Yemen,2021-10-02,Basic,1358.15
2179,Justin Blackburn,lmyers@example.com,Sao Tome and Principe,2020-04-24,Basic,1195.10
2180,Tammy Moore,dennismcknight@example.net,South Africa,2022-03-29,Premium,11935.75
2181,Chad Morales,lewisnatalie@example.org,Angola,2021-07-22,Premium,7918.04
2182,John Jones,santiagoronald@example.com,Haiti,2021-06-17,Standard,3878.30
2183,Scott Thomas,wlynch@example.com,Egypt,2026-03-17,Standard,1335.04
2184,Donald Wood,millerrebecca@example.org,Saint Pierre and Miquelon,2025-12-24,Premium,16047.44
2185,Rose Jackson,robinsonjennifer@example.org,Aruba,2023-11-15,Standard,941.46
2186,Barry Stanton,davisjennifer@example.org,Panama,2020-11-04,Basic,51.54
2187,Stanley Brown,qhendricks@example.net,Turks and Caicos Islands,2025-04-21,Basic,116.79
2188,Tina Decker,smay@example.com,Gibraltar,2023-08-21,Basic,206.37
2189,Marcus Collier,sarawilliams@example.com,Northern Mariana Islands,2025-06-28,Basic,272.97
2190,Tami Moore,vfuller@example.net,Tunisia,2023-08-09,Premium,6014.84
2191,Eugene Williams,paul84@example.net,Equatorial Guinea,2026-03-13,Basic,462.58
2192,Brittany Wright,courtneyhayes@example.org,South Africa,2026-02-02,Standard,682.86
2193,Brady Williams,cchurch@example.org,Qatar,2021-03-28,Basic,633.93
2194,Jennifer Hull,caldwellpatricia@example.org,Korea,2022-04-22,Basic,380.39
2195,Kari Steele,carmengomez@example.net,Niger,2025-09-09,Premium,21615.72
2196,Cassandra Flores,snydergerald@example.org,United Kingdom,2024-02-09,Basic,301.99
2197,David Robinson,bwhite@example.com,Togo,2023-04-11,Basic,222.39
2198,James Bennett,gina49@example.net,Hong Kong,2021-12-04,Basic,940.95
2199,Cory Fitzgerald,jamesroberts@example.com,Kenya,2025-08-28,Basic,1142.18
2200,Elizabeth Pittman,lromero@example.com,American Samoa,2025-11-02,Standard,4617.32
2201,Christopher Dalton,rcannon@example.com,Barbados,2021-10-20,Basic,1239.95
2202,Chelsey Maldonado,sscott@example.org,Indonesia,2024-01-27,Basic,793.01
2203,Caitlin Rich,robert42@example.com,Uruguay,2022-11-04,Premium,21759.81
2204,Christopher Barr,andresmiller@example.com,Guernsey,2023-04-25,Basic,351.62
2205,Larry Johnson,ashley22@example.net,France,2023-08-12,Premium,7376.14
2206,Sean Hickman,jrobinson@example.net,Ghana,2020-10-11,Basic,1461.85
2207,Lauren Hall,stevencortez@example.org,Oman,2022-02-06,Basic,1366.08
2208,Miranda Beck,bradbennett@example.com,Panama,2022-09-20,Basic,136.18
2209,Maria Arnold,leejennifer@example.org,Palau,2021-09-22,Premium,22289.00
2210,Amanda Berry,janetmoore@example.net,Belize,2023-08-01,Premium,10264.57
2211,Travis Thompson,watsonkenneth@example.net,United States Minor Outlying Islands,2021-03-05,Basic,653.53
2212,Kimberly Kane,znichols@example.com,Uganda,2025-11-17,Standard,3647.03
2213,Ashley Murphy,pricevanessa@example.org,Taiwan,2020-01-21,Standard,1449.49
2214,Robert Thompson,hramos@example.com,Ecuador,2025-07-27,Basic,315.50
2215,Patty Moyer,zcampbell@example.net,Georgia,2025-07-15,Premium,10913.83
2216,Jeffrey Anderson,donna19@example.org,Saint Barthelemy,2025-02-27,Basic,1332.59
2217,Cassidy Lee,torrescaleb@example.com,Central African Republic,2026-03-11,Basic,207.38
2218,Rebecca Rodriguez,kpace@example.net,Tonga,2024-01-27,Basic,389.05
2219,Lucas Hernandez,mchapman@example.net,Fiji,2020-09-29,Premium,23592.49
2220,Marissa Palmer,danieldunn@example.org,Cyprus,2023-10-30,Basic,128.09
2221,Alex Watts,jasminbrown@example.com,Vietnam,2025-10-28,Basic,266.16
2222,George Stephens,moniquesmith@example.net,Aruba,2021-04-23,Standard,1410.81
2223,David Moreno,andreasmith@example.com,Micronesia,2022-03-05,Standard,814.65
2224,Sarah Gilbert,brownraymond@example.net,Jersey,2024-08-02,Basic,494.04
2225,Jeffrey Sanchez,gregorypeters@example.org,Turkmenistan,2021-02-02,Premium,9261.04
2226,Janice Clarke,jasonwebb@example.net,Belize,2025-10-21,Basic,60.59
2227,Sophia Richmond,dthompson@example.org,Egypt,2023-05-14,Basic,1333.33
2228,Richard Smith,leeelizabeth@example.org,Cook Islands,2022-11-21,Standard,1729.42
2229,Brittany Nunez,michaellopez@example.net,Netherlands Antilles,2025-12-28,Basic,102.08
2230,John Erickson,sullivanpaula@example.com,Hungary,2024-11-05,Basic,1179.82
2231,Perry Cummings,adamnolan@example.net,Mali,2020-08-18,Basic,574.85
2232,Deborah Townsend,stuartwallace@example.com,Brazil,2020-09-01,Basic,857.27
2233,Ashley Booker,iriley@example.net,Egypt,2023-01-24,Basic,434.70
2234,Matthew Thompson,ewinglynn@example.org,Reunion,2023-08-08,Premium,8920.25
2235,Troy Ross,ngallagher@example.com,Morocco,2022-08-08,Standard,2637.07
2236,Jerome Parker,matthewwalker@example.com,Paraguay,2025-07-09,Basic,349.93
2237,Pamela Rojas,bethfranklin@example.com,Ethiopia,2022-11-23,Basic,412.01
2238,Luis Henderson,bryan79@example.net,Indonesia,2024-03-05,Standard,3255.75
2239,Kristen Larson,gina74@example.net,Guinea,2023-03-23,Basic,270.64
2240,Diane Hill,leahpham@example.com,Bouvet Island (Bouvetoya),2024-07-24,Basic,482.01
2241,Ryan Stone,jamie98@example.net,Botswana,2022-09-26,Basic,588.34
2242,Kevin Johnson,leslie92@example.net,Northern Mariana Islands,2026-08-21,Basic,1145.83
2243,Adam Hanna,houstonvalerie@example.org,Iran,2023-06-05,Standard,796.40
2244,James Roberts,smithamy@example.com,Martinique,2020-12-05,Standard,3954.34
2245,Brian Walker,nancyballard@example.com,Liberia,2025-07-19,Basic,56.50
2246,Kristen Montgomery,vgreen@example.org,Micronesia,2022-01-11,Premium,24213.16
2247,Mrs. Brittany Choi,rose00@example.org,Aruba,2022-04-25,Basic,237.76
2248,Olivia Powell,deanna05@example.com,French Guiana,2024-07-10,Basic,383.75
2249,Keith Petersen,ryan90@example.net,Senegal,2020-08-24,Premium,21463.63
2250,Alicia Wilson,pmartin@example.org,Antarctica (the territory South of 60 deg S),2023-03-12,Basic,910.28
2251,Jessica Oneal,williamsjoseph@example.com,Gabon,2020-10-01,Standard,591.66
2252,Kyle Hurley,qwebb@example.com,Zimbabwe,2026-04-27,Premium,12526.71
2253,Jennifer Rangel,kevinjohnson@example.org,Solomon Islands,2022-10-22,Premium,21576.78
2254,Thomas Carr,ibrennan@example.com,Venezuela,2025-03-06,Standard,4322.02
2255,Todd White,riverajason@example.net,Oman,2022-10-31,Basic,1084.46
2256,Allen Porter,tlester@example.net,France,2024-05-23,Premium,19093.37
2257,Kyle Burke,george38@example.org,Germany,2024-07-22,Basic,1040.31
2258,Tracy Roberts,jeffery29@example.org,Afghanistan,2020-01-15,Basic,1353.12
2259,Matthew Potts,noblekimberly@example.org,Uzbekistan,2024-12-06,Standard,818.33
2260,Wayne Simpson,ibarton@example.net,Mayotte,2025-03-08,Premium,3435.33
2261,Kristi Joseph,angela22@example.net,Paraguay,2024-11-13,Standard,3739.83
2262,Hannah Marquez,craig18@example.com,Liechtenstein,2022-01-12,Basic,1491.06
2263,Austin Rogers,ricedana@example.com,Gambia,2022-06-14,Basic,835.84
2264,Jesse Adams,kathyfowler@example.com,Sierra Leone,2023-12-27,Basic,477.77
2265,Joseph Paul,daniel71@example.com,Mozambique,2020-12-09,Standard,1203.61
2266,Laura Gonzalez,melanie93@example.org,Grenada,2021-12-30,Basic,901.61
2267,Amanda Lee,robertrusso@example.org,Portugal,2021-07-16,Basic,791.53
2268,Kelly Burke,ronaldjohnson@example.com,Madagascar,2021-05-03,Standard,2794.86
2269,Thomas Jones,timothyalvarez@example.org,France,2023-07-24,Basic,327.80
2270,Eugene Brown,davidholt@example.com,Greece,2025-07-03,Basic,1452.73
2271,Garrett Perez,garciaanne@example.org,Guinea-Bissau,2025-07-14,Standard,2045.32
2272,Eduardo Booth,emiller@example.com,Samoa,2022-10-29,Standard,570.54
2273,Robert Chapman,benitezjeffrey@example.com,Burkina Faso,2022-07-10,Basic,925.05
2274,Stacy Soto,vgreen@example.org,New Zealand,2023-11-29,Premium,17673.26
2275,Alyssa Johnson,patelangela@example.com,Denmark,2023-11-29,Standard,790.80
2276,Cynthia Velazquez,frank18@example.net,Ireland,2023-11-04,Basic,136.80
2277,Dustin Santos,ghill@example.net,French Southern Territories,2024-06-01,Basic,1430.85
2278,Sara Gilbert,caguilar@example.org,Monaco,2024-02-14,Basic,1189.70
2279,Reginald Henry,karen28@example.net,Bouvet Island (Bouvetoya),2026-01-23,Standard,1690.64
2280,Charles Alexander,msimon@example.net,Ukraine,2025-08-10,Basic,510.04
2281,Angela Taylor,daniellesolomon@example.com,United Arab Emirates,2024-05-29,Premium,16748.10
2282,Garrett Carpenter,ruth45@example.org,Somalia,2020-07-18,Basic,241.46
2283,Jessica Hodges,alexandramyers@example.net,Bosnia and Herzegovina,2021-10-08,Standard,1402.20
2284,Margaret Clark,karen81@example.org,Morocco,2020-07-20,Standard,1879.25
2285,Mrs. Kimberly Hill,barbara09@example.net,United States Virgin Islands,2021-08-20,Standard,1486.78
2286,Laura Singleton,griffinbarbara@example.com,Germany,2025-10-07,Standard,3539.86
2287,Tammy Richards,madelinebrooks@example.net,Switzerland,2020-12-25,Basic,607.60
2288,Kimberly Smith,awoodward@example.net,Ghana,2024-05-16,Basic,70.71
2289,Alicia Garner,johnstonkristin@example.org,Algeria,2021-04-19,Standard,1785.23
2290,Beth Berry,pparker@example.com,Guernsey,2021-08-27,Basic,1271.64
2291,Amanda Brown,margaret18@example.net,British Virgin Islands,2020-10-21,Standard,1824.73
2292,Shawn Evans,eclark@example.com,Venezuela,2020-04-13,Basic,1071.97
2293,Kathleen Gray,ctaylor@example.org,Cuba,2024-08-21,Standard,2842.43
2294,Linda Carroll,michaellindsey@example.org,Romania,2024-08-04,Basic,511.55
2295,Frank Russo,odavis@example.com,Korea,2020-01-18,Basic,58.93
2296,George Cruz,fallen@example.net,Colombia,2024-06-06,Standard,588.44
2297,Ashley James,philipshelton@example.org,Palestinian Territory,2022-05-18,Standard,3094.68
2298,Cynthia Tucker,kjohnson@example.net,Nepal,2020-11-21,Standard,4758.29
2299,Jamie Smith,kennethboyd@example.com,Sri Lanka,2022-10-22,Standard,1378.51
2300,Michael Gutierrez,barrycindy@example.net,Kyrgyz Republic,2021-09-11,Standard,4459.69
2301,Steven Cook,robert40@example.com,British Virgin Islands,2026-05-20,Basic,1171.15
2302,Kimberly Taylor,alanthomas@example.com,Cote d'Ivoire,2020-04-01,Basic,414.23
2303,Katrina Garcia,erica71@example.net,Saudi Arabia,2022-10-23,Basic,1025.00
2304,Rebecca House,candrews@example.com,Lithuania,2023-11-08,Basic,445.12
2305,Shannon Hopkins,hudsonglen@example.net,Serbia,2022-09-04,Basic,1033.93
2306,Katrina Hubbard,,Dominica,2025-09-17,Basic,1219.73
2307,Kimberly Orozco,meghanmartinez@example.com,Tuvalu,2025-07-13,Basic,737.77
2308,Jessica Tran,mccormickkatherine@example.com,Singapore,2021-04-22,Standard,3765.59
2309,Christina Valentine,hunterjamie@example.com,Kenya,2024-10-18,Premium,13203.84
2310,Jose Oconnor,richardjuarez@example.com,American Samoa,2024-05-03,Premium,9356.92
2311,Mitchell Jacobs,mcmahonmichael@example.net,Sweden,2025-07-09,Premium,4648.45
2312,Alexander Gardner,qanderson@example.org,Armenia,2024-03-28,Premium,16461.28
2313,Ryan Huffman,patriciacarr@example.net,Palau,2026-02-23,Standard,4547.23
2314,Adam Chang,smithjasmine@example.com,Portugal,2022-05-15,Basic,944.33
2315,Ariana Lewis,nathan38@example.net,Belarus,2023-12-09,Basic,647.15
2316,Mr. Brett Walters,douglashill@example.com,Antarctica (the territory South of 60 deg S),2020-05-24,Basic,1130.49
2317,Karen Garner,michelle96@example.org,Cocos (Keeling) Islands,2023-11-28,Basic,536.82
2318,Jon Evans,jacobsmith@example.net,Oman,2021-03-07,Basic,426.28
2319,Brett Ferguson,johnsonkevin@example.net,Jersey,2024-06-25,Basic,135.94
2320,Anthony Smith,pwest@example.org,Azerbaijan,2020-08-29,Basic,221.57
2321,Andrew Wheeler,peterlang@example.net,Burkina Faso,2026-03-21,Standard,3771.55
2322,Jason Stephens,smithsteven@example.net,Germany,2020-06-19,Standard,3411.46
2323,David Cook,johnsonsteven@example.net,Kyrgyz Republic,2020-03-13,Basic,655.53
2324,Amanda Hayes,claytonharris@example.com,Mongolia,2020-08-05,Standard,1730.86
2325,Stacey Rios,hthomas@example.org,Spain,2020-04-10,Premium,12200.11
2326,Thomas Ayala,fsparks@example.org,Montenegro,2025-06-25,Standard,4487.42
2327,Tracey Wells,gibsonkirk@example.com,Austria,2021-02-10,Standard,1439.23
2328,Darius Turner,isaiahthomas@example.net,Indonesia,2026-07-18,Basic,331.11
2329,Daniel Matthews,thomasjessica@example.net,Saint Lucia,2020-02-07,Premium,24370.21
2330,Patrick Griffin,yware@example.net,Angola,2020-02-11,Basic,429.85
2331,Martin Gomez,walkerdavid@example.com,Belgium,2021-05-21,Basic,925.34
2332,Elizabeth Grant,josephcooper@example.net,Guinea-Bissau,2024-05-02,Basic,344.04
2333,James Anderson,andrewsdaniel@example.net,Mozambique,2023-11-21,Basic,759.62
2334,Robert Fernandez,sholder@example.com,Saint Martin,2026-02-19,Basic,813.54
2335,Jennifer Mendoza,gmoody@example.net,Italy,2024-01-14,Standard,4362.62
2336,Zachary Velez,larry40@example.net,San Marino,2020-11-04,Standard,783.81
2337,Kristin Davis,armstrongtravis@example.net,Tanzania,2021-07-14,Basic,592.61
2338,Eric Williams,philliphayden@example.net,Brunei Darussalam,2023-10-10,Basic,205.32
2339,Veronica Ramirez,william47@example.org,Madagascar,2025-07-19,Basic,655.95
2340,Vincent Ortiz,ryan20@example.org,Bahrain,2021-01-18,Basic,1458.33
2341,Nicholas Parks,michellehoward@example.com,Afghanistan,2026-08-22,Basic,1352.09
2342,April Smith,swright@example.net,Rwanda,2025-11-05,Basic,1268.43
2343,Kirk Salazar,blackashley@example.net,Bermuda,2026-08-13,Basic,976.29
2344,Robert Johnson,cruzkaren@example.net,Canada,2020-10-21,Standard,3646.42
2345,Johnny Peck,nsingh@example.org,Iceland,2025-06-17,Standard,583.06
2346,Gabrielle Daniels,,Jamaica,2020-01-22,Basic,216.94
2347,David Williams,gabrielle36@example.org,Tuvalu,2023-03-12,Basic,1356.58
2348,Tiffany Miller,millschristopher@example.org,Panama,2020-08-23,Basic,339.43
2349,Melissa Rivera,katherinemccarty@example.com,Canada,2024-01-08,Standard,3056.82
2350,David Abbott,jonesjames@example.org,Fiji,2026-06-22,Standard,4664.92
2351,Frank Harding,justin46@example.com,Kenya,2022-09-30,Basic,1475.46
2352,Anthony Taylor,patrickjasmine@example.net,United States Minor Outlying Islands,2020-12-26,Premium,22006.14
2353,Tammie Delgado,xcarlson@example.com,Afghanistan,2020-08-10,Basic,147.98
2354,Brenda Schmidt,crawfordhaley@example.org,Lao People's Democratic Republic,2020-12-28,Standard,3996.69
2355,Mandy Lee,ernest35@example.com,Andorra,2021-07-06,Premium,12896.97
2356,Manuel Riddle,andrearivera@example.net,Brazil,2020-01-21,Basic,1212.40
2357,Lori Hartman,michael04@example.net,Tonga,2024-07-27,Standard,3388.88
2358,Andres Marshall,jefferybaker@example.com,Anguilla,2025-12-09,Basic,603.34
2359,David Thomas,johnsonjennifer@example.net,United States of America,2020-05-10,Basic,397.55
2360,Mrs. Nancy Schaefer,fjones@example.org,Antarctica (the territory South of 60 deg S),2021-03-03,Premium,4775.97
2361,Joseph Brooks,bmoss@example.com,Czech Republic,2024-05-10,Basic,1211.52
2362,Monica Beltran,larry04@example.net,Christmas Island,2026-05-12,Basic,1137.07
2363,Jennifer Robinson,patrick01@example.net,Benin,2025-12-12,Basic,871.07
2364,Jonathan Paul,tamaraparker@example.org,Eritrea,2022-03-20,Basic,673.38
2365,Jennifer Henry,knichols@example.com,Saudi Arabia,2021-07-24,Basic,497.77
2366,Samantha Barnett,philliphatfield@example.net,India,2020-09-03,Standard,3449.60
2367,Jasmine Bell,icisneros@example.com,Belarus,2025-08-21,Basic,95.65
2368,Jessica Cuevas,rdixon@example.net,French Polynesia,2026-05-13,Standard,1271.76
2369,Mary Lane,michaeljohnson@example.org,Sri Lanka,2023-02-24,Basic,1437.57
2370,Karen Turner,davidedwards@example.com,Sudan,2023-05-25,Basic,286.06
2371,Nicholas Koch,hkelley@example.org,Benin,2021-05-24,Standard,4304.54
2372,Sarah Jacobs,frank49@example.org,Andorra,2022-03-28,Standard,1900.32
2373,Destiny Campbell,mirandacraig@example.net,New Zealand,2026-06-15,Basic,263.83
2374,Joshua Schmidt,qwright@example.com,Djibouti,2023-04-13,Basic,83.38
2375,Kevin Roberts,jenniferrice@example.com,Namibia,2022-01-15,Standard,3056.41
2376,Wendy Sullivan,reedcorey@example.org,Aruba,2025-05-02,Standard,1579.79
2377,Shawn Collins,christopher23@example.org,British Indian Ocean Territory (Chagos Archipelago),2021-03-17,Basic,461.59
2378,Logan Tapia,psmith@example.com,Cambodia,2024-09-17,Premium,8640.83
2379,Shelia Cruz,harrisbryan@example.net,Cook Islands,2020-09-01,Basic,727.75
2380,Ronald Dean,millerlindsey@example.org,Wallis and Futuna,2020-09-12,Basic,673.15
2381,Timothy Li,danielvaughn@example.net,Bolivia,2020-02-02,Basic,772.41
2382,Matthew Perry,wilkersonkatherine@example.org,Senegal,2023-12-04,Basic,986.93
2383,Mike Levine,bowenjonathan@example.net,Oman,2026-07-29,Basic,1329.12
2384,Julie Warren,samantha11@example.org,Kazakhstan,2021-11-23,Standard,2236.00
2385,Christopher Wilson,jlivingston@example.net,Philippines,2022-04-08,Standard,4055.46
2386,Patrick Ruiz,dgeorge@example.net,Denmark,2025-10-09,Premium,19433.02
2387,Ashley Johnson,maxwelltheodore@example.org,Bulgaria,2023-02-11,Basic,302.49
2388,Sherry Chapman,fking@example.org,Mauritania,2025-12-12,Basic,80.09
2389,Darrell West,gcastro@example.org,Cocos (Keeling) Islands,2021-04-26,Premium,6911.32
2390,Megan Moran,kristen78@example.org,American Samoa,2025-04-24,Basic,856.55
2391,Sean Lee,jasonfoster@example.org,Central African Republic,2021-02-16,Premium,3320.20
2392,Kevin Clarke,wmorrison@example.com,Micronesia,2026-06-16,Basic,1453.93
2393,James Kennedy,rowen@example.net,Guinea-Bissau,2022-05-06,Basic,579.05
2394,Bailey Lane,heidi21@example.com,Azerbaijan,2020-06-10,Basic,363.77
2395,Stephanie Colon,ejones@example.org,Cuba,2024-11-23,Standard,2299.95
2396,Todd Li,patricia24@example.org,Reunion,2021-04-25,Basic,1303.34
2397,Joshua Walker,keithwyatt@example.net,Bahrain,2024-12-23,Basic,698.80
2398,Thomas Rodgers,cervantesleslie@example.org,Aruba,2021-06-19,Standard,1054.72
2399,Benjamin Alvarez,kathryn86@example.net,French Guiana,2020-12-24,Standard,3492.15
2400,Crystal Parrish,jesse81@example.org,Afghanistan,2022-09-09,Standard,4256.34
2401,Shirley Hill,xfisher@example.org,Liechtenstein,2022-03-03,Basic,666.67
2402,Rachel Foley,floresjohn@example.com,Gibraltar,2023-05-14,Basic,881.29
2403,Ashley Payne,bullockrebecca@example.com,Sri Lanka,2024-12-14,Standard,1753.58
2404,Jacob Hart,petersonjordan@example.com,Timor-Leste,2020-08-27,Basic,1480.27
2405,Michael George,jeremyreyes@example.org,French Polynesia,2026-04-01,Basic,681.51
2406,Oscar Ewing,roberto77@example.org,Argentina,2025-03-27,Basic,1108.91
2407,Alexander Harris,ymartinez@example.com,Saudi Arabia,2022-05-20,Standard,4070.93
2408,Margaret Hall,robinsontommy@example.com,Denmark,2024-05-04,Basic,538.66
2409,Stacy Phillips,pittmanwesley@example.com,Romania,2023-07-12,Basic,1456.21
2410,Anthony Hart,jordan68@example.com,Cameroon,2023-01-20,Basic,513.05
2411,Jose Evans,westroy@example.org,Algeria,2025-12-12,Basic,1341.10
2412,Melinda Thomas,heathjasmine@example.com,Cote d'Ivoire,2022-12-18,Basic,1404.85
2413,Jennifer Butler,michaelmartinez@example.net,Jersey,2024-11-01,Basic,1444.76
2414,Lisa Russell,salinaszachary@example.net,India,2024-10-21,Basic,626.04
2415,Anthony Cook,kimberly40@example.com,Solomon Islands,2023-12-08,Basic,1008.54
2416,Sandra Ingram,agonzalez@example.net,Belize,2020-03-02,Basic,289.68
2417,Scott Patterson,kimberly53@example.net,Palau,2026-05-15,Standard,1362.31
2418,Anthony Wells,vporter@example.com,Equatorial Guinea,2024-11-28,Standard,2544.08
2419,Laurie Huffman,marierose@example.org,Tanzania,2021-01-21,Standard,1158.60
2420,James Hood,lchandler@example.org,Romania,2021-03-15,Basic,1230.89
2421,Bridget Garcia,huffmaria@example.net,Tuvalu,2021-03-04,Basic,268.41
2422,Tracy Rodriguez,brianphillips@example.net,Turks and Caicos Islands,2023-04-06,Standard,4353.72
2423,Derrick Tran,antoniothompson@example.org,Syrian Arab Republic,2023-08-13,Basic,1220.57
2424,Christine Gates,jacobroach@example.net,Isle of Man,2022-10-29,Basic,489.02
2425,Dr. Alexis Shea,jack64@example.com,Switzerland,2026-08-15,Basic,597.80
2426,Alexander Jones,wstephenson@example.org,Uruguay,2020-07-07,Basic,1243.25
2427,Mrs. Cheyenne Eaton MD,gina04@example.net,Congo,2021-06-09,Basic,968.21
2428,Jimmy King,nicholas31@example.com,Cayman Islands,2021-05-22,Standard,1444.83
2429,Jessica Allen,fernandezsusan@example.org,Saint Vincent and the Grenadines,2023-10-01,Standard,2175.57
2430,Debbie Moore,christina98@example.com,Botswana,2022-08-24,Standard,1577.57
2431,Larry Martinez,vickiesnyder@example.net,Tokelau,2024-08-25,Premium,7325.85
2432,Bailey Hughes,denise49@example.com,Bahamas,2020-07-30,Basic,405.92
2433,Jason Foster,madison72@example.net,Norway,2020-10-31,Basic,627.56
2434,Leah Baker,andrew08@example.net,Jordan,2022-01-08,Standard,1397.80
2435,Paul Chaney,bmathis@example.org,Aruba,2022-01-02,Standard,856.16
2436,Tammy Cunningham,brookemartin@example.org,United Kingdom,2023-08-19,Basic,614.24
2437,Elizabeth Cervantes,ramirezamy@example.org,Myanmar,2022-06-21,Standard,2878.00
2438,Hannah Lee,glennbernard@example.org,Guinea-Bissau,2021-07-01,Basic,1387.38
2439,James Pearson,maurice01@example.net,Turks and Caicos Islands,2020-06-12,Standard,700.98
2440,Diane Hogan DDS,perezrichard@example.net,Suriname,2024-11-08,Basic,315.05
2441,Melissa Clark,karisanchez@example.org,French Polynesia,2023-09-09,Basic,961.88
2442,Christopher Simmons,cainanthony@example.net,San Marino,2025-08-27,Standard,1358.96
2443,Mrs. Beth Church MD,christopher90@example.com,Slovakia (Slovak Republic),2024-12-04,Standard,4750.79
2444,Emily Baxter,stephaniewilson@example.org,Luxembourg,2022-03-21,Basic,458.09
2445,Joe Chapman,ernest06@example.org,Nepal,2022-09-03,Standard,3231.67
2446,Brandon Harris,ypeterson@example.org,Namibia,2025-02-26,Basic,178.06
2447,Billy Perez,uwatson@example.com,Brunei Darussalam,2020-11-17,Standard,999.12
2448,Denise Flores,gking@example.org,Reunion,2026-04-14,Standard,2172.95
2449,Barbara Stokes,anthonyduncan@example.org,Palestinian Territory,2020-03-02,Basic,337.10
2450,Debra Baxter,bruce21@example.org,Guinea,2024-12-08,Basic,380.63
2451,Heather Stewart,jason21@example.net,Northern Mariana Islands,2024-08-07,Basic,522.71
2452,Ryan Holmes,lwashington@example.com,Northern Mariana Islands,2020-09-12,Standard,2517.44
2453,William Brooks,michelle21@example.net,Mayotte,2020-12-05,Standard,1819.96
2454,Lori Leonard,garzajill@example.org,Gabon,2021-07-28,Basic,283.76
2455,Mr. Johnathan Reyes,suzannegilmore@example.org,Namibia,2025-02-18,Basic,707.20
2456,Heather Howard,martintanner@example.net,Papua New Guinea,2023-12-04,Standard,1504.71
2457,Anthony Meyer,jill83@example.net,Mauritius,2021-12-05,Basic,314.15
2458,Melissa Page,ytaylor@example.org,Andorra,2021-02-21,Standard,1555.72
2459,John Barrett,michaelbradshaw@example.net,Tunisia,2024-12-03,Standard,4871.30
2460,Richard Myers,geraldkane@example.org,Saudi Arabia,2022-02-14,Standard,1512.71
2461,Nicholas Alvarado,tjackson@example.com,China,2020-09-15,Basic,197.56
2462,Philip Gilmore,davissonya@example.org,Ecuador,2023-09-05,Standard,4663.69
2463,Kelly Thompson,frenchcatherine@example.net,Israel,2026-02-19,Standard,4532.85
2464,Jill Taylor,vsmith@example.org,Mozambique,2022-08-16,Basic,1486.37
2465,Austin Huff,smithjesse@example.org,Australia,2022-05-28,Basic,1404.21
2466,Daniel Wood,amberthompson@example.org,French Southern Territories,2024-11-27,Standard,4453.97
2467,Travis Walker,nealrobert@example.org,Venezuela,2025-07-26,Basic,580.87
2468,Matthew Flores,ricardo60@example.com,Jordan,2023-07-09,Standard,2407.57
2469,Daniel Fox,alex95@example.org,Kyrgyz Republic,2025-10-16,Standard,4313.08
2470,Brandon Mckenzie,meredithnunez@example.org,Trinidad and Tobago,2021-02-25,Basic,1101.15
2471,Ashley Day,justin16@example.com,Burundi,2025-11-24,Basic,406.91
2472,Jasmine Hill,darren37@example.org,Kyrgyz Republic,2026-03-31,Basic,51.70
2473,Kelly Woods,wshannon@example.org,Jamaica,2023-02-16,Standard,2542.76
2474,David Carter,fuentesnichole@example.org,Lebanon,2025-09-18,Basic,1421.60
2475,Jorge Alexander,hufftroy@example.net,Mongolia,2022-03-07,Standard,1906.45
2476,Clayton Khan,ann74@example.com,Sierra Leone,2021-04-03,Standard,2983.24
2477,Carol Adams,ynorman@example.org,Macao,2021-10-11,Standard,2917.42
2478,Joan Hodges,martinmorgan@example.net,Heard Island and McDonald Islands,2025-06-25,Standard,1843.80
2479,Philip Barnes,campbelltaylor@example.org,Maldives,2024-12-16,Standard,2090.38
2480,Amy Smith,larsonjeremy@example.com,Niue,2022-11-20,Basic,120.81
2481,Dr. Christopher Myers,jimmy99@example.org,Syrian Arab Republic,2025-11-22,Basic,142.73
2482,Connie Ferguson,emily04@example.com,Tanzania,2025-04-24,Standard,2600.27
2483,Brandon Walker,joshua70@example.com,Saint Lucia,2024-04-23,Standard,3634.83
2484,Jocelyn Pearson,natalie46@example.com,Bulgaria,2022-07-01,Basic,1354.73
2485,David Tran,richardsonkenneth@example.net,Benin,2024-07-09,Basic,1038.57
2486,Nicole Duncan,hernandezthomas@example.net,Chad,2023-06-16,Basic,622.91
2487,Richard Parker,terrydebra@example.net,Hungary,2023-11-03,Premium,15614.35
2488,Heidi Mullins,cjohnson@example.org,Romania,2020-02-19,Standard,1524.85
2489,Jeff Hicks,anthonywebb@example.com,Papua New Guinea,2021-08-25,Premium,2969.41
2490,Kaitlin Moody,kelleyderek@example.net,Cocos (Keeling) Islands,2021-05-27,Premium,12148.57
2491,Karen Andrews,kimberly90@example.net,Korea,2022-10-19,Standard,3416.06
2492,Erin Shaw,erica06@example.com,Sao Tome and Principe,2023-05-20,Basic,1386.99
2493,Eric Li,barcher@example.net,Tanzania,2021-05-13,Basic,687.03
2494,Erica Johnson DDS,ashley21@example.net,Korea,2022-02-04,Basic,1273.28
2495,Kristina Hubbard,gardnerrichard@example.net,Kenya,2020-05-22,Basic,250.35
2496,Cody Brown,moralesfrancisco@example.net,Ukraine,2020-03-13,Standard,2103.22
2497,Tony Carpenter,katiehicks@example.net,Belgium,2025-11-08,Basic,1442.76
2498,Kimberly Moore,hoffmanrobert@example.com,Turks and Caicos Islands,2024-06-23,Basic,1477.48
2499,Cynthia Davis,fergusonlynn@example.com,New Zealand,2025-02-13,Basic,1158.07
2500,Edgar Johnson,teresamiller@example.org,Greece,2021-09-29,Basic,355.33
2501,Lindsay Smith MD,ycole@example.net,Christmas Island,2022-01-05,Basic,1265.87
2502,Joshua Lee,jonathan98@example.org,Faroe Islands,2020-06-03,Basic,953.76
2503,Natalie Ramirez,lisaterry@example.net,Philippines,2021-07-17,Standard,4504.51
2504,Nathaniel Rodriguez,ashaw@example.com,North Macedonia,2025-06-21,Basic,308.55
2505,Mary Byrd,nicole89@example.org,Bosnia and Herzegovina,2022-07-05,Basic,1312.10
2506,Sonya Carpenter,rachelvaldez@example.org,Greenland,2022-07-11,Basic,538.32
2507,Patricia Wilson,gilestiffany@example.com,Norfolk Island,2020-01-04,Premium,20260.08
2508,Anthony Johnson,holmesrachel@example.org,Korea,2021-12-26,Basic,258.90
2509,Christopher Bautista,denisetownsend@example.com,Tajikistan,2021-01-22,Standard,1832.68
2510,Amanda Jefferson,gthomas@example.net,Mozambique,2023-07-04,Standard,3065.13
2511,Catherine Lucas,christopher68@example.org,Jamaica,2026-06-06,Standard,3842.16
2512,Michelle Wilkerson,kgarrison@example.com,Iraq,2026-03-27,Standard,4553.29
2513,Andrew Anderson,allendavid@example.org,North Macedonia,2022-08-10,Basic,1083.68
2514,Thomas Lee,juan35@example.net,Hong Kong,2025-01-15,Premium,20925.80
2515,David Murillo,fyoder@example.org,Algeria,2024-03-12,Basic,490.77
2516,Matthew Barrett,francis53@example.com,Nepal,2024-11-23,Basic,622.88
2517,Timothy Frye,adiaz@example.org,Micronesia,2020-02-15,Standard,3851.37
2518,Jennifer Velasquez,wrightnicholas@example.com,Afghanistan,2026-01-19,Standard,4116.42
2519,Dana Flores,bobby53@example.net,Serbia,2020-11-16,Standard,1398.10
2520,Angela Patel,xclarke@example.com,Philippines,2022-10-29,Standard,1580.61
2521,James Miles,davidsawyer@example.net,Korea,2020-02-09,Premium,22775.90
2522,Jacob Crosby,mjenkins@example.org,Djibouti,2026-08-23,Standard,2086.38
2523,Robert Munoz,ecampbell@example.org,Holy See (Vatican City State),2022-11-06,Basic,1214.65
2524,Kari Pruitt,denniswilliams@example.com,Colombia,2023-11-14,Basic,1139.65
2525,Christopher Jenkins,alexbutler@example.org,Korea,2024-01-10,Premium,20225.61
2526,Jennifer Lopez,nicholas99@example.net,Swaziland,2026-04-25,Premium,24205.52
2527,Lindsey Bean,jasonwalton@example.net,Lesotho,2021-01-10,Standard,3252.82
2528,Jose Mckinney,xcarr@example.com,American Samoa,2025-10-04,Premium,17709.56
2529,Joseph Williams,paula31@example.com,Cook Islands,2022-01-01,Standard,1743.56
2530,Vanessa Greene,vickiepowell@example.org,Albania,2024-01-06,Premium,3175.17
2531,Anthony Werner,jspears@example.net,Saint Kitts and Nevis,2025-12-20,Standard,2542.57
2532,Ricky Figueroa,melissaharrell@example.net,Vietnam,2024-12-20,Basic,1399.16
2533,Bruce Harris,omorris@example.net,Latvia,2023-10-03,Premium,9316.45
2534,Kimberly Newman,vphillips@example.net,Wallis and Futuna,2020-11-17,Standard,2156.84
2535,Adam Oliver,brianwhite@example.com,Switzerland,2024-08-22,Standard,3165.95
2536,Kari Simmons,deanjose@example.net,Iran,2021-07-18,Basic,568.09
2537,Teresa Wilcox,banksmeredith@example.com,Martinique,2020-10-31,Standard,3981.18
2538,John Diaz,westricky@example.org,Vietnam,2020-11-16,Premium,21065.95
2539,Vanessa Hernandez,melissa04@example.org,South Africa,2023-07-03,Standard,2760.03
2540,Bryan Martin II,douglastimothy@example.net,Germany,2026-04-02,Basic,326.58
2541,Anthony Henry,dawnjones@example.com,Bahamas,2025-08-29,Standard,2454.49
2542,Kenneth Alvarado,thomasmatthew@example.net,Samoa,2021-07-02,Basic,568.36
2543,Andrea Gonzalez,dlee@example.org,Comoros,2025-07-24,Basic,755.71
2544,Edward Davies,melanie48@example.net,Afghanistan,2021-12-26,Basic,1124.48
2545,Alexander Brady MD,kimedwards@example.org,Uzbekistan,2025-03-10,Standard,3888.94
2546,Russell Gutierrez,waterscharlene@example.com,Norfolk Island,2026-06-12,Basic,536.63
2547,Kristin Harrington,christopher32@example.net,Nauru,2020-03-23,Premium,9570.53
2548,James Bonilla,jacobscharles@example.com,Malawi,2022-04-23,Basic,1378.81
2549,Patrick Daniel,morrismary@example.com,Faroe Islands,2020-01-04,Standard,1663.83
2550,Maureen Wright,weeksbrandon@example.com,Swaziland,2024-10-12,Basic,1454.25
2551,Adam Sanchez,loveluis@example.com,British Indian Ocean Territory (Chagos Archipelago),2023-02-23,Basic,579.37
2552,Dr. Danielle Leblanc,gregorybrock@example.org,Pitcairn Islands,2023-08-04,Basic,875.59
2553,Randy Wang,allennathan@example.net,Micronesia,2021-05-23,Basic,1455.21
2554,Lori Steele,kelleramanda@example.org,Canada,2022-08-28,Standard,3055.44
2555,Michael Davis,bcampbell@example.net,Netherlands Antilles,2022-08-10,Premium,21703.79
2556,David Le,jamescantu@example.net,Lao People's Democratic Republic,2021-05-17,Basic,724.95
2557,Kathy Hunter,gillmary@example.com,Armenia,2021-12-30,Standard,3164.06
2558,Kristin Riddle,carlsonblake@example.net,Saint Barthelemy,2023-05-14,Basic,71.33
2559,Anna Combs,michelle11@example.org,Pitcairn Islands,2020-10-12,Basic,1157.92
2560,James Garcia,amanda85@example.net,Australia,2025-09-12,Standard,4074.26
2561,Daisy Barrett,wheelerrichard@example.com,Korea,2022-04-13,Standard,4254.17
2562,Caitlin Smith,carolineruiz@example.org,Lebanon,2025-04-25,Basic,123.42
2563,Michael Phillips,boyererika@example.net,Sierra Leone,2023-03-06,Standard,4770.13
2564,Christina Wallace,robertsjulie@example.net,Montserrat,2020-11-30,Basic,547.10
2565,Dominic Walter,alara@example.org,Tunisia,2022-04-04,Basic,703.20
2566,Michael Johnston,coxtheresa@example.org,San Marino,2022-09-17,Basic,747.10
2567,Elizabeth Anderson,chess@example.org,Cuba,2022-07-23,Standard,4862.41
2568,Amber Reilly,longbob@example.com,Dominican Republic,2026-01-13,Standard,3416.61
2569,Andrew Simon,hollandroy@example.org,Nigeria,2022-11-20,Standard,4128.00
2570,Scott Willis,mcneilbrian@example.net,Dominica,2023-08-17,Basic,230.92
2571,Chad Franklin,eric37@example.com,Montenegro,2024-04-02,Premium,8670.95
2572,Crystal Rodriguez,tanyawilliams@example.net,Saint Barthelemy,2023-02-10,Standard,4153.11
2573,Scott Ford,qmichael@example.com,Equatorial Guinea,2023-07-20,Basic,515.05
2574,Ms. Breanna Flores,heather53@example.net,Bermuda,2025-05-26,Basic,1111.13
2575,Justin Higgins,wbailey@example.net,Croatia,2020-10-29,Basic,725.46
2576,Diane Rivera,kmoore@example.net,South Africa,2021-11-19,Basic,223.85
2577,Johnny Simpson,holly60@example.org,Sudan,2024-07-25,Basic,255.69
2578,Sara Collins,ajohnson@example.com,Kiribati,2022-09-19,Basic,357.89
2579,Javier Dorsey,andersonmichael@example.org,Haiti,2025-09-30,Premium,13922.58
2580,James Gonzalez,jonesjerry@example.net,North Macedonia,2023-05-10,Basic,812.60
2581,Robert Stewart,reedscott@example.org,Holy See (Vatican City State),2026-05-01,Premium,13139.66
2582,Benjamin Sanchez,kyle94@example.org,Russian Federation,2020-11-09,Basic,444.23
2583,Patrick Lewis,heather79@example.org,Ghana,2022-07-01,Basic,653.53
2584,Timothy Miller,vgraham@example.com,Tanzania,2024-10-22,Premium,20742.10
2585,Jessica Price,spencerjames@example.com,Rwanda,2024-10-12,Standard,4444.67
2586,Michael Stevens,brookstaylor@example.org,Ecuador,2024-01-16,Basic,970.78
2587,Sarah Solis,weaverjohn@example.org,Sri Lanka,2026-08-12,Basic,1324.36
2588,Carla Morrison,nburns@example.org,Thailand,2024-04-10,Basic,1045.48
2589,Lindsey Mendoza,jasonmurillo@example.com,French Guiana,2025-06-10,Premium,11053.46
2590,Justin Anderson,kathrynochoa@example.com,Honduras,2021-09-21,Basic,267.90
2591,Chelsea Martin,nsellers@example.net,Cayman Islands,2024-02-09,Basic,930.31
2592,Gina Taylor,johnwhite@example.net,Bhutan,2021-06-28,Standard,4883.75
2593,Ana Jensen MD,zacharycarter@example.org,French Southern Territories,2021-09-03,Standard,2478.41
2594,Kevin Hernandez,marshtimothy@example.com,Tokelau,2023-04-17,Standard,2891.85
2595,Melissa Martinez,cbrown@example.com,Jordan,2020-07-23,Standard,3085.16
2596,Andrea Arnold,davidsmith@example.com,Solomon Islands,2023-10-13,Basic,1479.49
2597,Michael Lopez,uhaney@example.org,United States Minor Outlying Islands,2021-11-22,Premium,10310.94
2598,John Harris,perryjessica@example.net,Antigua and Barbuda,2020-11-07,Basic,545.29
2599,Edwin Mendoza,jsmith@example.com,Austria,2026-05-10,Basic,713.04
2600,Frances Edwards,derek41@example.net,Swaziland,2021-08-01,Standard,1784.37
2601,Michael Luna,rachaelnelson@example.net,Oman,2020-04-01,Premium,16295.00
2602,Peter Hunter,ichavez@example.com,Montenegro,2025-10-12,Basic,1325.99
2603,Jessica Moore,sanchezrichard@example.net,Panama,2026-03-01,Premium,23152.73
2604,Rebecca Acevedo,sonya14@example.net,Kiribati,2026-07-15,Basic,799.70
2605,Maria Clark,tinahale@example.net,Philippines,2021-10-11,Standard,1503.01
2606,Kimberly Ramirez,scottrobin@example.net,Japan,2023-03-23,Basic,792.79
2607,Stacy Cervantes,delacruzcarla@example.net,Cote d'Ivoire,2020-03-24,Standard,4715.73
2608,Shane Phillips,davidwalker@example.net,Equatorial Guinea,2020-12-13,Standard,4671.35
2609,Brian Higgins,guerrerorenee@example.com,Nicaragua,2025-12-11,Standard,1443.77
2610,Crystal Smith,whiteshannon@example.net,Qatar,2021-12-01,Basic,745.91
2611,Brenda Lee,sheila42@example.net,Central African Republic,2026-07-29,Standard,3390.64
2612,Nicole Horton,boonekim@example.net,Cambodia,2022-04-08,Basic,417.99
2613,Jerry Day,qbrown@example.net,Thailand,2026-01-18,Basic,1130.32
2614,Anthony Terry,heidiscott@example.net,Heard Island and McDonald Islands,2021-12-06,Premium,12969.09
2615,William Greene,peter58@example.com,Poland,2022-09-01,Standard,3023.01
2616,Reginald Hughes,tashachase@example.com,Cape Verde,2022-12-14,Standard,2270.33
2617,Amber Daniels,robertcruz@example.org,Albania,2021-05-04,Standard,2995.99
2618,Steven Oconnor,vtapia@example.com,Papua New Guinea,2020-08-28,Premium,20793.49
2619,Erica Walton,pamela51@example.org,Equatorial Guinea,2026-03-03,Standard,1756.81
2620,Adam Hughes,ymorgan@example.com,Sri Lanka,2023-02-17,Basic,1178.33
2621,Michael Howard,qreyes@example.com,Botswana,2023-07-14,Standard,4003.69
2622,Shannon Green,afitzpatrick@example.org,Spain,2021-01-09,Basic,1341.72
2623,Joseph Barr,xsmith@example.org,Taiwan,2025-08-23,Basic,1105.86
2624,Andrew Brown,mullenricky@example.org,Turkmenistan,2022-02-12,Basic,994.77
2625,Debra Hendricks,cbrown@example.net,Grenada,2024-02-21,Basic,413.99
2626,Nancy Walker,julie34@example.net,Mozambique,2024-11-12,Basic,841.69
2627,Margaret Colon,kcarlson@example.com,Burkina Faso,2020-01-30,Basic,807.40
2628,Christian Adams,michaellynch@example.net,American Samoa,2025-08-05,Basic,511.97
2629,Julie Gomez,fwalton@example.com,Malawi,2021-12-27,Basic,1274.66
2630,Frank Bowman,ashleyrhodes@example.com,Myanmar,2026-06-25,Premium,19334.49
2631,Amber Barrett,tsmith@example.net,El Salvador,2025-07-06,Basic,956.25
2632,Rhonda Williams,taragomez@example.net,Netherlands Antilles,2021-10-19,Basic,709.61
2633,Joseph Bishop,mcdonaldmegan@example.org,Armenia,2026-06-28,Basic,719.86
2634,Jessica Stevens,amanda75@example.net,Haiti,2021-07-06,Standard,619.43
2635,Eric Palmer,rrojas@example.net,Saint Helena,2026-05-12,Standard,501.38
2636,Joseph Ramsey,kristin86@example.net,Malaysia,2021-01-21,Standard,648.62
2637,Kenneth Moore,garysnow@example.org,Saint Pierre and Miquelon,2025-05-13,Basic,1418.64
2638,Jamie Dean,gabriel67@example.com,Vanuatu,2024-04-11,Standard,1232.73
2639,William Lee,cruzhunter@example.net,Croatia,2023-06-09,Basic,1280.85
2640,Melanie Watson,harrisonvincent@example.com,Slovakia (Slovak Republic),2024-05-16,Basic,334.50
2641,Ivan Morgan,robert89@example.org,Venezuela,2020-12-22,Standard,4501.56
2642,Casey Hardy,desireewilson@example.net,Macao,2022-10-19,Basic,1430.19
2643,Christian Jackson,kshelton@example.org,Argentina,2026-04-18,Basic,1179.67
2644,Veronica Stewart,monique87@example.org,Paraguay,2024-09-18,Basic,684.84
2645,John Griffin,jacqueline17@example.com,Luxembourg,2025-11-30,Basic,350.56
2646,Joseph Zhang,cameronkaitlyn@example.com,Malaysia,2022-02-02,Standard,2634.55
2647,Erica Morrison,mike96@example.org,Iraq,2020-06-10,Premium,22497.54
2648,Dennis Hunt,bharris@example.org,Andorra,2025-07-02,Basic,1348.13
2649,Chris Wheeler,whiteshari@example.net,Netherlands,2024-07-23,Basic,1290.82
2650,Nancy Payne,mooreashley@example.net,Mali,2020-03-08,Premium,9832.47
2651,Rachel Garcia,lisajohnson@example.com,Albania,2024-04-13,Standard,692.54
2652,Philip Sheppard,marksbrandon@example.net,Bulgaria,2026-02-03,Basic,1173.62
2653,Leah Thomas,jeffreywhitehead@example.net,Panama,2021-06-17,Standard,1365.03
2654,Eric Barrera,sanchezleslie@example.com,Liechtenstein,2026-03-10,Standard,1171.45
2655,Jennifer Stone,wendylee@example.com,Portugal,2022-03-08,Basic,568.23
2656,Jessica Singh,marybarrett@example.org,Bolivia,2022-12-20,Basic,124.03
2657,Andrew Richard,scott05@example.org,Norway,2022-02-23,Standard,2582.99
2658,Larry Wiley,zacharypage@example.com,Estonia,2020-08-15,Premium,17618.98
2659,Jordan Clark,collinskyle@example.com,Zambia,2020-04-18,Basic,436.61
2660,Ashley Hernandez,tiffanymcguire@example.org,Congo,2020-05-04,Standard,753.03
2661,Ashley Burton MD,manningbrandi@example.com,Turkey,2022-08-31,Basic,229.72
2662,Kimberly Russo,jessebeltran@example.net,Ethiopia,2025-10-22,Basic,850.86
2663,Deborah Cherry,angel36@example.net,Togo,2022-05-18,Basic,478.77
2664,Alex Reynolds,christiecastillo@example.com,Madagascar,2022-11-04,Premium,10730.50
2665,Heather Duffy,shawn29@example.net,Paraguay,2024-05-28,Premium,22802.72
2666,Brian Long,jennifertaylor@example.org,Greenland,2020-12-24,Basic,801.02
2667,Mary Day,jeremyevans@example.com,Timor-Leste,2023-09-21,Premium,12210.11
2668,Joshua Sims,amanda96@example.com,Anguilla,2026-08-10,Standard,1931.77
2669,Elizabeth Norton,yfletcher@example.org,Saint Lucia,2026-04-20,Basic,879.42
2670,Laura Gardner,dorseytony@example.net,Venezuela,2020-10-24,Standard,1648.13
2671,Jessica Ramos,alexander22@example.org,Malaysia,2026-02-22,Premium,22619.26
2672,Juan Brewer,patricia13@example.com,Taiwan,2024-06-03,Standard,4039.34
2673,Michael Brown,lisa37@example.com,France,2021-10-26,Premium,21183.77
2674,Leslie Ball MD,oroberts@example.org,Cook Islands,2020-03-03,Premium,10506.65
2675,Christian Nixon,tanya09@example.net,Oman,2025-02-16,Standard,4715.03
2676,Chelsea Grant,robertchavez@example.org,Netherlands Antilles,2023-11-23,Basic,452.40
2677,Jennifer Cisneros MD,julie34@example.org,Sudan,2024-12-19,Standard,677.73
2678,Ricky Massey,erinirwin@example.com,Nicaragua,2026-04-28,Standard,3447.79
2679,Steven Clark,jstanton@example.org,Uganda,2023-12-01,Standard,1830.94
2680,Patrick Davis,,North Macedonia,2022-10-20,Standard,680.76
2681,Barbara Carter,jasonfrank@example.com,Bahrain,2022-01-10,Standard,612.76
2682,Susan Hamilton,donald60@example.org,Mexico,2023-01-18,Premium,11749.47
2683,Carl Robinson MD,jill69@example.net,Grenada,2022-07-21,Basic,987.94
2684,Margaret Tucker,qbennett@example.org,French Southern Territories,2022-05-15,Basic,1432.96
2685,Timothy Novak,aaron25@example.com,Bahrain,2024-01-17,Basic,672.50
2686,Sandra Casey,kimberly48@example.com,Liberia,2024-11-06,Premium,21902.10
2687,Kimberly Armstrong,taylor33@example.org,El Salvador,2020-12-07,Basic,63.43
2688,Nicholas Dominguez,gloria49@example.org,Canada,2026-02-27,Standard,4335.46
2689,Michael Chapman,ulawrence@example.org,Bahrain,2022-05-19,Premium,9602.15
2690,Donna Aguilar,john76@example.com,Bhutan,2020-11-21,Premium,16072.84
2691,Joseph Brooks,brownjennifer@example.net,Lesotho,2023-06-03,Standard,2570.80
2692,Daniel Miller,maysjohn@example.com,Liberia,2026-06-03,Basic,473.50
2693,Brian Mcbride,elindsey@example.net,Korea,2023-07-24,Basic,1053.03
2694,Jennifer Warren,vturner@example.com,Taiwan,2020-08-24,Standard,1817.70
2695,Marissa Smith,qshort@example.org,Ecuador,2020-05-08,Premium,5157.73
2696,Jacqueline Baker,alexanderjohnson@example.org,Congo,2026-02-25,Basic,429.67
2697,Jessica Rogers,renee05@example.org,Chile,2020-05-11,Basic,412.70
2698,Dylan Hernandez,cortiz@example.org,Germany,2021-12-01,Basic,1309.38
2699,Kevin Thomas,birdrichard@example.org,Costa Rica,2020-07-02,Basic,889.13
2700,Betty Farrell,benjamin53@example.net,Bulgaria,2025-08-25,Basic,1427.85
2701,Jaime Taylor,daviselizabeth@example.net,Saudi Arabia,2021-03-23,Premium,11861.33
2702,Peter Scott,jason91@example.org,Denmark,2020-04-22,Standard,2208.96
2703,Jose Moses,hoganeric@example.net,Netherlands Antilles,2024-04-09,Standard,3284.74
2704,Jennifer Campbell,jaylopez@example.com,French Southern Territories,2021-09-09,Premium,2974.82
2705,Jeremy Mcguire,josephhunt@example.com,Congo,2025-02-20,Basic,784.80
2706,Monica Aguilar,john77@example.net,United Kingdom,2021-10-12,Standard,2155.51
2707,Matthew Pierce,gregory73@example.com,Iraq,2025-10-08,Basic,528.99
2708,Michael Osborn,vwatson@example.net,Tanzania,2025-07-22,Basic,451.38
2709,Steven Horne MD,monicadixon@example.net,United States Virgin Islands,2020-06-10,Standard,3121.94
2710,Derek Patton,jeffrey69@example.net,Heard Island and McDonald Islands,2022-10-09,Basic,1007.45
2711,Paula Rush,uhamilton@example.net,Djibouti,2021-01-22,Premium,9369.16
2712,Melissa Lyons,omartinez@example.net,Micronesia,2022-04-01,Basic,811.57
2713,Brittany Harris,lsnyder@example.org,French Southern Territories,2025-11-29,Basic,87.22
2714,Christopher Ellis,vtapia@example.net,Mexico,2020-09-08,Premium,3118.04
2715,Daniel Hopkins,gdunn@example.net,Japan,2026-03-13,Premium,3255.56
2716,Jennifer Garcia,kennethruiz@example.net,Dominica,2021-08-21,Basic,306.92
2717,Olivia Cobb,perrymichael@example.org,Peru,2024-02-06,Basic,104.95
2718,James Harrington,heatherdavis@example.org,Angola,2026-04-19,Basic,374.34
2719,Carlos Brown,kimberlymejia@example.org,Falkland Islands (Malvinas),2023-04-23,Standard,1100.32
2720,John Spencer,petersdonald@example.net,Falkland Islands (Malvinas),2023-07-27,Basic,932.36
2721,William Werner,lbowers@example.com,Slovenia,2023-10-27,Premium,15271.47
2722,Frank Ramirez,kaitlynfrey@example.net,Chad,2025-02-22,Premium,9210.66
2723,Haley Sullivan,carlastevens@example.net,Venezuela,2022-08-02,Basic,721.78
2724,Lydia Turner,randallarmstrong@example.net,Tanzania,2023-11-23,Basic,345.89
2725,Ashley May DDS,khiggins@example.com,Benin,2024-06-04,Basic,1277.26
2726,Michael Jenkins,jefferywalker@example.org,Antigua and Barbuda,2024-02-17,Standard,4778.74
2727,Christopher Glover,wilsonkimberly@example.org,Montenegro,2020-09-11,Basic,152.56
2728,Amanda Webster,jeremynelson@example.com,Cuba,2024-01-02,Basic,927.09
2729,Sandra Douglas,susanhill@example.org,Finland,2023-03-03,Basic,1405.31
2730,Rebecca Baker,friedmanmichelle@example.com,Netherlands Antilles,2020-04-20,Standard,1323.95
2731,David Stephens,moralestheresa@example.net,Palau,2021-06-10,Basic,51.34
2732,Angela Johnson,diana20@example.org,Marshall Islands,2024-09-22,Basic,826.96
2733,Sarah Frost,cmoon@example.net,Barbados,2023-09-27,Standard,4168.56
2734,Danielle Thomas,,Gabon,2025-10-30,Standard,2726.35
2735,Whitney Clark,charlesbrown@example.com,Mongolia,2023-09-07,Standard,3548.35
2736,Ryan Hebert,harrisamy@example.org,Belgium,2026-07-21,Basic,598.82
2737,Dr. Stephen Gibbs,harrisderek@example.net,Bolivia,2022-02-26,Standard,3556.23
2738,Ryan Smith,kevinmarshall@example.org,Central African Republic,2023-11-18,Basic,611.59
2739,Regina Davis,wilsonmary@example.com,Thailand,2026-06-17,Basic,1199.30
2740,Terry Peck,bartoncathy@example.com,Lebanon,2024-03-16,Standard,1485.27
2741,James Dalton,cassieallen@example.org,Argentina,2025-08-26,Basic,689.40
2742,Mr. Brian Odom Jr.,gary21@example.com,Finland,2026-02-09,Basic,1118.79
2743,David Mora,martinjenkins@example.net,Jersey,2025-11-01,Standard,1794.06
2744,Austin Kelley,matthew52@example.net,Luxembourg,2026-06-05,Basic,699.40
2745,April Schultz,tommy17@example.net,Mauritius,2024-12-02,Standard,2560.19
2746,Kelly Melendez,ronald94@example.net,Montenegro,2023-12-22,Basic,1209.15
2747,Veronica Johnson,garzacourtney@example.net,Guam,2026-07-15,Basic,861.10
2748,Matthew Morales,michael84@example.org,Timor-Leste,2022-11-17,Standard,3635.37
2749,Nathaniel Bryant,wpowell@example.net,Guyana,2026-08-04,Basic,1059.17
2750,James Smith,alvaradochristopher@example.net,Uruguay,2022-09-11,Basic,79.40
2751,Abigail Cardenas,qcallahan@example.org,Solomon Islands,2021-10-29,Premium,20090.57
2752,Robert Mcdowell,schmitttina@example.com,Ireland,2024-08-29,Standard,2273.72
2753,Dillon Stanton,tuckeramanda@example.org,Latvia,2023-08-09,Standard,1158.81
2754,Nathan Martinez,donaldthomas@example.org,Cocos (Keeling) Islands,2022-09-17,Basic,1427.81
2755,Adam Ramirez,michelle83@example.com,New Caledonia,2021-03-01,Premium,21735.31
2756,Aaron Davis,shaun13@example.com,Tuvalu,2023-12-07,Basic,431.42
2757,Taylor Reed,mckenziesonya@example.com,Congo,2025-03-15,Basic,1121.20
2758,Jessica Thomas,sandrasmith@example.com,French Guiana,2022-02-13,Premium,10644.50
2759,Mary Huber,georgesteven@example.org,Antarctica (the territory South of 60 deg S),2020-10-13,Basic,1219.23
2760,Sarah Johnson,curtis45@example.org,Gabon,2020-11-06,Basic,1210.46
2761,Peter Buchanan,spearsjose@example.com,Moldova,2020-07-06,Basic,743.34
2762,Nicholas Fuller,thompsondarlene@example.net,Moldova,2022-09-23,Standard,4063.96
2763,James Avila,jzavala@example.net,Russian Federation,2026-03-01,Basic,575.11
2764,Crystal Grant,contrerasconnor@example.net,Niger,2026-06-11,Standard,3572.11
2765,Danielle Hardin,lynnpowell@example.net,American Samoa,2024-10-29,Basic,637.91
2766,Frank Cooper,lmueller@example.net,Gambia,2022-02-14,Standard,3751.98
2767,Peter Lopez,flowerscarrie@example.com,Montenegro,2024-08-23,Standard,1459.69
2768,Heather Hernandez,esmith@example.net,Australia,2024-03-30,Premium,10459.56
2769,David Chavez,nathan01@example.com,Ghana,2022-08-02,Basic,1178.88
2770,Timothy Barnes,evansrachel@example.org,Burundi,2020-12-15,Basic,1333.54
2771,Kayla Lee,kgilbert@example.net,New Zealand,2022-05-19,Basic,421.64
2772,Eric Ayala,lheath@example.com,Spain,2025-08-25,Basic,787.31
2773,Douglas Lopez,rachelthompson@example.com,Malaysia,2025-10-31,Standard,4217.56
2774,Bobby Fletcher,daniel55@example.org,Western Sahara,2020-01-12,Standard,875.96
2775,Erin Morgan,lcampbell@example.org,Hungary,2025-10-23,Basic,1232.69
2776,Dr. Adrian Ramirez MD,allenkathryn@example.org,Palestinian Territory,2021-02-27,Basic,1468.52
2777,Megan Carter,sarahcharles@example.com,Northern Mariana Islands,2020-12-17,Basic,926.77
2778,Kelly Perez,andrew29@example.com,India,2023-07-31,Basic,1078.33
2779,Lisa Davis,coryphillips@example.org,Netherlands Antilles,2021-03-22,Basic,1148.81
2780,Eric Russell,rebeccahoward@example.org,Nauru,2020-12-03,Standard,4173.08
2781,Larry Wells,fostervalerie@example.com,Sao Tome and Principe,2021-03-04,Standard,3423.81
2782,Ryan Willis,turnerkimberly@example.com,Albania,2020-03-21,Standard,742.03
2783,Brandon Richards,raydawn@example.org,Holy See (Vatican City State),2021-03-25,Basic,945.60
2784,John Munoz Jr.,whitebonnie@example.com,Jersey,2024-02-13,Standard,4874.17
2785,Ryan Bennett,holly18@example.net,Heard Island and McDonald Islands,2020-08-29,Standard,1150.30
2786,April Cole,jeremymitchell@example.com,Saint Lucia,2022-05-10,Basic,610.10
2787,Patrick Miller,dcurtis@example.com,United States Virgin Islands,2025-05-08,Premium,20048.20
2788,Dominique Bennett,pgross@example.com,American Samoa,2025-03-15,Basic,1479.69
2789,Edward Sherman,ericalyons@example.org,Uruguay,2025-03-16,Standard,917.46
2790,Jonathan Costa,wmorgan@example.org,Palestinian Territory,2020-07-14,Basic,469.75
2791,Jennifer Martinez,angelaunderwood@example.net,Gibraltar,2023-02-18,Basic,290.13
2792,Matthew Robles,moorejohn@example.net,Brazil,2023-03-05,Basic,917.23
2793,Meghan Ramos,esoto@example.net,Japan,2022-08-08,Standard,4936.86
2794,Chris Sutton,ryanbrenda@example.org,Trinidad and Tobago,2021-05-12,Basic,530.52
2795,Kellie Mitchell,robert71@example.org,France,2020-12-01,Basic,606.37
2796,Cheryl Williams,shawnrogers@example.org,Montenegro,2025-08-18,Premium,22703.62
2797,Melissa Russo,clarkjordan@example.com,Netherlands Antilles,2025-01-02,Basic,503.80
2798,Jamie Salazar,tarafischer@example.net,Rwanda,2024-05-20,Premium,24122.05
2799,Juan Solis MD,ashley53@example.net,Burundi,2021-09-18,Basic,1438.01
2800,Donald Harrell,klara@example.net,Japan,2020-04-10,Premium,22468.49
2801,Jeremy Mcguire,monicawood@example.org,Libyan Arab Jamahiriya,2022-08-13,Premium,17573.33
2802,Tommy Walker,tracydavenport@example.net,India,2021-03-21,Basic,90.87
2803,Lisa Madden,allison84@example.net,Japan,2022-02-02,Premium,19260.06
2804,Robert Roberts,maria04@example.com,Niue,2021-01-23,Basic,1018.14
2805,Jason Anderson,imurphy@example.com,Togo,2020-12-01,Premium,23902.64
2806,Amy Fisher,karenliu@example.net,Lithuania,2020-09-24,Standard,4428.03
2807,Nancy Park,nsilva@example.com,Poland,2021-03-11,Standard,632.77
2808,Angel Johnston,samuel50@example.org,Cameroon,2025-11-02,Standard,4688.21
2809,Johnny Pierce,mitchellmichael@example.com,Saint Kitts and Nevis,2025-03-29,Basic,216.98
2810,Breanna Wilson,helen07@example.org,Costa Rica,2023-10-10,Basic,1488.57
2811,Brandi Carter,kimlee@example.net,Saint Martin,2021-07-13,Basic,1407.03
2812,Tammy Hale,levi67@example.com,Seychelles,2025-11-11,Premium,12007.99
2813,Craig Mccoy,melindabowers@example.net,Japan,2024-11-09,Basic,454.63
2814,William Ware,anthonyavery@example.org,Uganda,2021-05-02,Standard,1553.56
2815,Dorothy Hull,paulking@example.net,Costa Rica,2025-11-29,Basic,100.79
2816,Jenny Hayes,yjohnson@example.net,Chad,2021-05-12,Basic,614.99
2817,Lisa Jimenez,terrypatrick@example.com,Northern Mariana Islands,2026-03-31,Basic,678.31
2818,Donna Graham,andrewgalloway@example.com,Fiji,2024-07-04,Basic,243.76
2819,Ashley Lopez,christy19@example.org,Holy See (Vatican City State),2023-10-13,Basic,270.76
2820,Stacy Smith,nolankelly@example.org,Lebanon,2020-05-01,Basic,316.04
2821,Michelle Kline,fernandezbrandon@example.net,Saint Martin,2022-04-18,Basic,1188.63
2822,Monica Johnson,danielle04@example.org,Faroe Islands,2023-05-23,Basic,1448.11
2823,James Hicks,mcdanielmartha@example.org,Mali,2021-08-11,Basic,1475.01
2824,Jose Robinson,stephen58@example.org,Congo,2024-03-21,Standard,2193.45
2825,Ashley Powell,patrick71@example.com,Tajikistan,2020-04-12,Standard,4491.75
2826,Amanda Hayden,mooresteven@example.net,Bosnia and Herzegovina,2025-06-05,Basic,990.58
2827,Melissa Brewer,timothygarcia@example.org,Botswana,2022-09-11,Standard,1654.12
2828,Jessica Lindsey,krodriguez@example.net,Latvia,2022-06-08,Premium,3873.73
2829,Henry Fitzgerald,elizabethmoore@example.org,Lebanon,2025-07-02,Standard,4728.18
2830,Sharon Cook,nicholasscott@example.net,Mauritius,2025-10-15,Basic,78.28
2831,Gabriel Thornton,john33@example.net,Palau,2020-06-11,Basic,1441.88
2832,Carla Moore,ghopkins@example.com,United Kingdom,2023-12-13,Basic,56.15
2833,Mr. Austin Rivera,sarah68@example.com,Netherlands,2025-03-03,Standard,3552.78
2834,Shaun Harris,kristinapeterson@example.org,United Arab Emirates,2025-10-13,Standard,4410.33
2835,Paul Jordan,jonathanjones@example.com,Sudan,2025-06-30,Basic,972.30
2836,Francisco Golden,sherry61@example.org,Albania,2024-11-30,Basic,1106.82
2837,Connor Herman,umartinez@example.org,Northern Mariana Islands,2025-05-08,Basic,292.32
2838,Kristi Espinoza,stephanieleon@example.com,Korea,2023-01-15,Basic,220.50
2839,Audrey Koch,donald27@example.net,Madagascar,2026-02-14,Basic,994.69
2840,Richard Brown,jsolomon@example.org,Australia,2026-02-18,Standard,4031.98
2841,Diana Lee,tracy05@example.net,Palestinian Territory,2025-07-04,Standard,4145.25
2842,Mary Duke,toddmary@example.net,United Kingdom,2023-03-21,Standard,1500.94
2843,Kevin Mccoy,bennettjenna@example.com,Guernsey,2022-11-04,Standard,3726.68
2844,Jesse Phillips,pwarren@example.org,France,2025-02-19,Premium,13335.26
2845,Lucas Richardson,sharonfranco@example.org,Peru,2025-03-08,Basic,262.31
2846,Christina Ellis,susanwhite@example.org,Mozambique,2022-07-12,Standard,3044.42
2847,William Warner,ssmith@example.com,Lesotho,2020-07-03,Basic,532.40
2848,Philip Cook,millershirley@example.org,Samoa,2024-06-21,Standard,2628.22
2849,James Poole,robertjohnson@example.org,Burkina Faso,2024-09-02,Standard,3593.17
2850,Michelle Caldwell,mbrowning@example.com,Tonga,2022-09-02,Basic,846.03
2851,Connie Roberts,michaelkline@example.net,Colombia,2023-09-14,Standard,2626.38
2852,Kaitlyn Davis,patrick86@example.net,Iceland,2020-09-19,Standard,3926.31
2853,Cynthia Moore,christophercooley@example.com,Puerto Rico,2025-09-04,Standard,4715.58
2854,Jenny Thomas,lanceryan@example.com,Togo,2020-12-03,Basic,919.91
2855,Virginia Jimenez,kellywilliams@example.org,Portugal,2025-12-01,Premium,3340.05
2856,Brenda Payne,millerelizabeth@example.com,Somalia,2025-11-10,Standard,843.18
2857,Alexander Cannon,jared27@example.org,Iran,2020-02-12,Standard,4606.90
2858,Anthony Newman,vanessaflores@example.com,Tanzania,2026-05-09,Basic,1128.96
2859,Kyle Farmer,lisadavis@example.org,Azerbaijan,2024-05-12,Basic,811.68
2860,Kelsey Larson,cameronramos@example.org,Saint Lucia,2024-10-22,Standard,4053.42
2861,Sarah Schmidt,thompsondawn@example.org,Grenada,2020-01-09,Basic,1481.86
2862,George Gilmore,colleenwilliams@example.net,Denmark,2024-08-26,Basic,266.88
2863,Daniel Ramos,xdavis@example.com,India,2020-04-30,Standard,4372.39
2864,Allison Mccormick,taylorderrick@example.net,Japan,2021-02-18,Standard,4567.94
2865,William Juarez,kimberly47@example.org,Tunisia,2023-06-17,Basic,167.97
2866,Angel Clayton,johnsonmichael@example.net,Yemen,2022-04-24,Standard,4010.62
2867,Dana Atkins,mcrawford@example.net,Kiribati,2021-05-30,Basic,768.54
2868,Charles Grant,burgessdonald@example.com,New Caledonia,2024-02-13,Standard,3621.06
2869,Dr. Heather Johnson PhD,bburnett@example.com,Portugal,2021-07-19,Premium,2547.58
2870,Karen Kane,dominiquedaniels@example.org,Ireland,2025-10-08,Standard,2813.19
2871,Joseph Ortega,angel62@example.com,Uzbekistan,2026-03-03,Basic,1140.04
2872,Cathy Reynolds,srobertson@example.net,Algeria,2022-09-03,Basic,448.22
2873,Jillian Sanders,umayo@example.org,Colombia,2023-10-17,Premium,9874.76
2874,Megan Klein,fordbeverly@example.org,Sri Lanka,2023-08-30,Basic,474.03
2875,Brandy Peterson,jcastillo@example.com,Gibraltar,2022-02-12,Basic,1312.73
2876,Jamie Johnson,rhondawood@example.net,Martinique,2026-06-27,Premium,19718.77
2877,Benjamin Page,david71@example.com,Greenland,2020-02-29,Basic,859.26
2878,Laura Ashley,brittanyrush@example.com,Trinidad and Tobago,2023-03-19,Standard,2761.97
2879,Kimberly Alexander,skinnerkyle@example.com,Armenia,2022-08-21,Standard,3132.43
2880,Patricia Smith,josewheeler@example.net,Cocos (Keeling) Islands,2020-05-16,Standard,2119.07
2881,Russell Henry,oriddle@example.org,Norway,2023-06-25,Standard,1601.69
2882,Craig Martinez,matthewsmith@example.net,Madagascar,2020-02-10,Standard,2410.07
2883,Katherine Jackson,moralesdawn@example.com,Canada,2022-08-09,Premium,8635.79
2884,Samuel Russell,loriwalters@example.org,Hungary,2026-08-16,Premium,21508.10
2885,Richard Jimenez,andrewtaylor@example.com,Solomon Islands,2021-02-12,Standard,2921.10
2886,Michael Taylor,ecox@example.net,North Macedonia,2021-02-23,Basic,786.52
2887,Robert Simpson,romankathryn@example.com,India,2021-12-01,Standard,3124.79
2888,Holly Russell,uscott@example.com,Mauritius,2026-04-18,Basic,901.75
2889,Heidi Torres,jeffery51@example.com,Hong Kong,2026-01-04,Standard,1554.38
2890,Vanessa Bates,ggomez@example.org,Papua New Guinea,2024-05-12,Standard,2195.85
2891,Craig Phillips,donnamcintosh@example.net,Mexico,2024-12-22,Standard,682.16
2892,Sarah Collier,ryanmyers@example.com,Maldives,2026-04-15,Standard,4409.50
2893,Scott Shepherd,ediaz@example.org,Uzbekistan,2022-01-31,Basic,384.98
2894,Dana Mejia,nwise@example.net,Cuba,2023-05-19,Basic,1106.12
2895,Elizabeth Savage,sshea@example.com,Tonga,2024-05-15,Basic,366.71
2896,Phillip Tyler,lauren50@example.net,China,2023-07-25,Basic,1159.43
2897,Christopher Carson,ellisjuan@example.net,Senegal,2023-07-17,Premium,22237.06
2898,John Perez,lmeadows@example.com,Faroe Islands,2021-04-21,Premium,10433.44
2899,Mary Montes,allensara@example.org,Italy,2024-03-23,Basic,139.08
2900,Heather Gomez,hannahfields@example.com,Guam,2020-11-30,Basic,1167.04
2901,Justin Collins,jeremy12@example.com,Nepal,2020-02-26,Standard,3868.15
2902,Megan Hall,karenoliver@example.com,Comoros,2021-10-05,Basic,332.35
2903,Susan Rodriguez,dianejohnston@example.com,Trinidad and Tobago,2020-07-10,Premium,23034.15
2904,Stephen Montoya,andreapittman@example.com,United Kingdom,2021-02-09,Standard,4214.39
2905,Ashley Williams,tyler83@example.net,Saint Barthelemy,2021-03-21,Basic,499.41
2906,Gordon Miller,zdavila@example.net,Swaziland,2024-07-03,Premium,14324.07
2907,David Davis,twade@example.com,Switzerland,2026-01-18,Basic,661.78
2908,Connie Chavez,bradshawrobert@example.com,Colombia,2022-05-19,Premium,14530.23
2909,Jesus Wright,paul21@example.net,Ghana,2023-08-15,Standard,3620.69
2910,Jay Bowen,kathleenscott@example.org,China,2025-07-11,Basic,1423.19
2911,David Wilson,amyers@example.net,Nigeria,2025-01-05,Basic,1012.26
2912,David Munoz,yallen@example.org,Uzbekistan,2026-03-17,Standard,3058.11
2913,Benjamin Garner,collinsantonio@example.com,Saint Helena,2024-02-12,Standard,1222.88
2914,Brenda Nicholson,ralexander@example.org,Yemen,2024-02-05,Standard,2139.44
2915,Diana Perez,parkermax@example.org,Palestinian Territory,2021-02-25,Basic,1317.97
2916,Charles Franklin,richarddiaz@example.net,Cameroon,2021-12-10,Premium,5998.67
2917,Cynthia Sanchez,thomaswang@example.com,Honduras,2023-09-06,Standard,2683.70
2918,Amy Higgins,brittany44@example.org,Ukraine,2023-02-08,Premium,23978.57
2919,Christina Evans,xandrade@example.org,United States Virgin Islands,2020-07-25,Basic,987.11
2920,Melissa Foley,rwebb@example.net,Botswana,2025-04-17,Standard,2026.22
2921,Michael Wilson,yjacobs@example.com,Sudan,2022-02-18,Standard,3455.83
2922,Scott Hicks,nthomas@example.org,Samoa,2020-06-05,Basic,355.56
2923,Crystal Montgomery,coreypierce@example.com,Montenegro,2020-05-10,Standard,1340.43
2924,Jessica Shelton,hstrickland@example.org,Guinea-Bissau,2025-12-27,Basic,106.52
2925,Joanne Smith,michael99@example.net,Belgium,2020-11-28,Basic,933.02
2926,David Stewart,lambgregory@example.org,Singapore,2022-06-26,Standard,3466.87
2927,Kelly Castro,eatonjulie@example.com,Northern Mariana Islands,2024-04-19,Premium,15431.56
2928,Kristopher Shaw,djuarez@example.org,Pakistan,2022-04-21,Basic,733.91
2929,Larry Higgins,joshuacohen@example.com,Philippines,2025-03-09,Basic,1098.45
2930,Kimberly Cummings,kristinaweaver@example.org,Aruba,2022-04-25,Premium,5198.43
2931,Joshua Anderson,charlessavage@example.com,Bolivia,2020-07-02,Standard,1407.99
2932,Antonio Gardner,eduardogarcia@example.net,Palestinian Territory,2021-08-15,Standard,3961.77
2933,David Johnson,ginajones@example.net,Iceland,2023-08-22,Premium,15817.80
2934,Mandy Walker,youngannette@example.net,Pitcairn Islands,2023-06-25,Premium,22177.34
2935,Karen Sanchez,dburke@example.net,Malawi,2020-07-27,Basic,1479.13
2936,John Olson,williamsmichael@example.org,Equatorial Guinea,2023-12-11,Basic,1413.43
2937,Anthony Wells,bryantryan@example.com,Monaco,2024-08-25,Basic,1338.77
2938,Rebecca Lambert,dalton37@example.org,Marshall Islands,2022-06-06,Standard,845.27
2939,Sonia Silva,deanlauren@example.com,Guyana,2022-06-21,Basic,1254.80
2940,Larry Thomas,ycooper@example.org,Netherlands Antilles,2021-09-22,Basic,416.64
2941,Blake Gonzales,wattsemma@example.net,Israel,2021-03-28,Standard,2142.99
2942,Cynthia Gomez,taylorrichard@example.com,Uzbekistan,2024-12-28,Basic,166.82
2943,Teresa Watson,gclark@example.org,Mayotte,2025-03-02,Standard,3590.06
2944,Nicole Morrow,martindonald@example.net,Palau,2025-08-18,Basic,1268.67
2945,Donna James,turnerkristin@example.com,Christmas Island,2026-03-05,Basic,975.27
2946,Daniel Phillips,jonesstephen@example.org,Poland,2023-04-16,Basic,320.96
2947,Ashley Lopez,danielsanders@example.net,Saint Pierre and Miquelon,2021-12-25,Premium,14127.49
2948,Jennifer Mendoza,paul68@example.net,Iceland,2022-10-21,Basic,379.04
2949,Tammy Robinson,aaronramirez@example.org,Libyan Arab Jamahiriya,2023-12-12,Premium,22961.70
2950,Crystal Daniel,cannonbarbara@example.org,San Marino,2024-07-18,Standard,4120.92
2951,Michelle Gould,stanleygary@example.org,Hungary,2026-05-03,Standard,4674.27
2952,Austin Velez,bennettsharon@example.org,Mozambique,2022-03-12,Basic,601.03
2953,Carolyn Palmer,timothy83@example.org,Benin,2020-08-16,Standard,3561.52
2954,Kevin Zhang,epearson@example.com,Philippines,2023-07-28,Premium,18597.30
2955,Rachel Acosta,marissa74@example.net,Nicaragua,2022-12-25,Basic,1237.68
2956,Emily Spears,danielmartinez@example.com,Mayotte,2022-12-27,Basic,1180.05
2957,Victoria Kelly,tranamanda@example.org,Wallis and Futuna,2025-09-06,Premium,21677.67
2958,Billy Lewis,richard31@example.com,Cook Islands,2025-12-06,Basic,61.88
2959,Joel Friedman,shane26@example.org,Italy,2025-07-08,Basic,1216.23
2960,Claudia Sloan,davismary@example.org,Malta,2023-12-21,Basic,288.08
2961,Mariah Eaton,myerstiffany@example.org,Qatar,2025-09-04,Basic,297.36
2962,Maria Smith,simmonstristan@example.org,South Africa,2020-04-25,Standard,2048.47
2963,James Lang,robertmartinez@example.org,Belarus,2024-07-19,Basic,536.69
2964,Erin Lane,collinscarolyn@example.org,Ecuador,2023-02-17,Basic,836.73
2965,Howard Phillips,wesley56@example.org,Pitcairn Islands,2023-03-03,Premium,14142.12
2966,Olivia Martinez,ujefferson@example.org,Netherlands,2023-12-24,Premium,23791.55
2967,Frank Woodward,daniel41@example.net,Reunion,2024-03-16,Basic,1150.63
2968,Spencer Jones,marilyn62@example.org,Svalbard & Jan Mayen Islands,2024-12-03,Standard,1112.33
2969,Cole Shepherd,hortonrandall@example.net,Netherlands Antilles,2024-09-05,Basic,1016.03
2970,Roger Cummings,lucas15@example.com,Cuba,2021-09-26,Standard,855.91
2971,Alexa Ingram,hharper@example.net,Saint Pierre and Miquelon,2025-03-01,Standard,1813.18
2972,Amber Matthews,michael98@example.com,Burkina Faso,2022-03-31,Standard,3765.82
2973,Amanda Galloway,jacquelinemurray@example.net,Singapore,2024-03-10,Standard,1877.59
2974,Tracy Frost,emorales@example.org,Turkey,2025-12-08,Premium,13653.61
2975,Julie Villa,sjohnson@example.org,British Indian Ocean Territory (Chagos Archipelago),2021-05-16,Standard,4966.51
2976,Edward Smith,kevinsantos@example.net,Chile,2023-03-10,Basic,1167.46
2977,Anna Jensen,lisabrown@example.net,United States Minor Outlying Islands,2024-11-21,Basic,1220.69
2978,Jessica Parker,davisamy@example.net,Somalia,2021-08-20,Basic,1000.94
2979,Edward Stanton,eric02@example.net,Fiji,2022-01-23,Basic,748.00
2980,Holly Wolfe,scott51@example.org,Paraguay,2021-08-17,Standard,593.92
2981,Austin Rogers,alan94@example.org,Georgia,2024-11-23,Standard,765.87
2982,Joshua Mann,taylorflores@example.net,Burkina Faso,2023-04-18,Basic,1126.77
2983,Brandon Schultz,romeromakayla@example.com,Tokelau,2021-12-30,Standard,3651.42
2984,Penny Johnson,lucasflores@example.com,Cocos (Keeling) Islands,2020-07-03,Standard,2409.39
2985,Casey Walters,johnreyes@example.com,Jersey,2024-12-26,Premium,7249.30
2986,Jessica Thompson,ashleyhall@example.net,Hungary,2023-11-18,Standard,4480.39
2987,Ruben Weber,chelseasmith@example.net,South Africa,2020-08-14,Standard,2705.04
2988,Beth Valdez,kellygray@example.net,Christmas Island,2021-07-14,Basic,1193.30
2989,Jason Harris,emily89@example.org,Zambia,2023-05-30,Standard,656.68
2990,Jacob Crosby,ngraham@example.com,Saint Martin,2021-08-01,Basic,1094.45
2991,Robert Cain,justinluna@example.org,Hungary,2020-03-31,Basic,674.06
2992,Kristen Cooper,vadams@example.org,Morocco,2026-04-13,Standard,2413.38
2993,Peter Hansen,chelsea70@example.org,Montenegro,2025-09-26,Standard,1621.88
2994,Shelly Henderson,jason91@example.com,Iraq,2022-11-03,Standard,3113.25
2995,Caleb Dunn,adamgill@example.net,Guam,2022-03-08,Standard,2596.93
2996,Tiffany Lewis,valerie96@example.net,Honduras,2021-10-28,Premium,23717.82
2997,Jerry Ryan,stephen61@example.com,Reunion,2023-06-09,Standard,2099.96
2998,Shelby Delacruz,fsilva@example.com,Nigeria,2025-09-05,Standard,2237.85
2999,Alexander Blake,laura71@example.com,India,2022-12-06,Basic,88.55
3000,Jeffrey Nguyen,chase86@example.org,Poland,2023-03-13,Basic,408.16
3001,Eduardo Hart DDS,jamesbenson@example.com,New Zealand,2020-08-21,Premium,14125.89
3002,Ms. Erin Andrade,mario05@example.com,Ireland,2025-11-27,Basic,1467.35
3003,Tiffany Washington,brandon42@example.net,Jordan,2025-09-14,Basic,110.32
3004,Kimberly Jackson,laurie14@example.org,Tanzania,2020-06-24,Basic,75.91
3005,Scott Villarreal,monica76@example.net,China,2020-11-12,Basic,875.78
3006,Elizabeth Haney,sotokathleen@example.org,Maldives,2025-01-10,Basic,288.27
3007,Olivia Russell,lambertjames@example.net,Guernsey,2024-04-21,Premium,19469.33
3008,Angela Carrillo,scottlane@example.net,Grenada,2021-06-20,Premium,23140.97
3009,Mariah Smith,dawn85@example.org,United States of America,2020-07-23,Basic,1017.20
3010,Julia Warren,nwilliams@example.com,Greece,2025-10-11,Premium,9586.27
3011,Cory Henderson,kevin43@example.net,Nepal,2022-10-05,Standard,1252.27
3012,Linda Burgess,jessemedina@example.net,Canada,2021-09-19,Standard,4863.54
3013,Michael Davis,westjeffrey@example.org,Turks and Caicos Islands,2021-04-21,Basic,915.40
3014,Hunter Murray,athompson@example.org,Iceland,2022-12-21,Standard,1561.45
3015,Joshua Horton,qcervantes@example.com,Sierra Leone,2021-08-18,Standard,3923.75
3016,Melinda Santos,mary52@example.net,Guinea,2025-09-18,Standard,3485.45
3017,Joe King,riverskristen@example.com,Iceland,2025-08-24,Premium,18679.65
3018,Diana Baker,andrewdelacruz@example.com,Lao People's Democratic Republic,2023-02-06,Standard,2298.86
3019,Jeremy Gonzalez,joneskaren@example.org,Pakistan,2022-05-12,Standard,2285.46
3020,Kevin Mccormick,duncanjoshua@example.org,South Africa,2025-03-03,Standard,2152.51
3021,Nicholas Hernandez,jennifer53@example.net,South Georgia and the South Sandwich Islands,2022-09-21,Basic,1264.89
3022,Holly Peterson,robinhancock@example.org,Western Sahara,2022-03-21,Standard,1925.85
3023,Miss Suzanne Lambert,hensleybenjamin@example.com,Antarctica (the territory South of 60 deg S),2022-09-27,Basic,477.19
3024,Angela Brown,lisarichards@example.net,Guyana,2025-09-10,Basic,977.07
3025,Kyle Cannon,fbass@example.org,Mexico,2025-06-27,Basic,1093.49
3026,Kathryn Curry,rcobb@example.com,Japan,2020-09-04,Basic,368.44
3027,Julie Coleman,dixonkathryn@example.com,Malawi,2020-07-04,Standard,911.25
3028,Nathan Quinn,pross@example.com,Mexico,2023-03-29,Standard,4799.59
3029,Alexis Watson,miguelcooper@example.net,Namibia,2025-11-22,Standard,2025.85
3030,Lisa Hill,jacquelineholt@example.org,Saint Lucia,2022-06-30,Basic,482.99
3031,Kathleen Odonnell,stewartmary@example.net,Dominican Republic,2021-03-14,Basic,997.02
3032,Thomas Jones,gomezjavier@example.org,Martinique,2024-02-23,Standard,4104.28
3033,John Hayes,jasongarza@example.org,El Salvador,2022-08-02,Basic,207.30
3034,Gina Green,michelle20@example.org,Greece,2023-01-08,Standard,3313.79
3035,Alan Prince,sabrinaperez@example.net,Liberia,2024-01-12,Basic,199.95
3036,Wendy Medina,fgutierrez@example.com,Gabon,2024-04-17,Standard,1899.14
3037,Dalton Richardson,alankelly@example.com,Congo,2020-08-20,Basic,398.50
3038,Jennifer Flores,baileystephanie@example.net,Singapore,2021-10-12,Basic,326.36
3039,Melissa Burns,matthew99@example.org,Sudan,2023-07-31,Basic,334.32
3040,Stephen Leon,rangelteresa@example.net,Honduras,2023-11-04,Standard,1146.94
3041,Sara Dudley,bennettmichael@example.net,Christmas Island,2022-03-13,Premium,9672.79
3042,Scott Matthews,amanda91@example.net,Uganda,2021-06-06,Standard,894.67
3043,Anthony Gonzalez,fuentesmichelle@example.org,Eritrea,2024-10-07,Basic,571.04
3044,Rose Collins,curtisfranklin@example.com,Morocco,2020-11-05,Standard,1554.75
3045,Vanessa Boone,thompsonzachary@example.org,Latvia,2023-01-31,Basic,1413.07
3046,William Phillips,pdavis@example.org,Grenada,2026-01-08,Standard,4413.63
3047,Craig Brown,floresbenjamin@example.org,Sri Lanka,2025-11-15,Standard,3326.93
3048,Jeremy Miller,englishchristina@example.net,Ireland,2022-01-17,Standard,3639.76
3049,Mary Edwards,trussell@example.com,Dominica,2022-05-26,Basic,1495.99
3050,William Torres,carlagarcia@example.com,Wallis and Futuna,2024-12-26,Premium,5035.51
3051,Debra Hernandez,fparker@example.net,United States Virgin Islands,2024-02-01,Basic,494.25
3052,Jason Garcia,yhendrix@example.net,Nicaragua,2024-11-18,Basic,395.04
3053,Paul Larsen,ernestwright@example.net,British Virgin Islands,2020-08-14,Basic,1299.48
3054,Roger Buckley,gloriachen@example.com,Guinea-Bissau,2022-09-10,Standard,2788.23
3055,Matthew James,bblevins@example.net,Congo,2026-03-05,Basic,1025.58
3056,Robert Erickson DDS,reedjerry@example.net,South Georgia and the South Sandwich Islands,2024-03-14,Basic,363.84
3057,Theresa Bell,kathleenarnold@example.com,Australia,2024-03-21,Basic,1003.34
3058,Andre Choi,rdurham@example.net,Guadeloupe,2024-09-06,Standard,3646.95
3059,Dawn Lee,jcrosby@example.net,Guernsey,2024-02-05,Premium,19134.37
3060,Steven Shepherd,erica80@example.net,Venezuela,2020-08-02,Basic,146.98
3061,Kelli Smith,jwilliams@example.org,China,2020-12-24,Basic,1424.62
3062,Deborah Barnes,melanie74@example.com,Zimbabwe,2025-04-07,Standard,2082.04
3063,Lisa Peterson,scottchristopher@example.net,Saint Lucia,2025-05-10,Basic,1480.40
3064,James Watts,austinlester@example.com,Niue,2023-11-21,Premium,8427.56
3065,Chad Robertson,gschmidt@example.com,Saint Lucia,2025-08-06,Premium,18940.06
3066,Michael Pruitt,charlesprice@example.org,Israel,2025-11-09,Premium,5770.83
3067,Brenda Vargas,gaylauren@example.org,Moldova,2024-04-22,Basic,96.67
3068,Karen Lawrence,forr@example.net,Nicaragua,2022-07-18,Basic,463.91
3069,Christine Martinez,melody89@example.com,Saint Lucia,2020-02-07,Basic,190.38
3070,Nathan Roberts,lawrencekaren@example.com,Kuwait,2021-08-20,Standard,3145.03
3071,Tina Hall,panderson@example.net,Guinea-Bissau,2025-05-20,Basic,184.20
3072,Jennifer Lewis,wilkinsmark@example.org,Brunei Darussalam,2025-11-15,Premium,12353.23
3073,Adam Hawkins,hbriggs@example.net,Sierra Leone,2024-05-17,Premium,4280.14
3074,Jamie Guerrero,michaelalvarado@example.net,Martinique,2022-10-03,Premium,24226.17
3075,Caitlin Escobar,wolfdaniel@example.org,Cape Verde,2024-06-01,Standard,744.56
3076,Jeffrey Hicks,ronald46@example.com,United States of America,2021-08-19,Basic,1170.29
3077,Albert Avery III,timothyadams@example.com,Morocco,2022-09-22,Basic,1108.13
3078,Frances Miller,daisy17@example.com,Ukraine,2022-03-02,Standard,1281.40
3079,Erin Fuller,thill@example.com,Falkland Islands (Malvinas),2022-04-17,Standard,3596.61
3080,Michele Carter,ksutton@example.com,Kenya,2020-07-30,Basic,1094.78
3081,Paul Wilson,vcoleman@example.org,Ethiopia,2022-02-24,Standard,3505.35
3082,Evan Saunders,hcollins@example.net,Iraq,2024-01-30,Premium,3899.37
3083,Cynthia Sharp,knightjamie@example.net,Madagascar,2022-12-07,Standard,2808.22
3084,Brian Mueller,millerjill@example.net,Lebanon,2025-06-11,Basic,1315.74
3085,Thomas Thomas,katherine34@example.net,Netherlands Antilles,2024-05-04,Premium,6777.90
3086,Juan Bradley,ryan01@example.net,Tunisia,2021-02-10,Standard,1997.60
3087,Adam Harris,angela15@example.org,Kazakhstan,2023-05-15,Basic,215.23
3088,Stanley Ross,wgarcia@example.com,Eritrea,2024-12-22,Premium,7976.86
3089,Haley Willis,bwilliams@example.com,Togo,2021-10-24,Basic,665.78
3090,Wanda Schultz,tylerwilliams@example.com,San Marino,2021-10-11,Basic,173.58
3091,Sarah Evans,rodriguezhannah@example.net,Marshall Islands,2021-05-16,Basic,1039.32
3092,Jeremy Sims,leahdiaz@example.org,Chile,2025-06-18,Basic,1299.53
3093,Tiffany Booker,angelavalencia@example.net,Luxembourg,2026-07-13,Basic,633.80
3094,Kimberly Davis,,Western Sahara,2023-01-08,Standard,2097.35
3095,Martin Adams,jsmith@example.net,Singapore,2024-01-16,Basic,623.63
3096,Sandra Miller,lawsoncalvin@example.com,Holy See (Vatican City State),2025-07-16,Standard,4908.30
3097,Michael Ramirez,leoncassandra@example.org,Guadeloupe,2022-06-19,Premium,3706.87
3098,Thomas Harvey,abigailchambers@example.org,Maldives,2021-05-15,Basic,1155.36
3099,Kelly Nelson,yhamilton@example.com,Myanmar,2025-03-12,Basic,1260.81
3100,Mr. Eric Salazar,danielletorres@example.com,Mauritania,2025-12-22,Basic,431.24
3101,George Jenkins MD,jessicagreer@example.com,Seychelles,2023-02-18,Standard,644.95
3102,Katelyn Potts,kennethrodriguez@example.org,Guyana,2024-01-28,Standard,955.98
3103,Zachary Beck,martinezmason@example.com,Kyrgyz Republic,2023-12-14,Basic,811.28
3104,Dwayne Woodward,elizabethcardenas@example.net,Estonia,2023-01-10,Premium,4628.33
3105,Mr. Tommy Mcdonald,richard13@example.com,Faroe Islands,2024-08-14,Basic,1484.56
3106,Katherine Davis,nancy57@example.org,Niger,2024-04-24,Basic,983.18
3107,Scott Herrera,michael09@example.com,Libyan Arab Jamahiriya,2024-06-05,Standard,4519.93
3108,John Reilly,valdezrichard@example.org,Solomon Islands,2024-12-20,Standard,4331.45
3109,Susan Fuller,frankrobert@example.org,Croatia,2025-12-22,Basic,794.29
3110,Tonya Turner,turnersteven@example.com,Iran,2024-12-07,Basic,1388.51
3111,Jill Moran MD,fcaldwell@example.net,Sudan,2025-05-15,Basic,631.92
3112,Valerie Martinez,jennifer95@example.org,Maldives,2025-05-14,Standard,1419.56
3113,Mr. Miguel Powell Jr.,leemakayla@example.org,Andorra,2024-09-28,Premium,20314.59
3114,Michael Hopkins,changsamuel@example.org,Wallis and Futuna,2020-07-08,Premium,23912.33
3115,Maria Andrews,sdaniels@example.net,Christmas Island,2022-07-20,Standard,3864.52
3116,Michael Sanders,danielyates@example.net,Sudan,2026-04-14,Standard,3824.40
3117,Patricia Mclean,rwallace@example.org,Guinea,2025-03-12,Standard,4252.66
3118,Katelyn Allen,jacqueline96@example.org,Liechtenstein,2026-08-23,Standard,1529.30
3119,Joseph Lewis,rasmussenjerry@example.com,Svalbard & Jan Mayen Islands,2020-05-20,Standard,3417.15
3120,Adam Nelson,munozrenee@example.com,Chad,2020-09-15,Basic,636.31
3121,Lucas Reynolds,leejoseph@example.net,Montenegro,2023-04-12,Basic,1153.97
3122,Stacey Sampson,abigail03@example.net,Seychelles,2022-10-03,Standard,4024.32
3123,Alexandra Williams,onunez@example.com,Singapore,2025-09-07,Basic,472.18
3124,Kristina Hernandez,palmerterri@example.com,Cocos (Keeling) Islands,2024-03-08,Basic,661.22
3125,Cynthia Blair,jasmine12@example.net,Tonga,2026-04-25,Basic,352.97
3126,Todd Garcia,emilykrueger@example.org,Belarus,2025-01-30,Premium,14296.45
3127,Erica Moore,gmiller@example.net,Liechtenstein,2021-10-03,Basic,501.79
3128,Renee Thomas,lisa46@example.com,Korea,2025-04-03,Basic,1463.03
3129,Denise Melendez,henryparks@example.com,Fiji,2026-05-31,Basic,52.69
3130,Joseph Salinas,christopher67@example.org,Malawi,2021-11-27,Standard,4055.09
3131,Brianna Harris,vaughnjavier@example.net,Japan,2026-06-07,Basic,371.17
3132,Kimberly Hurst,qcrosby@example.com,Paraguay,2023-06-01,Standard,4325.01
3133,Benjamin Stanley,jamesmorris@example.org,United Arab Emirates,2020-11-23,Standard,1536.08
3134,Christopher Clark,asmith@example.net,Liberia,2020-08-24,Standard,4333.28
3135,Eddie Velez,oconnoralex@example.com,Panama,2025-11-05,Premium,7893.18
3136,Wesley Young,vbennett@example.net,Holy See (Vatican City State),2024-06-04,Standard,3167.71
3137,John Massey,glopez@example.com,Cameroon,2020-01-07,Basic,703.20
3138,Sarah Foster,douglasdakota@example.com,Suriname,2020-04-11,Basic,338.32
3139,Stephen Lambert,pkirk@example.com,South Africa,2023-10-28,Premium,19456.05
3140,Julie Rodriguez,moralesmarcus@example.net,Sao Tome and Principe,2022-08-31,Standard,2505.96
3141,Jasmine Buck,sanfordjennifer@example.com,Oman,2021-07-14,Basic,1025.02
3142,George Stanley,thorntoncaitlyn@example.net,Austria,2020-02-07,Basic,295.27
3143,Scott Hansen,lopezvictoria@example.org,Mozambique,2020-10-26,Standard,4288.74
3144,Julia Thompson,sandra19@example.org,Northern Mariana Islands,2022-08-09,Standard,4440.81
3145,Priscilla Peterson,richardsmith@example.org,Bouvet Island (Bouvetoya),2025-12-31,Standard,3498.98
3146,Nicole Pierce,rrichardson@example.net,Algeria,2022-10-26,Basic,992.51
3147,Lindsey Gonzalez,amy84@example.org,Pitcairn Islands,2020-12-10,Standard,2537.65
3148,April Cox,nicolenguyen@example.org,Lesotho,2025-08-02,Standard,1747.33
3149,Jamie Robinson,david21@example.com,Australia,2022-01-27,Premium,12384.28
3150,Brittany Daniels,christopherrivera@example.net,Zambia,2026-01-14,Basic,888.37
3151,Kylie Smith,matthewchang@example.net,Korea,2024-03-23,Basic,1322.36
3152,Angela Tucker,leemichael@example.net,Korea,2020-08-31,Premium,19573.62
3153,Elizabeth Anderson,fsmith@example.com,El Salvador,2026-01-15,Basic,924.20
3154,Mark Peters,jason76@example.net,Eritrea,2023-08-07,Basic,984.16
3155,Pamela Powell,bglenn@example.org,Algeria,2020-10-07,Standard,4225.95
3156,Frederick Finley,qrhodes@example.org,Tajikistan,2022-07-31,Premium,9883.01
3157,Paige Williams,gregorycarpenter@example.com,San Marino,2020-07-13,Basic,1163.55
3158,Felicia Fischer,qkemp@example.com,Brazil,2025-07-07,Basic,1042.80
3159,Douglas Ferguson,willisjaclyn@example.com,Saint Kitts and Nevis,2025-03-09,Basic,1021.61
3160,Kimberly Ewing,vsmith@example.com,Central African Republic,2025-05-03,Basic,503.39
3161,Richard Silva,lisa47@example.com,Switzerland,2023-03-21,Standard,2642.09
3162,John Kaiser,cmyers@example.com,French Guiana,2020-10-12,Standard,2061.70
3163,Glenn Hernandez,,Morocco,2024-06-25,Premium,22579.92
3164,Debra Zhang,changbethany@example.net,Madagascar,2021-05-25,Basic,1254.91
3165,Kelsey Bailey,bsmith@example.com,Saint Kitts and Nevis,2021-09-18,Premium,23910.29
3166,Tammy Finley,hjones@example.org,Venezuela,2023-12-05,Basic,1219.60
3167,Amanda Saunders,dware@example.com,Nepal,2022-09-23,Standard,2855.33
3168,Matthew Hudson,othomas@example.com,Lao People's Democratic Republic,2022-06-29,Standard,1964.19
3169,Rhonda Livingston,santiagochristopher@example.com,Senegal,2023-12-03,Standard,2511.57
3170,Carlos Harper,jacobmcguire@example.com,Mauritius,2021-08-02,Standard,4936.89
3171,Carol Harris,jamesdavid@example.org,Austria,2026-06-08,Basic,1177.82
3172,Kevin Hall,nicholas60@example.com,Mongolia,2025-03-30,Basic,1223.47
3173,Darrell Stark,psalazar@example.org,Comoros,2026-07-22,Standard,659.72
3174,Jenna Osborne,christopher85@example.org,Liberia,2022-04-09,Basic,1090.40
3175,Richard Hensley,jon85@example.com,Martinique,2024-10-05,Basic,871.18
3176,Danielle Wilson,scottmichael@example.com,United Kingdom,2023-03-10,Standard,1119.76
3177,Erica Mccann,twolf@example.org,Haiti,2020-12-14,Basic,418.11
3178,Justin Arellano,opierce@example.com,Mayotte,2022-03-20,Basic,1344.03
3179,Amanda Bowen,garywright@example.org,United States Virgin Islands,2022-08-22,Standard,3000.97
3180,Anna Novak,ann63@example.net,Singapore,2023-03-14,Basic,1068.72
3181,Robert Knight,hmoore@example.com,Cook Islands,2023-11-02,Basic,259.94
3182,Darlene Moore,ashley62@example.net,Svalbard & Jan Mayen Islands,2025-07-01,Premium,15018.05
3183,Laura Collins,simmonsjimmy@example.org,Mauritius,2020-10-01,Basic,611.65
3184,Aaron Nguyen,whitetony@example.com,Poland,2023-09-15,Basic,613.23
3185,Bridget Moore,millerpaige@example.com,French Southern Territories,2020-07-11,Premium,13686.66
3186,James Moreno,donnahorton@example.org,Trinidad and Tobago,2022-06-10,Premium,20946.72
3187,Carlos Owens,chanmichael@example.com,Pitcairn Islands,2025-11-28,Basic,298.58
3188,Donald Bryan,mindysanders@example.com,Martinique,2024-07-12,Basic,1444.76
3189,Nicholas Frederick,jamesberry@example.com,Madagascar,2026-01-17,Basic,1178.58
3190,David Peters,pnichols@example.org,Japan,2026-05-04,Basic,169.00
3191,David Griffin,jermainemorales@example.org,Ethiopia,2020-04-29,Standard,954.73
3192,Kathryn Garcia,xsmith@example.org,Saint Helena,2024-12-07,Standard,4135.48
3193,Lee Boone,bcaldwell@example.net,Bulgaria,2020-09-16,Basic,859.87
3194,Amber Allison,andreale@example.org,Dominica,2022-05-01,Standard,3243.32
3195,Keith Wilkinson,barbara37@example.net,Guam,2021-07-05,Basic,1349.37
3196,Ashley Nichols,robin11@example.com,Tajikistan,2023-05-13,Basic,332.25
3197,Jill Campbell,teresamckee@example.com,Grenada,2021-05-27,Standard,614.84
3198,Michael Rodriguez,robin48@example.com,Sweden,2025-07-11,Premium,8044.82
3199,James Reed,holmesamy@example.net,Bangladesh,2021-08-02,Standard,2836.47
3200,Tiffany Faulkner,pluna@example.net,Jordan,2021-03-08,Standard,695.91
3201,Christopher Walton,james43@example.net,Turks and Caicos Islands,2024-09-17,Standard,4040.50
3202,Steven Stone,cassandracamacho@example.com,Lebanon,2022-04-12,Basic,795.43
3203,Nicole York,patriciadelacruz@example.net,Aruba,2020-09-25,Basic,1125.06
3204,Laura Hines,josephferguson@example.org,Norway,2025-07-22,Standard,4813.01
3205,Kevin Barnes,simsjennifer@example.net,France,2021-12-22,Premium,21971.95
3206,Michael Webb,sperry@example.org,Iraq,2020-01-24,Basic,123.05
3207,Melissa Taylor,jose20@example.org,Isle of Man,2022-07-17,Standard,2051.62
3208,Kyle Miller,sandra01@example.net,Grenada,2025-03-15,Standard,4839.46
3209,Tony Wilson,llopez@example.com,Georgia,2020-12-26,Basic,815.92
3210,Tyler Murphy,kochcynthia@example.net,Ethiopia,2026-01-24,Standard,2359.97
3211,Courtney Werner,shane42@example.org,Morocco,2020-11-01,Basic,1450.57
3212,Riley Gill,christina67@example.com,South Georgia and the South Sandwich Islands,2023-08-02,Standard,3368.12
3213,Mrs. Linda Clarke,ryandurham@example.net,Gabon,2026-03-21,Basic,1122.40
3214,Jennifer Smith,douglashart@example.net,Argentina,2023-02-04,Basic,152.26
3215,Jessica Kirby,pjones@example.com,Gabon,2024-09-05,Standard,2760.08
3216,Danielle Mclaughlin,louis04@example.org,Norway,2020-12-20,Basic,420.52
3217,Johnathan Thomas,navarroscott@example.com,Sudan,2021-08-27,Standard,1090.32
3218,Courtney Gonzalez,gabriellaross@example.org,Falkland Islands (Malvinas),2025-09-29,Premium,12555.84
3219,Richard Lawrence,kyliebarker@example.org,Malaysia,2022-02-15,Basic,780.26
3220,Felicia Gonzalez,mcclainjohn@example.com,Djibouti,2023-02-13,Basic,426.81
3221,Steven Shelton,whitejerry@example.com,Bolivia,2021-11-04,Basic,952.19
3222,Peter Mahoney,schultzamber@example.org,Rwanda,2025-08-16,Basic,1327.96
3223,David Reed,ruth60@example.org,Egypt,2025-06-13,Basic,118.44
3224,Robert Freeman,diazmichael@example.net,Togo,2025-06-20,Standard,2051.28
3225,Tina Adams,hilledwin@example.net,Svalbard & Jan Mayen Islands,2023-04-27,Premium,21587.65
3226,Glen Torres,wheelereric@example.com,Togo,2024-07-28,Basic,662.40
3227,Jorge Hess,etownsend@example.net,Bermuda,2020-07-31,Standard,2725.37
3228,Morgan Blackwell,baileyjulia@example.net,Portugal,2025-08-14,Basic,1071.94
3229,Tara Dickson,srodriguez@example.com,Togo,2022-01-23,Basic,91.51
3230,Travis Shannon,oreynolds@example.org,Malaysia,2025-01-12,Premium,23472.65
3231,Donald Sanchez,amartinez@example.org,Tanzania,2024-03-15,Premium,18566.45
3232,Shelia Sandoval,iyoung@example.org,Tunisia,2025-09-02,Basic,1348.17
3233,Todd Edwards,eric59@example.net,Palestinian Territory,2025-03-09,Standard,4714.09
3234,Mary Fisher,emurray@example.com,Comoros,2022-07-25,Basic,785.21
3235,Jenny Durham,mcgeebrittany@example.org,Aruba,2024-07-25,Standard,622.37
3236,Paul Oconnor,oconnorcarol@example.com,Switzerland,2020-07-10,Basic,597.35
3237,Annette Wheeler,campbellterri@example.com,Palestinian Territory,2023-06-02,Standard,2441.76
3238,Kristen Wilson,uzimmerman@example.com,Benin,2020-10-05,Standard,3022.59
3239,Tara Galvan,kaisercourtney@example.net,Nauru,2023-07-06,Basic,1141.92
3240,Olivia Herrera MD,cthompson@example.org,Lesotho,2022-07-17,Basic,1483.27
3241,Brooke Smith,nunezsherry@example.com,Kiribati,2026-04-26,Basic,440.25
3242,Daniel Fisher,owensjeffrey@example.net,Rwanda,2021-01-10,Basic,523.64
3243,Courtney Mack,hfarley@example.net,Myanmar,2025-03-13,Standard,3048.90
3244,Ashley Scott,cathy36@example.com,Uganda,2024-03-08,Standard,3423.92
3245,Dennis Johnson,ggray@example.net,Israel,2020-07-12,Basic,447.77
3246,Justin Hines,millerkevin@example.com,Aruba,2022-12-28,Standard,1992.85
3247,Holly Morales,john18@example.org,United States Virgin Islands,2022-05-03,Standard,827.05
3248,Kevin Thomas,taylorallison@example.com,Japan,2024-03-01,Standard,1799.55
3249,Cynthia Harrison,polson@example.org,Philippines,2022-03-16,Standard,1879.40
3250,Michael Castillo,maryrodriguez@example.com,Mexico,2021-05-01,Standard,1003.17
3251,Samuel Thomas,taylornicholas@example.com,Guadeloupe,2023-03-14,Premium,7696.35
3252,Yesenia Phillips,hunterjulie@example.org,Papua New Guinea,2022-02-19,Basic,514.32
3253,Sarah Bradley,dmorales@example.org,Mali,2023-10-02,Basic,269.40
3254,James Myers,harrislaura@example.com,Egypt,2023-05-24,Basic,1358.63
3255,Amy Johnson,carterlawrence@example.net,Gambia,2023-07-03,Premium,14832.48
3256,Albert Holt,daniel99@example.net,Isle of Man,2024-02-12,Standard,4027.76
3257,Paul Hernandez,wsteele@example.org,Mali,2022-02-02,Standard,818.56
3258,Charles Moore,crystal00@example.org,Brunei Darussalam,2024-01-12,Basic,1462.91
3259,Steven Mitchell,patrick77@example.org,Colombia,2021-08-30,Basic,82.50
3260,Kelly Doyle,curtis82@example.net,Turkmenistan,2022-05-23,Standard,2130.09
3261,Jason Reynolds,hornjeff@example.org,Libyan Arab Jamahiriya,2026-01-16,Standard,3308.06
3262,Donald Reid,silvapatrick@example.org,Israel,2023-07-05,Premium,4456.93
3263,James Morris,kevin20@example.org,Cayman Islands,2020-07-20,Basic,202.11
3264,Justin King,elee@example.org,Trinidad and Tobago,2025-04-26,Basic,463.19
3265,Eric Williams,monroemonica@example.net,Antigua and Barbuda,2023-01-26,Basic,102.01
3266,James Matthews,morakristin@example.net,Serbia,2024-08-17,Basic,1126.67
3267,Abigail Miller,shawn18@example.net,Syrian Arab Republic,2021-08-27,Standard,4453.88
3268,Robin Brock,jessicaboone@example.com,Zimbabwe,2024-12-14,Basic,272.44
3269,Stacy Barber,qcastro@example.org,French Guiana,2024-05-18,Standard,3769.99
3270,Dennis Campbell,katelynblack@example.org,Western Sahara,2020-06-03,Standard,2482.74
3271,Madeline Collins,sandra32@example.com,North Macedonia,2025-09-16,Standard,1744.50
3272,Mary Collins,xjohnson@example.com,Afghanistan,2020-10-08,Premium,14235.35
3273,Anthony Kidd,schavez@example.net,Svalbard & Jan Mayen Islands,2023-10-23,Standard,2906.98
3274,Andrea Gonzalez,lisa56@example.com,Germany,2023-05-08,Premium,8669.88
3275,Brittany Murphy,ygreene@example.org,Korea,2023-02-25,Standard,1326.64
3276,Daniel Kaiser,nbaker@example.net,Mozambique,2024-10-30,Basic,1039.51
3277,Joanna Munoz,johnrodriguez@example.org,India,2024-01-31,Basic,1209.56
3278,Mrs. Charlene Mccoy DVM,smithpaul@example.org,Chad,2024-12-22,Premium,21831.10
3279,Heather Bentley,baileysara@example.com,Dominican Republic,2022-11-03,Premium,21007.13
3280,Angela Davies,sschneider@example.com,Solomon Islands,2020-07-31,Premium,13554.47
3281,James Price,andrew47@example.com,Zambia,2020-08-18,Standard,3180.78
3282,Eric Hoffman,william81@example.com,American Samoa,2023-06-20,Premium,20999.97
3283,Robert Johnson,morsestephen@example.com,Albania,2025-12-23,Basic,558.22
3284,Travis Hubbard,desireeedwards@example.com,Nepal,2025-01-05,Standard,4916.28
3285,William Johnson,rodrigueznicole@example.com,Botswana,2021-04-24,Basic,875.18
3286,Sandra Haney,christina21@example.com,France,2023-10-26,Standard,2674.39
3287,Rhonda Cook,owest@example.org,Djibouti,2021-12-15,Basic,153.84
3288,Mary Cross,nathaniel23@example.net,Botswana,2024-06-06,Standard,2467.76
3289,Sabrina Acosta,john00@example.com,Niger,2023-03-12,Premium,4621.15
3290,Catherine Sims,jason61@example.net,Nicaragua,2024-08-15,Premium,3154.29
3291,Cynthia Vang,suzannebooth@example.com,Puerto Rico,2023-03-07,Basic,1121.65
3292,Jon Sharp,lauracain@example.com,Tanzania,2026-01-28,Standard,1266.87
3293,Tracy Sanchez,michellehopkins@example.com,Micronesia,2023-07-02,Standard,4472.70
3294,Michael Ritter,joshuagonzalez@example.org,Ukraine,2023-01-06,Basic,1200.20
3295,Jeanette Pineda,xsmith@example.net,Norway,2025-02-02,Basic,1404.60
3296,Samantha Ford,davidlove@example.com,Burkina Faso,2020-09-03,Standard,4054.42
3297,Robert Grant,sarahwatson@example.com,India,2022-04-04,Standard,3996.55
3298,Kevin Benson,ssmith@example.net,Niue,2022-01-04,Basic,814.96
3299,Aaron Sawyer,johnanderson@example.net,Tajikistan,2024-04-19,Premium,9110.03
3300,Victoria Sanders,michaelmartinez@example.net,Azerbaijan,2026-07-15,Basic,1400.38
3301,Carrie Mercer,williamschristopher@example.org,Papua New Guinea,2022-03-11,Basic,506.16
3302,Robert Coleman,ljones@example.com,Congo,2025-02-16,Premium,21673.29
3303,Tracy Burgess,taylorchristopher@example.org,Afghanistan,2023-09-27,Basic,55.73
3304,Kayla Rios,alyssaturner@example.com,Syrian Arab Republic,2020-04-23,Standard,2863.24
3305,Michael Clements,mwoods@example.net,Venezuela,2023-10-24,Standard,4403.49
3306,Maurice Moreno,drhodes@example.net,Ecuador,2021-06-14,Standard,3583.83
3307,Steven Cox,jenny19@example.org,Brunei Darussalam,2024-03-06,Basic,1145.02
3308,Kerri Taylor,andrewlewis@example.org,Malta,2026-07-29,Basic,797.35
3309,Dustin Castillo,littlecourtney@example.net,Czech Republic,2024-11-02,Basic,674.98
3310,Jason Duran,blawson@example.net,Comoros,2025-07-07,Basic,921.72
3311,Leslie Gutierrez,ahamilton@example.org,Cameroon,2022-02-09,Premium,16627.57
3312,Andrea Duncan,donnamadden@example.org,Solomon Islands,2021-07-01,Standard,2630.95
3313,Stephen Trujillo,lbuck@example.com,Tuvalu,2025-12-27,Basic,1167.94
3314,David Singleton,megan22@example.com,Colombia,2024-01-04,Standard,3070.54
3315,David Turner,kathleen36@example.net,Saint Lucia,2026-01-13,Basic,79.26
3316,Shelby Stephenson,parkertasha@example.org,Aruba,2023-08-10,Basic,1176.59
3317,Michael Johnson,vmendoza@example.com,Reunion,2022-11-01,Standard,2865.72
3318,Rachael Brown,khale@example.com,Marshall Islands,2022-04-25,Standard,3879.26
3319,Carolyn Kelly,wattsalfred@example.net,Ethiopia,2023-03-10,Basic,652.88
3320,Julie Wilson,olivialevy@example.com,Saint Kitts and Nevis,2026-05-09,Basic,202.52
3321,Fred Phillips,thompsonluis@example.net,Niger,2020-02-24,Standard,2720.53
3322,Julie Perez,ycordova@example.net,Congo,2023-12-03,Standard,2384.19
3323,John Riley,carlos24@example.net,Korea,2024-01-02,Basic,674.73
3324,Austin Leonard,drichmond@example.org,Cuba,2021-10-16,Basic,514.06
3325,Tyrone Long,groy@example.org,Central African Republic,2024-09-23,Basic,1103.01
3326,Monica Martin,anthonysmith@example.org,Guyana,2022-06-05,Standard,3629.10
3327,Patrick Romero,belindamartin@example.com,Northern Mariana Islands,2022-08-25,Standard,3000.52
3328,Courtney Stout,laurenwilliams@example.com,Pitcairn Islands,2023-09-20,Basic,1092.59
3329,Angela Fields,jenniferjarvis@example.com,Mayotte,2024-10-06,Standard,3855.65
3330,John Smith,jkirk@example.com,Burundi,2022-04-28,Premium,12693.42
3331,Michael Kim,tracywolfe@example.org,Norfolk Island,2023-08-17,Standard,1739.03
3332,Mario Cross,martin00@example.com,Turks and Caicos Islands,2022-08-19,Standard,3008.92
3333,Lisa Barker,jennifer26@example.org,Cote d'Ivoire,2020-07-15,Premium,4447.45
3334,Jason Ferrell,davidmorris@example.org,Samoa,2024-08-04,Basic,1301.37
3335,Michael Lee,felicia43@example.com,Greenland,2024-05-09,Basic,139.11
3336,Veronica Saunders,melissacastro@example.net,Bouvet Island (Bouvetoya),2025-05-15,Standard,2582.21
3337,Connie Henderson,jsalazar@example.com,Saint Lucia,2025-10-18,Premium,23106.79
3338,Daniel Smith,joshua41@example.org,Iceland,2024-07-01,Standard,1188.90
3339,Kevin Smith,kelly58@example.org,Bolivia,2020-08-30,Basic,1011.46
3340,Katherine Evans,kgreer@example.net,Afghanistan,2022-03-11,Basic,599.85
3341,Bryan Smith,penatamara@example.com,Nicaragua,2023-11-26,Basic,571.78
3342,Annette Higgins,davidcopeland@example.net,Greenland,2023-10-25,Premium,21030.31
3343,Melissa Anderson,nguyenmary@example.org,Korea,2022-06-24,Basic,711.26
3344,Cynthia Morse,blevinsmelissa@example.com,Luxembourg,2024-04-24,Standard,4061.47
3345,Gerald Berg,caitlinwilliams@example.org,Benin,2026-08-15,Basic,1426.05
3346,Christopher Nguyen,ddavenport@example.com,Romania,2020-10-08,Standard,2673.27
3347,Jennifer Walker,lhill@example.org,Dominica,2023-08-13,Standard,4613.48
3348,Heather Barrera,mannbrittany@example.org,Taiwan,2020-02-18,Standard,4706.62
3349,Stephen Bridges,gregoryfrey@example.org,Heard Island and McDonald Islands,2023-08-14,Standard,826.41
3350,Michael Phillips,caitlyn20@example.com,Saint Pierre and Miquelon,2026-05-16,Basic,1077.92
3351,Jessica Wallace,rodriguezjacob@example.com,Nauru,2025-04-12,Basic,1165.07
3352,Michael Blake,jjenkins@example.com,Tunisia,2025-04-22,Premium,7731.94
3353,Melanie Miller,ksmith@example.com,Marshall Islands,2021-08-31,Standard,4180.53
3354,Amanda Avila,donna22@example.org,Singapore,2023-10-18,Standard,2453.08
3355,Joseph Frank,smithwillie@example.com,Kuwait,2021-05-13,Standard,2500.49
3356,Beverly Romero,adrianmcneil@example.com,Fiji,2022-11-17,Standard,2248.89
3357,Bruce Wright,mray@example.org,Lao People's Democratic Republic,2022-08-07,Standard,3240.37
3358,Erin Long,gainesmelissa@example.org,Croatia,2020-09-12,Basic,307.93
3359,Mr. Joseph Gomez,williamgross@example.net,Tokelau,2023-06-20,Standard,4145.94
3360,Matthew Payne,kimberly97@example.com,Qatar,2024-02-03,Basic,1103.46
3361,Stephanie Smith,ruiztyler@example.com,Nicaragua,2021-08-13,Basic,167.23
3362,Rachel Luna,kimberly57@example.net,United Arab Emirates,2023-11-16,Standard,807.66
3363,Robert Hill,hayesbonnie@example.org,Samoa,2024-04-11,Basic,1133.11
3364,Ray Cooper,kennethhayes@example.com,Montenegro,2022-11-01,Standard,3210.52
3365,Timothy Gross,matthewpearson@example.net,Cote d'Ivoire,2020-09-22,Basic,1477.49
3366,Tina Walsh,murraycatherine@example.net,Japan,2026-02-16,Standard,4090.71
3367,Joanna Avila,qrivera@example.net,Barbados,2022-06-03,Premium,20558.50
3368,Whitney Robinson,erica73@example.org,Kenya,2022-07-08,Basic,1333.64
3369,Michael Owens,rdavis@example.net,Tokelau,2024-05-04,Basic,1315.92
3370,Maria Smith,paulmoore@example.org,Congo,2021-04-14,Basic,1285.03
3371,Diane Young,rileymatthews@example.com,Bulgaria,2024-10-05,Standard,1362.39
3372,Ralph Luna,christopherkey@example.org,Venezuela,2026-05-08,Premium,15144.85
3373,Emily Moore,lawrencelambert@example.com,Sudan,2025-06-19,Standard,4503.80
3374,Brittney Wheeler,lopeztanya@example.org,Ethiopia,2020-10-16,Standard,966.04
3375,Jeff Salazar,richardsjennifer@example.com,Heard Island and McDonald Islands,2023-03-17,Basic,993.19
3376,William Gentry,benjaminjenkins@example.com,El Salvador,2022-04-17,Basic,651.09
3377,Eric Giles,anne76@example.org,Seychelles,2020-06-28,Basic,148.79
3378,Danielle Bates,fryedylan@example.net,Saint Martin,2021-01-24,Standard,578.14
3379,Jason Johnson,jgarcia@example.org,Trinidad and Tobago,2025-01-11,Basic,495.85
3380,Mariah Douglas,diazkenneth@example.com,Moldova,2020-12-29,Standard,4357.30
3381,Aaron Scott,mario59@example.com,Austria,2024-08-16,Basic,1457.24
3382,Michael Patterson,xjimenez@example.net,New Caledonia,2020-11-02,Premium,24892.51
3383,Ricky Hall,tonyhodge@example.org,Morocco,2025-05-03,Basic,135.51
3384,Michael Jenkins,stoneheather@example.org,Iran,2024-10-24,Basic,926.77
3385,Victoria Conley,kwu@example.org,Colombia,2023-10-06,Standard,3801.95
3386,Antonio Wallace,erica61@example.com,Sierra Leone,2026-04-21,Standard,2313.60
3387,Todd Ford,blancharderika@example.org,Argentina,2024-01-11,Standard,1874.24
3388,Christine Parker,bryantcarol@example.org,United States Minor Outlying Islands,2020-05-15,Standard,821.06
3389,Benjamin Banks,karimeyers@example.net,Saint Pierre and Miquelon,2020-10-05,Standard,4985.59
3390,Natalie Moore,nlogan@example.org,Bouvet Island (Bouvetoya),2024-03-24,Standard,1829.79
3391,Alexander Miller,samanthawilliams@example.org,Ukraine,2020-01-06,Basic,1390.62
3392,Kayla Pearson,lgoodman@example.com,Slovakia (Slovak Republic),2023-09-21,Basic,1415.97
3393,Justin Henry,jmccormick@example.org,Bahamas,2020-05-11,Premium,16671.31
3394,Michael Stone,choitina@example.org,Italy,2022-08-30,Standard,2747.88
3395,Stephanie Green,ldiaz@example.com,Burundi,2026-06-30,Premium,10723.84
3396,Jason Kirk,bcardenas@example.net,Japan,2024-12-05,Standard,3168.18
3397,Jessica Neal,sabrina52@example.com,Kyrgyz Republic,2025-11-24,Basic,1132.37
3398,Melissa Harrison,alexis09@example.com,Israel,2021-06-12,Basic,716.80
3399,Reginald Brown,nmiller@example.net,Macao,2022-02-12,Basic,1470.10
3400,Brittany Torres,yboyd@example.net,Burkina Faso,2024-01-14,Standard,2263.67
3401,Stephanie Mcdaniel MD,cscott@example.org,Afghanistan,2023-05-31,Basic,716.85
3402,Angela Black,yjohnson@example.net,Saint Barthelemy,2022-04-10,Premium,13609.13
3403,Rebecca Jones,egray@example.net,Taiwan,2022-08-25,Basic,1276.11
3404,John Mills,beardkathleen@example.com,Burkina Faso,2022-06-12,Basic,1025.87
3405,William Chambers,christopher60@example.org,Morocco,2023-09-15,Basic,1167.49
3406,Kristie Green,boydaaron@example.net,British Indian Ocean Territory (Chagos Archipelago),2024-01-08,Standard,4988.77
3407,Penny Jennings,gbrennan@example.com,Chile,2023-02-19,Basic,612.76
3408,Brian Rush,dwilcox@example.com,Czech Republic,2020-04-05,Premium,12567.74
3409,Lauren Dennis,jchavez@example.net,United States Minor Outlying Islands,2021-06-30,Standard,2525.08
3410,Anthony Villegas,johnsonmaria@example.org,Austria,2021-12-14,Basic,1196.15
3411,Brian Peters,anthony20@example.com,Australia,2024-07-02,Basic,1423.16
3412,Krystal Martin,jacquelinewilliamson@example.org,Belgium,2020-12-27,Basic,420.91
3413,Lisa Blackwell,rebecca97@example.com,Oman,2020-01-30,Standard,1579.05
3414,Mary Giles,mirandahenderson@example.net,Tonga,2023-01-24,Standard,2207.72
3415,Eric Guerra,michaelreyes@example.net,Pitcairn Islands,2024-12-24,Basic,1256.56
3416,Maureen Martin,christopher41@example.com,Slovakia (Slovak Republic),2024-02-05,Standard,4298.64
3417,Andrew Leon,christopher33@example.com,Vietnam,2024-10-13,Basic,182.46
3418,Crystal Wallace,zhogan@example.net,Montserrat,2025-03-13,Premium,5977.80
3419,Jillian Ferguson,awang@example.net,Ghana,2025-02-18,Basic,972.32
3420,Rhonda Ellis,marshabigail@example.net,Saint Kitts and Nevis,2022-04-15,Standard,1886.55
3421,Denise Chapman,robertsonjason@example.com,Macao,2022-08-08,Basic,1499.92
3422,Andrew Kelly,joseph09@example.net,Morocco,2022-09-01,Basic,304.69
3423,David Hubbard,dustin79@example.org,Bhutan,2023-09-18,Standard,4774.02
3424,Victor Bartlett,lauren18@example.com,Isle of Man,2025-12-31,Basic,152.35
3425,Lisa Barnett,candace21@example.org,Guinea-Bissau,2024-07-04,Premium,15375.75
3426,Jonathan Clark,mcummings@example.net,Falkland Islands (Malvinas),2025-07-02,Standard,1639.64
3427,Alejandra Malone,dylangarrison@example.com,Cape Verde,2024-08-12,Standard,826.50
3428,Kathleen Randolph,rogersmartin@example.net,Sweden,2022-04-21,Standard,3351.00
3429,Sheila Ho,higginsdonald@example.org,Timor-Leste,2021-02-02,Basic,665.58
3430,Wesley Scott,sean60@example.com,China,2025-01-18,Premium,19106.53
3431,Tina Olson,evelyn21@example.com,Jersey,2023-11-20,Basic,1277.17
3432,George Williams,maurice29@example.org,Jamaica,2020-07-09,Standard,2304.57
3433,Jessica Calhoun,ilawrence@example.net,Kyrgyz Republic,2022-12-20,Premium,21630.46
3434,Donald Hunt,eblake@example.org,Fiji,2026-04-05,Standard,1412.33
3435,Tammy Taylor,robertzamora@example.org,Portugal,2020-01-11,Basic,1028.33
3436,Catherine Chavez,travisbonnie@example.com,Honduras,2022-03-09,Basic,602.12
3437,Alyssa Hernandez,mckenzie84@example.com,Lesotho,2025-12-17,Basic,1301.69
3438,Richard Bailey,morsechad@example.com,Ireland,2024-01-08,Premium,21578.04
3439,Michael Haynes,mindybrown@example.com,Antarctica (the territory South of 60 deg S),2023-09-09,Standard,3198.76
3440,David Johnson,tammy16@example.org,Bulgaria,2024-05-16,Standard,4569.25
3441,Thomas Allen,lewisscott@example.net,Christmas Island,2024-09-13,Basic,106.42
3442,Michelle Kerr,herreracynthia@example.org,Finland,2025-05-19,Basic,1437.26
3443,Heather Lopez,marshdaniel@example.net,Belarus,2021-12-26,Basic,615.82
3444,Katherine Boone,zryan@example.org,United Kingdom,2021-05-24,Basic,1026.29
3445,Michael Evans,william63@example.com,Jersey,2022-08-18,Premium,3990.67
3446,Angela Conrad,courtneypierce@example.net,Christmas Island,2022-03-03,Basic,342.05
3447,Christopher Bates,creynolds@example.com,Syrian Arab Republic,2022-04-03,Standard,3988.68
3448,Kevin Espinoza,gregory82@example.net,Tajikistan,2026-05-04,Premium,10544.21
3449,Stephen Murphy,sanchezelizabeth@example.net,Chad,2023-07-18,Standard,893.90
3450,Sharon Stevens,jasonmoore@example.org,Cote d'Ivoire,2025-06-03,Basic,989.21
3451,Kelly Baird,kristinnoble@example.net,Liberia,2025-10-09,Premium,20760.15
3452,Tony Park,jacob28@example.com,Saint Vincent and the Grenadines,2023-08-18,Standard,4472.22
3453,David Smith,ocole@example.com,Kazakhstan,2022-07-09,Basic,1385.83
3454,Adrienne White,madisonadams@example.net,Guatemala,2026-06-15,Basic,1022.02
3455,Veronica Fields,timothy56@example.org,Congo,2025-05-31,Standard,604.03
3456,Robert Combs,xnewman@example.org,Azerbaijan,2026-05-08,Basic,1219.82
3457,Joseph Thornton,irobinson@example.com,Cyprus,2021-09-11,Standard,3040.16
3458,Beth Pierce,blivingston@example.com,Russian Federation,2024-12-17,Standard,2181.65
3459,Phillip Maddox,matthew46@example.net,Netherlands,2021-01-31,Basic,525.06
3460,Courtney Riley,dstafford@example.net,Argentina,2024-10-31,Basic,835.11
3461,John Grant,wardbrandy@example.net,Slovenia,2021-12-13,Basic,1459.94
3462,Matthew Hall,vskinner@example.com,New Caledonia,2025-10-01,Basic,656.50
3463,Diana Lambert,julie67@example.net,Denmark,2020-01-25,Basic,63.22
3464,Loretta Jones,justinguzman@example.com,Martinique,2021-05-18,Standard,2016.64
3465,Alyssa Hopkins,pvance@example.net,Nicaragua,2023-02-05,Standard,1504.86
3466,Ryan Byrd,susan64@example.org,Libyan Arab Jamahiriya,2021-09-28,Basic,1261.74
3467,Linda Clark,andersonjennifer@example.org,Tokelau,2022-09-29,Premium,10180.74
3468,Alyssa Wilson,wdavis@example.com,Cambodia,2026-05-11,Basic,894.58
3469,Jeff Weber,patricia81@example.org,Mauritius,2023-08-16,Standard,3482.80
3470,Holly Robinson,zramirez@example.org,Greece,2024-06-25,Standard,3922.13
3471,Mark Cole,williammurray@example.com,Vanuatu,2022-09-08,Standard,3090.56
3472,Mary Richardson,michael75@example.net,Guam,2022-07-15,Basic,243.12
3473,Jacob Vance,peggy36@example.org,Mongolia,2024-01-26,Basic,426.77
3474,Brian Palmer,priscilla83@example.net,Guatemala,2024-09-22,Standard,4911.38
3475,Bonnie Castaneda,douglas07@example.net,Singapore,2026-04-09,Basic,235.09
3476,Carly Malone,gsantos@example.org,New Zealand,2023-07-11,Standard,1946.65
3477,Edwin Velez,sphillips@example.com,Canada,2024-03-09,Basic,1420.17
3478,Richard Ortega,wmccoy@example.net,Turkmenistan,2020-05-25,Basic,100.42
3479,Jose Hampton,kevinbrown@example.net,Guyana,2021-09-29,Basic,111.04
3480,Nathaniel Davis,joannmitchell@example.com,Algeria,2024-07-18,Premium,13709.16
3481,Curtis Mejia,keithhouston@example.org,Morocco,2024-11-26,Basic,322.85
3482,Mitchell Carson,wardmaria@example.org,Guinea,2021-09-01,Basic,605.07
3483,Keith Zimmerman,sara79@example.com,Benin,2023-03-08,Standard,2199.85
3484,Cynthia Moore,richard18@example.net,Benin,2020-11-27,Standard,2564.92
3485,Christina Turner,joseshaw@example.com,Lebanon,2026-05-10,Basic,882.75
3486,Randall Hanson,patriciapatterson@example.com,Benin,2020-06-15,Basic,721.86
3487,Robert Wilson,hernandezkerri@example.net,Benin,2021-03-27,Premium,9008.68
3488,Kathryn Mcknight,davisbrittany@example.com,Monaco,2025-11-16,Standard,3703.29
3489,Tiffany Williams,laneerica@example.com,Sudan,2020-03-24,Premium,18457.51
3490,Roger Rodriguez,palmerchad@example.org,Congo,2022-05-26,Basic,782.32
3491,Monica Horton,ramosedward@example.com,Turkmenistan,2022-02-19,Basic,773.37
3492,Anthony Evans,pruittchristopher@example.net,Cuba,2025-09-27,Basic,340.69
3493,Anna Wilson,uroberts@example.org,Bouvet Island (Bouvetoya),2024-08-06,Standard,3701.69
3494,Christopher Hines,josephlloyd@example.net,Heard Island and McDonald Islands,2021-08-04,Basic,167.52
3495,Angela Kline,wcarrillo@example.org,Sweden,2022-11-10,Basic,192.80
3496,Paul Hernandez,ehernandez@example.com,Saudi Arabia,2024-10-05,Standard,4287.04
3497,Alexander Gonzalez,gmoyer@example.net,Belarus,2024-12-19,Basic,236.95
3498,Megan Bray,stewartpamela@example.com,Tanzania,2020-08-13,Basic,834.52
3499,Olivia Berry,nheath@example.org,Jamaica,2026-06-18,Basic,1208.63
3500,Adam Wheeler,richard96@example.com,Poland,2022-08-27,Standard,1095.27
3501,Breanna Cannon,hannahbrown@example.com,Botswana,2024-01-09,Standard,1391.89
3502,Robert Harrington,edelacruz@example.com,Palau,2024-12-09,Basic,938.53
3503,David Robinson,meganlloyd@example.com,Guadeloupe,2020-04-28,Basic,919.17
3504,Elaine Keith,cindycurtis@example.org,Lao People's Democratic Republic,2025-12-02,Standard,3510.20
3505,Sara Vasquez,aliciasmall@example.net,Taiwan,2022-03-25,Standard,1602.47
3506,Krista Morgan,michael13@example.net,Seychelles,2024-08-10,Basic,1091.77
3507,Jennifer Johnson,samanthastone@example.org,Slovakia (Slovak Republic),2020-10-04,Basic,687.81
3508,Joshua Stout,kgonzalez@example.net,Congo,2024-12-30,Premium,19224.04
3509,Alan Scott,robertgonzales@example.net,Georgia,2020-12-19,Standard,4596.32
3510,Denise Jordan,racevedo@example.org,India,2022-10-01,Standard,1309.32
3511,Bianca Ross,ellismichael@example.org,Morocco,2021-07-15,Basic,1110.93
3512,Bryan Howard,adam11@example.net,Singapore,2022-12-11,Premium,18882.11
3513,Jacqueline Thompson,mannjennifer@example.net,Hong Kong,2021-10-16,Basic,365.74
3514,Joshua Wilson,paul03@example.com,Belarus,2025-12-07,Basic,1213.19
3515,Jennifer Goodman,matthew46@example.com,United States of America,2020-08-05,Basic,1289.87
3516,Kathryn Wright,sara37@example.com,Benin,2021-09-19,Basic,1213.92
3517,Christina Wiley,crystal54@example.com,Tanzania,2026-07-31,Premium,13011.43
3518,Rachel Johnson,victoriayork@example.org,Netherlands Antilles,2023-10-09,Standard,4583.69
3519,Brenda Crawford,stephanieschmitt@example.com,South Georgia and the South Sandwich Islands,2026-05-11,Basic,779.85
3520,Melissa Vaughn,zmanning@example.org,Iceland,2023-11-28,Standard,2502.45
3521,Jacob Hartman,dunlapmark@example.net,Norfolk Island,2025-04-23,Basic,1101.67
3522,Lauren Green,russellsamantha@example.com,Antigua and Barbuda,2023-01-01,Standard,929.11
3523,Jason Steele,melissa03@example.com,Suriname,2023-08-14,Standard,1355.57
3524,Dillon Savage,chess@example.org,Portugal,2023-07-06,Standard,1642.10
3525,Tanya Rivera,nancy14@example.org,Nepal,2022-10-17,Standard,4591.72
3526,Louis Hughes,kelly17@example.net,Qatar,2026-05-09,Basic,284.76
3527,Bianca Cooper,coffeydaniel@example.net,Tuvalu,2026-06-14,Basic,630.34
3528,Sharon Wong,tharris@example.com,Mozambique,2026-08-18,Basic,1116.16
3529,Paul Richards,lawrencewilson@example.com,Rwanda,2024-05-28,Basic,117.43
3530,Christopher Ramirez,rhiggins@example.net,Timor-Leste,2021-06-01,Basic,714.18
3531,Adam Hawkins,martinezjennifer@example.com,North Macedonia,2020-04-22,Basic,881.41
3532,Tristan Rojas,blakenelson@example.net,Gabon,2024-05-14,Standard,3204.98
3533,Thomas Roberts,lawrencebell@example.org,Solomon Islands,2023-09-21,Standard,3439.79
3534,Kimberly Bowman,ijackson@example.com,Rwanda,2026-08-19,Premium,20851.85
3535,John Chaney,kellerbrandon@example.org,Israel,2022-05-23,Standard,3784.33
3536,Mark Sampson,fdavis@example.com,Maldives,2025-11-22,Basic,1089.23
3537,Monica Brown,rmoyer@example.net,Somalia,2023-09-24,Standard,930.12
3538,Nathan Smith,wilsonrobert@example.org,French Southern Territories,2023-12-16,Basic,1254.45
3539,James Banks,kiddmelissa@example.org,Bahamas,2026-03-18,Standard,1866.93
3540,Robert Thompson,morgan73@example.net,Suriname,2025-01-17,Basic,818.50
3541,Kimberly Pearson,tara23@example.com,Saint Helena,2025-02-13,Premium,14017.26
3542,Kristin Roberson,dellis@example.com,Monaco,2024-06-14,Standard,4626.19
3543,Charles Allen,sarah21@example.net,Saint Lucia,2023-09-24,Basic,266.68
3544,Krista Martin,richardarmstrong@example.net,Bahamas,2025-02-17,Standard,737.62
3545,Jennifer Smith,uward@example.org,Mexico,2024-02-02,Basic,562.61
3546,Maria Ward,ortizrichard@example.net,Marshall Islands,2026-08-10,Basic,986.98
3547,Mitchell Calderon,feliciamcgee@example.org,Switzerland,2020-11-20,Standard,4647.68
3548,Victoria Griffin,tonyfrank@example.net,Norfolk Island,2025-01-14,Basic,1489.47
3549,Tamara Thornton,lwalton@example.org,Chad,2023-05-29,Basic,1044.02
3550,Rebecca Mccarthy,joshuanelson@example.org,Peru,2020-03-29,Basic,515.63
3551,Nathan Fernandez,lpeck@example.net,Ireland,2024-08-17,Basic,425.41
3552,Rebecca Nunez,lisa65@example.com,Burkina Faso,2022-04-25,Standard,4597.13
3553,Michael Davis,waynegriffin@example.net,Faroe Islands,2022-11-04,Basic,461.40
3554,April Calhoun,leematthew@example.org,Saudi Arabia,2023-04-26,Standard,1073.63
3555,William Sanders,brianmartinez@example.net,Iceland,2020-12-28,Basic,1155.55
3556,Haley Benton,stephanie33@example.org,New Zealand,2024-05-31,Standard,3950.40
3557,Yvonne Murray,kimberly06@example.org,Grenada,2026-01-22,Premium,4934.73
3558,Bridget Hernandez,eross@example.com,British Virgin Islands,2020-07-29,Standard,3866.74
3559,Christina Wolf,brownlauren@example.org,Iran,2020-10-31,Basic,1218.24
3560,Lindsay Clark,travishall@example.com,Bulgaria,2024-10-24,Basic,246.27
3561,Melissa Moore,stevenwoodard@example.org,Luxembourg,2020-12-29,Basic,520.40
3562,Paul Clark,halljerome@example.com,Sweden,2024-06-26,Basic,335.18
3563,Stacey Smith,douglas34@example.org,Costa Rica,2025-02-07,Premium,24809.22
3564,Craig Hall,feliciachen@example.net,Tuvalu,2024-12-11,Premium,24669.55
3565,Douglas Ross,andersondebbie@example.net,Niue,2025-05-24,Basic,1267.86
3566,Daniel Garcia,karen17@example.com,Montserrat,2026-02-19,Premium,12429.31
3567,Stephanie Delgado,tphillips@example.com,Gambia,2024-05-20,Basic,850.12
3568,Brianna Richardson,stevenbarnett@example.com,French Guiana,2022-01-05,Standard,4794.93
3569,Charles Holloway,deborahewing@example.net,Japan,2020-03-14,Basic,325.51
3570,Dan Swanson,aliciahawkins@example.net,Spain,2023-06-23,Basic,1214.60
3571,Jesus Kent,rmcintyre@example.net,Maldives,2023-10-22,Standard,4818.76
3572,Angela Watson,frederickwheeler@example.com,Saudi Arabia,2025-09-27,Basic,928.28
3573,Tracey Yates,beckerjessica@example.org,Greenland,2023-11-15,Basic,304.42
3574,Shawn Doyle,xlittle@example.org,Iraq,2020-01-29,Basic,752.17
3575,Edward Butler,pittsmaria@example.net,Philippines,2024-04-19,Basic,357.49
3576,Justin Howard,zamoraaaron@example.net,Grenada,2023-07-17,Standard,725.05
3577,John Jackson,nguyenashlee@example.com,Dominican Republic,2021-03-26,Standard,3017.08
3578,Daniel Rhodes,mperez@example.com,Nicaragua,2026-01-15,Premium,4217.91
3579,Adrienne Hawkins,luke46@example.com,Jordan,2022-03-29,Standard,1692.58
3580,Christina Harrison,drobinson@example.org,Saint Vincent and the Grenadines,2025-03-08,Standard,4378.70
3581,Charles Roman,ycase@example.net,Honduras,2025-09-02,Basic,949.44
3582,Carol Fitzgerald,tharris@example.org,Chile,2021-06-22,Standard,4783.37
3583,Thomas Hayes,carmenjones@example.net,India,2026-04-21,Basic,690.44
3584,Caleb Morrison,ana66@example.net,Saint Lucia,2020-01-13,Standard,3649.72
3585,William Reese,wcollins@example.com,Singapore,2020-02-25,Basic,1127.22
3586,Lori Gonzalez,npalmer@example.com,Norfolk Island,2025-02-11,Standard,657.05
3587,William Norton,greenetyler@example.com,French Guiana,2026-04-02,Basic,258.53
3588,Mary Diaz,smithmichael@example.com,Suriname,2026-02-03,Basic,1385.64
3589,Jeffrey Andrews,jonathan73@example.net,Djibouti,2021-08-23,Basic,1208.81
3590,Sonia Manning,david90@example.net,Greenland,2023-08-04,Basic,728.79
3591,William Tran,tdaniels@example.net,Korea,2022-08-03,Basic,487.45
3592,Tammy Fernandez,tiffanyhill@example.com,Guinea,2022-12-11,Standard,2841.28
3593,Katie Montgomery,fosterjulie@example.org,Canada,2020-04-15,Standard,2582.56
3594,Laura Vargas,zramirez@example.net,Zambia,2021-08-05,Basic,571.58
3595,Daniel Hampton,michaelrice@example.net,Greenland,2024-04-04,Basic,768.04
3596,Robert Parks,pjohnson@example.net,Korea,2021-03-05,Standard,2112.17
3597,Amanda Rivera,robert46@example.com,Afghanistan,2020-06-03,Standard,1576.83
3598,Amy Woods,scott76@example.net,United States Minor Outlying Islands,2026-01-08,Basic,1010.69
3599,Sierra Simmons,gregoryburnett@example.org,Saudi Arabia,2023-11-17,Premium,15436.14
3600,Melanie Hale,andrea68@example.net,Vanuatu,2021-07-31,Basic,621.53
3601,Stephanie Williams,david89@example.org,Cuba,2024-09-02,Standard,3739.20
3602,Joshua Espinoza,osmith@example.net,Germany,2021-06-10,Basic,693.33
3603,Scott Jackson,kristen73@example.net,Algeria,2022-02-06,Basic,1022.69
3604,Amanda Lopez,lisa71@example.net,Bermuda,2020-09-14,Premium,20926.47
3605,Janice Rocha,harpercathy@example.net,Brazil,2026-01-24,Basic,730.54
3606,Richard Brooks,matthew91@example.net,Suriname,2021-04-06,Basic,693.14
3607,Sandra Ray,bmiller@example.net,Lithuania,2024-12-03,Basic,1249.70
3608,Adam Collins,carlaharris@example.org,Sao Tome and Principe,2020-07-05,Standard,2493.07
3609,Kristin Baldwin,andre19@example.com,Belize,2025-07-24,Basic,107.25
3610,Christine Taylor,joshuagomez@example.org,Armenia,2021-01-08,Basic,1322.66
3611,Patricia Baker,acevedomargaret@example.com,Tunisia,2023-09-29,Basic,125.36
3612,Kaitlin Cox,paul74@example.net,Albania,2024-07-01,Basic,647.01
3613,Michael Kemp,rebeccamccormick@example.net,Bulgaria,2022-08-02,Basic,874.29
3614,Sydney Vang,sherry65@example.com,Peru,2024-10-18,Standard,3748.83
3615,Julian Williams,weaverrachel@example.net,Saint Lucia,2020-08-14,Basic,1249.39
3616,Maria Hall,jameswhite@example.com,Myanmar,2020-11-16,Basic,170.48
3617,Kathleen Le,brianfrench@example.org,Brazil,2025-10-27,Basic,335.71
3618,Gina Jordan,singletonnicole@example.net,Iceland,2025-04-06,Standard,1199.47
3619,Jennifer Kelley,michael52@example.org,Bahrain,2024-03-19,Basic,721.13
3620,Daniel Henderson,sullivanjoshua@example.org,Western Sahara,2020-12-08,Basic,989.40
3621,Alexis Scott,ilarsen@example.net,Belarus,2024-08-02,Basic,401.98
3622,Mr. Andrew Schroeder PhD,roger54@example.com,Mongolia,2024-08-08,Premium,9319.76
3623,Jared Garza,maria80@example.com,Sweden,2025-10-28,Basic,918.00
3624,Deborah Ross,gabriellelittle@example.com,Montserrat,2020-11-16,Standard,3224.60
3625,Mr. William Miller,elizabethbarrett@example.com,Niger,2024-05-08,Basic,241.52
3626,Yesenia Ramos,,Senegal,2022-05-22,Standard,1049.63
3627,Jared Myers,humphreylindsay@example.org,Aruba,2024-03-04,Basic,1381.67
3628,Tracy Simpson,smartinez@example.net,Rwanda,2020-08-20,Basic,542.23
3629,Lauren Smith,zanderson@example.com,Iceland,2022-07-01,Basic,1153.12
3630,Jasmine Mack,xgraham@example.org,Gambia,2020-07-25,Basic,451.71
3631,Robert Ross,cwebb@example.org,Indonesia,2023-12-21,Basic,688.98
3632,Jonathan Henry,bradley15@example.com,Zambia,2022-06-17,Basic,1193.71
3633,Todd Morris,harry35@example.org,Guam,2020-11-17,Basic,1275.11
3634,Andrew Meyer,caroline17@example.org,Botswana,2025-07-05,Basic,828.21
3635,Gina Hernandez,rebekah35@example.org,Seychelles,2022-05-29,Premium,19439.27
3636,Kayla Watson,nsmith@example.net,Denmark,2020-08-01,Standard,2117.20
3637,Chase Swanson,smithchristopher@example.org,Uruguay,2021-12-01,Basic,750.87
3638,David Manning,mcguirejoshua@example.net,Norway,2025-11-04,Premium,23295.11
3639,Andre Berger,qhunt@example.net,United States of America,2025-04-25,Standard,1233.15
3640,Ryan Owens,ivargas@example.org,Portugal,2025-04-29,Standard,4243.98
3641,Charles Reilly,jarias@example.org,Bermuda,2025-10-25,Basic,683.53
3642,Kylie Maldonado,shawdenise@example.org,Spain,2021-06-11,Standard,4131.73
3643,Scott Martin,dcooper@example.net,Sierra Leone,2024-07-13,Standard,1533.17
3644,Rita Shelton,william74@example.com,Tonga,2024-02-07,Basic,1486.26
3645,Michael Shaw,jamestodd@example.com,Swaziland,2020-11-05,Standard,4065.04
3646,Edward Lopez,james11@example.com,Malta,2024-03-02,Basic,567.76
3647,Kristen Rivera,johnathandiaz@example.net,Saint Pierre and Miquelon,2024-07-10,Standard,3921.25
3648,Kaitlyn Smith,scott76@example.com,United States Virgin Islands,2023-07-05,Premium,11084.23
3649,Carl Payne,tevans@example.net,Sweden,2022-07-10,Basic,754.12
3650,Maurice Brown,eedwards@example.net,Tajikistan,2023-05-01,Standard,2515.91
3651,Jean Ward,curtiswaters@example.net,Burkina Faso,2025-06-20,Premium,5516.86
3652,Matthew Castillo,jennifer14@example.com,Cyprus,2022-08-20,Basic,115.34
3653,Alexis Hughes,sandra52@example.net,Solomon Islands,2020-01-10,Premium,10594.99
3654,Eric Zimmerman,joseph33@example.org,Nepal,2025-10-09,Basic,702.54
3655,Anne Martinez,jeremy34@example.net,Venezuela,2025-04-18,Standard,4891.73
3656,Sarah Mcdonald,johnsonbrandon@example.org,Somalia,2023-01-01,Standard,4204.04
3657,Eric Greene,joanne85@example.net,Saint Barthelemy,2024-03-19,Basic,242.64
3658,Joseph Hunter,dhunt@example.net,Venezuela,2022-10-01,Premium,22971.26
3659,Jacob Garza,nlawson@example.com,Jordan,2025-05-20,Basic,153.98
3660,Cameron Leach,cisnerosjason@example.org,Central African Republic,2026-07-04,Standard,3448.32
3661,Lance Baker,noblescott@example.com,Korea,2021-02-10,Premium,14898.90
3662,Erik David,laurenpeters@example.com,Kuwait,2021-05-17,Basic,712.14
3663,Dawn Stevens,richardjenkins@example.com,Iran,2023-02-20,Basic,426.32
3664,Joann Rivers,fernandoriddle@example.org,British Indian Ocean Territory (Chagos Archipelago),2020-01-31,Basic,363.63
3665,Michael Ryan,carpentersarah@example.net,Israel,2025-10-04,Basic,1451.38
3666,Karen Tyler,qanderson@example.net,Somalia,2025-10-04,Premium,3768.46
3667,Samuel Escobar,dawn69@example.org,Panama,2021-06-07,Basic,752.22
3668,Jennifer Levy,clayamy@example.org,Bhutan,2025-01-22,Standard,4179.22
3669,Thomas Harris,adriana49@example.net,Bermuda,2021-03-17,Premium,18001.83
3670,Ellen Dalton,jbell@example.com,Cocos (Keeling) Islands,2020-09-30,Basic,1365.52
3671,Nicole Mcdonald,wellsjasmine@example.com,Monaco,2020-10-14,Standard,3888.82
3672,Rachel King,millerrobert@example.com,Mozambique,2024-09-22,Basic,1127.22
3673,William Tran,ashley42@example.org,Nigeria,2022-04-29,Standard,2308.75
3674,Christina Garcia,slee@example.com,Guadeloupe,2021-08-22,Basic,73.66
3675,James Patterson,xalvarez@example.net,Cote d'Ivoire,2023-11-01,Basic,1129.80
3676,Andrea Bass,christopher49@example.org,Myanmar,2022-05-27,Standard,4595.09
3677,Whitney Johnson,harold72@example.org,Cook Islands,2022-04-21,Basic,1314.19
3678,Robert Atkinson,coxanthony@example.org,Belarus,2024-01-17,Standard,1830.54
3679,Felicia Fox,parkerisaac@example.org,Isle of Man,2020-07-18,Basic,622.90
3680,Mr. Benjamin Haney DDS,smithjessica@example.com,Bhutan,2026-06-20,Standard,4097.67
3681,Robert Morrow,bpadilla@example.com,Taiwan,2025-04-29,Basic,1288.98
3682,Lindsey Sosa,tina73@example.net,Panama,2024-03-08,Premium,22712.44
3683,Louis Armstrong,yestrada@example.com,Cocos (Keeling) Islands,2026-02-19,Standard,3895.10
3684,Jennifer Williams,kathleenellis@example.com,Gambia,2026-07-05,Standard,3251.99
3685,Jack Lindsey,rpollard@example.com,Niger,2021-06-27,Basic,1411.11
3686,Ryan Brewer,robyn79@example.org,Cayman Islands,2026-07-20,Standard,2116.93
3687,Adam Wilson MD,basssteven@example.com,Costa Rica,2025-02-10,Standard,2438.41
3688,Russell Gutierrez,aromero@example.net,Micronesia,2024-02-29,Premium,20765.43
3689,Melissa Fisher,johnsonkatelyn@example.com,Peru,2024-07-30,Standard,2495.79
3690,Gregory Gray,latkins@example.com,Switzerland,2024-01-10,Basic,1461.93
3691,Cheyenne Wyatt,joseph70@example.org,Hong Kong,2021-05-31,Basic,403.09
3692,Ryan Barrett PhD,brooke45@example.net,Kenya,2021-05-03,Premium,6167.82
3693,Malik Fuentes,teresa15@example.com,Tajikistan,2024-05-13,Basic,132.99
3694,Denise Ramos,michelle02@example.com,Anguilla,2024-03-07,Basic,65.05
3695,Jon Burke,hansenjoshua@example.net,Malta,2025-02-26,Basic,1480.16
3696,Darrell Hanson,natalie37@example.com,Fiji,2024-01-25,Standard,3686.79
3697,Patricia Olson,brooksamanda@example.org,Saint Lucia,2023-09-08,Standard,1741.01
3698,Lauren Lopez,wrightcarolyn@example.com,Saint Vincent and the Grenadines,2023-07-21,Basic,1401.64
3699,Destiny Norman,nwalker@example.org,Spain,2023-06-29,Basic,723.11
3700,Aaron Hobbs,gregorymayo@example.com,Taiwan,2025-10-29,Standard,3921.60
3701,Robert Suarez,oward@example.net,Korea,2020-03-12,Basic,378.06
3702,Dale Carter,pmcdonald@example.com,Ethiopia,2024-03-15,Standard,1350.26
3703,Dr. Jennifer Reynolds MD,melissalynn@example.com,Congo,2024-08-08,Standard,1498.56
3704,Karen Rodriguez,kimberlyerickson@example.net,Finland,2025-06-21,Basic,849.82
3705,Shawn Smith,egraham@example.net,Bouvet Island (Bouvetoya),2025-06-11,Standard,2291.95
3706,Ashley Evans,brittany77@example.net,North Macedonia,2024-07-16,Basic,329.66
3707,Whitney Roy,simmonsjoseph@example.org,Tuvalu,2023-02-14,Basic,71.11
3708,Jacqueline Mccarthy,nrice@example.com,Angola,2022-02-20,Premium,6022.79
3709,Mary Mack,robertlopez@example.com,Antarctica (the territory South of 60 deg S),2026-04-18,Standard,2789.19
3710,Julie Reynolds,fbrown@example.net,Tanzania,2024-10-31,Standard,2690.62
3711,Terri Pugh,johnhiggins@example.org,Tokelau,2026-01-31,Standard,1712.29
3712,Cody Murray,carmen98@example.com,Peru,2021-06-14,Standard,550.50
3713,Christine Gentry,gjenkins@example.com,Algeria,2020-09-06,Basic,872.04
3714,Paula Smith,blakecourtney@example.com,Tanzania,2022-03-24,Premium,13027.38
3715,Alvin Simmons,crawfordtammy@example.net,Costa Rica,2024-04-07,Basic,1140.93
3716,Elizabeth Schmidt,william30@example.org,Equatorial Guinea,2025-01-24,Basic,92.77
3717,Julia Reynolds,donna04@example.com,Niger,2023-06-12,Basic,1322.25
3718,Anthony Smith,camachoangela@example.net,Ecuador,2020-11-10,Basic,374.20
3719,Regina Scott,pattersonjulie@example.com,San Marino,2025-04-09,Premium,15993.11
3720,Tiffany Mcknight,piercedonna@example.com,Samoa,2024-02-26,Basic,847.95
3721,Zachary Bonilla,murraypaige@example.com,Albania,2023-11-29,Standard,1551.89
3722,Brittany Harvey,martinezmichael@example.org,Syrian Arab Republic,2025-08-15,Premium,16973.94
3723,Carlos Meza,ojames@example.org,Netherlands Antilles,2026-01-26,Basic,736.84
3724,David Atkinson,agomez@example.org,Antarctica (the territory South of 60 deg S),2025-06-22,Basic,727.98
3725,Autumn Gomez,brockfelicia@example.org,Uzbekistan,2022-12-06,Standard,4811.67
3726,Sean Burton,jason85@example.org,Angola,2021-02-01,Standard,4047.33
3727,Matthew Schmidt,changheather@example.com,Venezuela,2021-12-11,Basic,176.28
3728,Amy Rice,caseyantonio@example.org,United States of America,2023-06-11,Basic,1324.02
3729,Hannah Schmidt,hrobinson@example.com,Kenya,2026-06-10,Standard,2292.82
3730,Mr. Daniel Shepherd,josephmoran@example.net,Pitcairn Islands,2025-01-13,Standard,2827.08
3731,Ashley Hodge,toddheath@example.org,Serbia,2022-03-06,Standard,3144.46
3732,Timothy Christian,miranda18@example.com,Colombia,2023-06-06,Premium,4361.75
3733,John Barnes,rogersmatthew@example.org,Ecuador,2025-10-17,Standard,1669.09
3734,Laura Luna,megan48@example.com,Iceland,2020-05-10,Basic,1305.44
3735,Alexis Erickson,william49@example.net,Brazil,2020-09-08,Standard,2807.34
3736,Nancy Dixon,destinyroberts@example.net,French Guiana,2025-11-20,Premium,6195.09
3737,Alyssa Cantu,xlarson@example.com,Slovenia,2020-04-09,Standard,3935.03
3738,Patricia Clark,william10@example.net,Saudi Arabia,2022-05-06,Basic,181.70
3739,Jillian Parsons,sergio77@example.com,Faroe Islands,2024-09-26,Premium,16944.05
3740,Jacqueline Suarez,martinezwillie@example.org,Thailand,2022-06-23,Basic,268.92
3741,Roberta Olson,bgilbert@example.com,Bahamas,2021-12-02,Basic,598.99
3742,Stephanie Greene,amy49@example.net,Saint Pierre and Miquelon,2024-09-23,Standard,2075.90
3743,Tammy Bruce,grahamdavid@example.net,Mongolia,2022-10-08,Premium,24798.00
3744,Ryan Wilson,michael35@example.org,Venezuela,2022-04-08,Standard,3463.16
3745,Jeremy Hanson,bennettdavid@example.org,United States Minor Outlying Islands,2021-02-14,Standard,1286.64
3746,Charles Webb,james14@example.com,Yemen,2025-02-28,Basic,1348.98
3747,Desiree Crawford,brownjustin@example.com,Guadeloupe,2020-10-02,Premium,15556.99
3748,Heather Dean,pam56@example.org,British Virgin Islands,2023-09-12,Basic,674.90
3749,Tracy Lewis,laura76@example.com,Malawi,2022-10-27,Premium,24160.93
3750,Lisa Blake,vanessa91@example.org,Macao,2020-05-11,Basic,1127.78
3751,Elaine Miller,woodmark@example.com,Monaco,2022-10-11,Basic,651.98
3752,Mario Riley,jeffreyhawkins@example.org,Slovakia (Slovak Republic),2022-02-19,Standard,1911.34
3753,Dana Jones,kjohnson@example.net,Madagascar,2026-03-30,Standard,4379.02
3754,Allison Miller,nathan83@example.net,Belgium,2023-08-21,Standard,1990.10
3755,Daniel Williams,cmitchell@example.net,Russian Federation,2020-08-13,Basic,1135.45
3756,Cynthia Robinson,lsanchez@example.org,Colombia,2021-04-06,Basic,780.42
3757,Stacy Daniels,pstone@example.org,Monaco,2026-01-20,Standard,2333.62
3758,Edward Cisneros,wstone@example.com,Sierra Leone,2023-07-18,Standard,1313.16
3759,Paul Nelson,jocelynstephens@example.com,Malaysia,2023-01-05,Basic,343.74
3760,Cody Cannon,rcarter@example.org,Saint Lucia,2024-08-27,Standard,3829.25
3761,Ryan Scott,katiehubbard@example.com,Netherlands Antilles,2025-06-07,Basic,397.33
3762,Jeremy Glover,april87@example.com,Sweden,2025-06-17,Standard,2690.82
3763,Keith Collins,talvarado@example.com,Hungary,2025-09-08,Basic,730.73
3764,Ricky Jensen,john55@example.com,Iraq,2025-06-05,Premium,4362.02
3765,Lucas Smith,courtneysparks@example.net,Senegal,2022-01-25,Basic,272.33
3766,Krystal Brooks,qmyers@example.net,Bahrain,2020-01-28,Basic,57.46
3767,William White,barbaragibbs@example.org,Papua New Guinea,2026-05-19,Basic,53.99
3768,Sierra Taylor,icastro@example.org,United Kingdom,2025-02-20,Standard,4168.26
3769,David Mann,brian61@example.org,Malaysia,2020-05-07,Basic,1178.18
3770,Michelle Mayo,tyler30@example.com,Solomon Islands,2022-10-02,Basic,305.10
3771,Melissa Gentry,emma76@example.net,Svalbard & Jan Mayen Islands,2022-03-12,Standard,3728.04
3772,Jacqueline Owen,,Turks and Caicos Islands,2024-06-07,Premium,19880.39
3773,Nicholas Rangel,qpearson@example.net,Equatorial Guinea,2022-05-07,Standard,2946.84
3774,Walter Sexton,stevenrichardson@example.org,Equatorial Guinea,2026-04-05,Standard,2157.59
3775,Stephen Marsh,bobbycarter@example.org,Poland,2026-05-27,Standard,1111.77
3776,Jesus Garcia,derrick35@example.org,Norfolk Island,2023-05-25,Basic,983.61
3777,Kelsey Lambert,ballardrobert@example.net,Bolivia,2023-10-28,Standard,3965.09
3778,Samuel Flores,garrettvanessa@example.org,Syrian Arab Republic,2021-07-26,Standard,1749.02
3779,Shawna Alvarez,njenkins@example.org,Timor-Leste,2021-03-27,Basic,980.75
3780,Michelle Chan,,Iran,2023-04-06,Basic,741.86
3781,Dr. Lisa Jones,xwilliams@example.org,Brunei Darussalam,2020-04-08,Standard,3733.36
3782,Hannah Mccullough,betty65@example.net,Netherlands Antilles,2024-01-06,Standard,2643.27
3783,Kara Warner,christina61@example.org,Spain,2020-02-20,Basic,333.50
3784,William Underwood,collinsmichelle@example.net,Liberia,2021-12-05,Basic,1182.24
3785,Michelle Martinez,pattersonalex@example.org,Ukraine,2023-03-10,Standard,3785.19
3786,James Matthews,matthew37@example.org,Finland,2025-12-02,Basic,707.47
3787,Ruben Williams,christophermartinez@example.com,Egypt,2026-08-23,Premium,11563.66
3788,Jeffery Bell,thompsonjames@example.org,United Kingdom,2025-04-28,Premium,12939.19
3789,Jordan Barnes,johnnguyen@example.com,Canada,2022-10-03,Standard,1575.73
3790,Stephanie Craig,esoto@example.net,Azerbaijan,2022-10-20,Basic,346.45
3791,Ashley Smith,rebecca68@example.com,Armenia,2020-12-15,Basic,739.50
3792,Joel Jones,matachristopher@example.net,Bermuda,2022-11-02,Standard,3299.21
3793,Michael Harris,teresadiaz@example.org,Morocco,2025-08-26,Premium,4987.87
3794,Tamara Smith,joseph49@example.net,Ghana,2025-05-07,Basic,186.09
3795,Jennifer Kennedy,kempbonnie@example.org,Cameroon,2026-06-11,Basic,407.45
3796,Crystal Hernandez,randybaker@example.net,Marshall Islands,2025-09-23,Standard,3702.07
3797,Melinda Stevenson,thomasaustin@example.org,Togo,2025-03-21,Basic,451.66
3798,Erica Torres,maxwellcorey@example.net,Cyprus,2025-02-26,Basic,273.19
3799,Jacob Wright,pharris@example.org,Germany,2021-04-07,Standard,4778.78
3800,Melissa Lee,smithlori@example.com,British Indian Ocean Territory (Chagos Archipelago),2023-03-17,Basic,163.61
3801,Cynthia Hickman MD,codyford@example.net,Faroe Islands,2022-09-13,Basic,488.78
3802,Clinton Padilla,andreafrazier@example.org,Tokelau,2022-12-07,Standard,2296.53
3803,Sally Garner,colemary@example.net,Holy See (Vatican City State),2021-05-30,Premium,4941.89
3804,James Wallace,gomezcody@example.net,Dominica,2022-07-14,Basic,129.39
3805,Cynthia Gallagher,pollardgina@example.net,Guyana,2026-06-10,Basic,759.72
3806,Patricia Obrien,johnsantos@example.com,Namibia,2025-12-09,Basic,573.50
3807,Donna Porter,jennifer06@example.com,Romania,2021-05-30,Basic,165.29
3808,Tanya Berg,tiffanycook@example.org,Venezuela,2024-10-09,Standard,2734.81
3809,Matthew Phelps,ahancock@example.net,Eritrea,2025-08-06,Standard,1085.28
3810,Julie Gilmore,ronald27@example.org,Mozambique,2022-08-10,Basic,581.67
3811,Alexander Anderson,efrench@example.org,Monaco,2024-05-27,Premium,15677.59
3812,Alicia Wilson,ryansmith@example.net,Bangladesh,2022-11-26,Basic,704.91
3813,April Peters,mwilliams@example.org,Luxembourg,2023-12-04,Standard,2005.54
3814,Kelsey Cooper,fmarshall@example.com,Slovenia,2024-08-05,Basic,262.11
3815,Kevin Anderson,ghunter@example.org,Mongolia,2020-04-30,Standard,2489.70
3816,Patricia Greene,btorres@example.com,Korea,2022-03-27,Premium,8535.76
3817,Kristopher Myers,mooneylisa@example.org,Argentina,2021-05-06,Standard,1554.55
3818,Sarah Maddox,richard97@example.com,Saint Martin,2022-05-10,Basic,517.78
3819,Carrie Williams,bkelly@example.com,San Marino,2023-07-14,Standard,623.16
3820,Kelly Fowler,michaelmartinez@example.org,Saint Martin,2021-10-07,Basic,869.67
3821,Deborah Cole,victor93@example.com,Tonga,2020-10-01,Basic,667.24
3822,Mary Landry,javier35@example.com,Netherlands,2026-07-22,Premium,15361.76
3823,Caleb Bell,kirbycheryl@example.org,Qatar,2023-11-07,Basic,1062.99
3824,Martin Martinez,hpacheco@example.net,Benin,2022-07-12,Basic,810.86
3825,Laura Clark,erikalewis@example.org,Ecuador,2023-10-14,Standard,1331.99
3826,Daniel Flores,gmoreno@example.net,Saint Kitts and Nevis,2025-02-01,Standard,3470.82
3827,David Cameron,rodneyjackson@example.org,Netherlands Antilles,2025-03-18,Basic,1462.33
3828,Tina King,wilsonangelica@example.com,Nauru,2024-06-30,Premium,17227.04
3829,Donna Richardson,khall@example.org,Burundi,2025-09-08,Basic,279.42
3830,Matthew Dixon,rebecca03@example.net,Pakistan,2023-11-08,Basic,364.30
3831,Sarah Brooks,stewarttammy@example.net,Panama,2021-11-04,Basic,1449.28
3832,Dr. Blake Turner,melendezelizabeth@example.org,Gabon,2023-04-18,Basic,707.35
3833,David Buckley,jonesmark@example.com,Antigua and Barbuda,2024-04-06,Standard,3782.82
3834,Wayne Moore,zachary36@example.net,Reunion,2025-09-14,Basic,342.79
3835,Harold Butler,james91@example.com,Mauritania,2025-09-08,Basic,507.11
3836,Julia Smith,mark69@example.com,Denmark,2022-07-06,Premium,10322.40
3837,Sydney Adams,brownjennifer@example.org,French Southern Territories,2025-02-24,Standard,1614.14
3838,Dr. John Dean,joshua92@example.org,Uruguay,2020-12-20,Basic,1064.32
3839,Joseph Jones,ncarr@example.net,Brazil,2026-05-17,Basic,88.88
3840,Ryan Burton,mikemaddox@example.com,Cote d'Ivoire,2021-06-04,Basic,1414.07
3841,Stacy Jones,nguyenvictor@example.org,French Southern Territories,2023-07-09,Standard,3136.79
3842,Marvin Harrell,rmitchell@example.org,Hungary,2023-01-18,Basic,790.51
3843,Felicia Morris,ahays@example.org,British Virgin Islands,2021-03-31,Standard,508.92
3844,David Price,douglaswright@example.com,Albania,2025-07-12,Standard,623.00
3845,Nicole Sanchez,jeremy66@example.org,Uruguay,2023-04-06,Standard,3174.42
3846,Gina Howe,ujennings@example.net,Australia,2026-05-02,Basic,810.19
3847,Danielle Duncan,williamsbelinda@example.com,Botswana,2022-10-11,Basic,636.28
3848,Benjamin Chen,singhaaron@example.org,Chad,2022-08-08,Premium,18738.45
3849,George Jones,whiteheadmatthew@example.com,Papua New Guinea,2021-12-08,Standard,2638.96
3850,Tiffany Rogers,leeemily@example.com,India,2025-07-10,Standard,1407.34
3851,Brenda Peterson,murphyryan@example.com,Micronesia,2022-05-24,Basic,1037.40
3852,Annette Brooks,kdunn@example.org,Romania,2020-10-10,Standard,4431.85
3853,Elizabeth Thompson,olsenmichelle@example.net,Poland,2022-03-11,Standard,2582.90
3854,Kelly Lozano,william41@example.com,Albania,2020-09-06,Basic,1478.32
3855,Jose Cox,lvalenzuela@example.org,Mozambique,2024-12-30,Basic,1371.73
3856,Jennifer Moore,poolelori@example.org,Botswana,2020-10-21,Standard,3002.53
3857,Brittany Harvey,jacqueline69@example.net,Malaysia,2022-12-30,Basic,730.12
3858,Jack Phillips,vazquezdylan@example.org,Wallis and Futuna,2026-05-23,Standard,716.53
3859,Matthew Bryant,stacy16@example.com,Zimbabwe,2025-04-27,Basic,472.74
3860,Becky Stout,james21@example.net,Palau,2021-10-25,Basic,1166.51
3861,Connor Holmes,jeffhoward@example.net,Seychelles,2020-03-02,Premium,16429.35
3862,Donna Daniels,acostadylan@example.net,Turkey,2021-02-19,Basic,1185.66
3863,Christopher Long,sotoyvette@example.org,Algeria,2024-11-21,Standard,4758.85
3864,Timothy Ponce,erik86@example.com,South Georgia and the South Sandwich Islands,2026-08-15,Standard,3736.08
3865,James Collins,christinedennis@example.net,North Macedonia,2020-04-05,Standard,4585.85
3866,Nicole Snyder,eerickson@example.com,Austria,2026-03-19,Premium,2676.13
3867,Stephanie Porter,charlescole@example.com,Christmas Island,2026-06-19,Basic,264.30
3868,Amber Allen,hollykhan@example.com,Timor-Leste,2025-04-12,Basic,862.18
3869,Robin Webster,jlevy@example.com,South Georgia and the South Sandwich Islands,2020-06-26,Basic,358.81
3870,Haley White,keith16@example.net,Sudan,2023-01-28,Premium,7394.57
3871,Megan Watkins,bbolton@example.net,Zimbabwe,2024-06-08,Premium,21599.73
3872,Lauren Flores,jeffreysandoval@example.net,Chile,2025-01-05,Basic,1481.13
3873,Cheryl James,tarasims@example.com,Mexico,2025-04-16,Basic,121.27
3874,Karen Terrell,hilldebra@example.org,Guinea,2024-05-01,Basic,283.22
3875,Matthew Miller,beth11@example.net,Japan,2026-01-06,Basic,1055.35
3876,Megan Curtis,john70@example.com,Albania,2024-07-15,Basic,298.68
3877,Dr. April Mendoza,cummingsandrea@example.com,Mongolia,2025-06-04,Premium,5137.77
3878,Lisa Durham,kimberlybryant@example.net,Israel,2021-11-17,Premium,6194.15
3879,Randy Young,cainrhonda@example.com,Barbados,2024-09-08,Standard,2488.65
3880,Kristen Singh,kaitlin25@example.net,Grenada,2024-01-25,Standard,1498.05
3881,Ryan Lopez,newtoncheryl@example.com,French Polynesia,2022-03-29,Basic,734.79
3882,Matthew Gomez,johnsonrobert@example.com,Guam,2020-08-22,Standard,4533.54
3883,Scott Huynh,richardkelly@example.net,Algeria,2020-09-17,Standard,3911.92
3884,Andre Brown,tylerdorsey@example.org,Cambodia,2026-04-10,Basic,786.19
3885,Sean Tucker,coneill@example.net,Congo,2021-07-30,Basic,1499.00
3886,Carrie Schultz,taylorchristopher@example.org,Tuvalu,2025-11-17,Standard,4448.57
3887,Lisa Swanson,michaelvalencia@example.net,Kenya,2025-04-10,Standard,3688.46
3888,Erica Taylor,jonesevan@example.net,Ghana,2024-12-08,Basic,1185.41
3889,Peter Jimenez,chadtorres@example.org,Dominican Republic,2026-04-23,Basic,940.84
3890,Alan Nichols,pmartin@example.org,Svalbard & Jan Mayen Islands,2026-08-04,Basic,1279.34
3891,Rachael Perkins,emily00@example.org,Suriname,2022-11-16,Basic,249.88
3892,Robert Sanchez,xevans@example.net,Bermuda,2026-03-05,Basic,1175.11
3893,Betty Mason,charles40@example.net,Benin,2024-07-05,Standard,2547.10
3894,Dennis Henderson,ewalters@example.net,Kiribati,2022-12-24,Basic,929.62
3895,Catherine Brown,aatkins@example.org,Papua New Guinea,2024-04-08,Standard,2390.35
3896,Cody Collins,uscott@example.org,Gambia,2020-11-08,Standard,1426.97
3897,Jason Jones,ballardkelly@example.com,Afghanistan,2022-01-12,Basic,1167.75
3898,Ashley Martinez,michael79@example.com,Burkina Faso,2020-06-08,Basic,1214.79
3899,William Thomas,erikacarlson@example.com,Jamaica,2020-04-25,Standard,4175.65
3900,Julie Sandoval DDS,pagelauren@example.net,Uganda,2025-01-09,Standard,1195.64
3901,Kristen Espinoza,ehenry@example.net,Kazakhstan,2025-01-17,Basic,592.93
3902,Claudia Castillo,andersonjason@example.net,Belize,2026-02-09,Basic,415.16
3903,Lisa Day,bobbyhunter@example.org,Argentina,2023-07-19,Premium,5295.03
3904,David Peterson,znoble@example.org,Oman,2021-10-30,Standard,2046.47
3905,Nathaniel Ramirez,jimenezterri@example.net,Iraq,2024-11-25,Basic,551.70
3906,Amanda Sims,baileytodd@example.com,Malawi,2025-03-08,Premium,13402.54
3907,Keith Saunders,john62@example.org,Guyana,2022-03-16,Basic,88.52
3908,Lindsay Saunders,shanecraig@example.com,El Salvador,2025-12-29,Basic,1327.87
3909,Jose Abbott,dsmith@example.net,Lao People's Democratic Republic,2020-03-16,Basic,860.22
3910,Henry Ellis,jacob55@example.net,Pakistan,2026-05-31,Premium,13806.41
3911,Daniel Flores,sharon07@example.net,Russian Federation,2022-04-26,Basic,1248.96
3912,John Ponce,dawnmerritt@example.org,South Georgia and the South Sandwich Islands,2023-12-13,Basic,275.66
3913,Natalie Gibson,erinsmith@example.com,Angola,2020-09-14,Premium,14333.23
3914,Kathleen Booker,caseykenneth@example.org,Portugal,2025-02-12,Basic,822.84
3915,Kimberly Smith,cody04@example.net,Japan,2022-12-14,Basic,1475.17
3916,Jason Tapia,susanmartinez@example.com,French Southern Territories,2022-09-20,Premium,17061.93
3917,Amy Green,,British Indian Ocean Territory (Chagos Archipelago),2025-06-25,Basic,873.20
3918,Adam Allen,steven04@example.net,French Polynesia,2023-05-05,Basic,824.29
3919,Julie Taylor,xhopkins@example.net,Mongolia,2021-06-28,Basic,145.86
3920,Mary Scott,fischerdanielle@example.org,Eritrea,2026-08-08,Premium,3310.18
3921,William Lang,vweber@example.net,Venezuela,2025-04-24,Basic,1023.52
3922,Jared Berry,tanner48@example.org,Bosnia and Herzegovina,2023-12-05,Basic,1366.18
3923,Amy Hunt,john31@example.com,Uzbekistan,2026-03-08,Basic,1493.34
3924,Jacob Hicks,martinmichael@example.org,Ukraine,2022-05-18,Standard,2729.41
3925,David Allen,unelson@example.org,Guinea,2025-06-08,Standard,1405.97
3926,Julie Johnson,jason25@example.org,Turkey,2025-11-29,Basic,1369.81
3927,Caleb Underwood,daniel11@example.net,Taiwan,2024-04-27,Basic,194.13
3928,Chad Gray,vgarcia@example.com,Pakistan,2026-02-14,Basic,910.06
3929,Andrew Pitts,charlesleonard@example.com,Central African Republic,2023-11-18,Standard,3154.07
3930,Timothy Valdez,kaitlindiaz@example.org,Monaco,2024-04-21,Standard,3934.39
3931,Reginald Wilson,rrodriguez@example.com,Paraguay,2021-10-07,Basic,310.74
3932,Lisa Nelson,robertmiles@example.net,Falkland Islands (Malvinas),2025-02-01,Basic,337.60
3933,Daniel Hines,amanda26@example.net,Brunei Darussalam,2025-08-30,Basic,1410.09
3934,Amy Rodriguez,tammy23@example.org,Congo,2024-10-15,Standard,2941.66
3935,David Bailey,steelestacy@example.net,Venezuela,2022-04-24,Premium,13593.54
3936,Carolyn Holmes,anthony75@example.org,Tunisia,2024-03-08,Standard,2683.22
3937,Anita Parks,xstokes@example.com,Solomon Islands,2023-04-23,Standard,3830.52
3938,Carlos White,evasquez@example.com,France,2025-04-04,Premium,4659.32
3939,James Bauer,austinsimmons@example.org,Australia,2025-03-07,Standard,4270.00
3940,Joseph Dixon,,Saint Vincent and the Grenadines,2022-11-22,Basic,640.67
3941,Jacob Clark,ywheeler@example.net,Guinea,2024-06-20,Standard,968.95
3942,Martha James,taylorandrew@example.com,Anguilla,2026-01-04,Basic,392.86
3943,Dawn Levine,carriewilliams@example.com,Bahamas,2023-02-11,Standard,3194.68
3944,Sarah Olsen MD,taylor79@example.org,Indonesia,2023-10-26,Premium,7196.30
3945,Todd Bauer,hphillips@example.net,India,2026-05-03,Basic,1427.19
3946,Jacob Banks,karagood@example.net,French Southern Territories,2025-02-24,Basic,1103.94
3947,Katie Schmidt,sharon78@example.net,Guinea-Bissau,2021-08-22,Standard,818.80
3948,Jessica Hartman,qvargas@example.net,Israel,2021-01-12,Basic,692.36
3949,Robert Munoz,jennifer57@example.net,Madagascar,2024-10-30,Premium,6220.58
3950,Neil Swanson,smckinney@example.net,Saint Lucia,2025-10-30,Premium,17887.48
3951,Jessica Rodriguez,davidthomas@example.net,Fiji,2025-09-29,Basic,918.03
3952,Kyle Clark,thomasgarcia@example.com,Uruguay,2026-01-02,Standard,2775.14
3953,Pamela Hill,ramirezsandra@example.com,Panama,2025-06-05,Basic,1044.21
3954,Juan Hall,kruegertammie@example.com,Albania,2022-06-10,Standard,4279.57
3955,Regina Patel,benjaminhampton@example.com,Philippines,2026-03-29,Standard,4410.26
3956,Carolyn Shah,scottvelazquez@example.com,Liechtenstein,2024-03-27,Basic,747.83
3957,Daniel Clark,jay37@example.org,Saint Martin,2023-03-16,Standard,1266.83
3958,Kelly Robinson,lcarrillo@example.org,Belgium,2025-03-29,Basic,131.35
3959,Andrew Taylor,burnskatherine@example.org,Equatorial Guinea,2025-06-28,Basic,837.41
3960,Danielle Barajas,khuber@example.net,Solomon Islands,2021-04-15,Standard,2839.69
3961,Sandra Robinson,wjones@example.com,Egypt,2022-07-19,Basic,878.91
3962,Christopher Castro,cameronchavez@example.org,Papua New Guinea,2020-09-27,Basic,890.01
3963,Amber Dean DVM,ocole@example.org,Bulgaria,2025-05-22,Basic,1015.56
3964,Stacy Hill MD,zachary02@example.net,Portugal,2024-01-28,Standard,1423.60
3965,Jacqueline Fowler,foxrobert@example.net,Andorra,2023-01-08,Basic,998.34
3966,Chris Johnson,kmiller@example.org,Mali,2020-01-01,Standard,4164.96
3967,Diana White,ashley02@example.org,Cote d'Ivoire,2023-11-21,Standard,3021.39
3968,Marc Chan,hshah@example.com,Guyana,2020-07-02,Premium,4012.58
3969,Christina Gonzalez,bauermichelle@example.net,Finland,2022-12-18,Premium,7384.02
3970,Adam Blevins,david30@example.org,Kenya,2026-04-01,Premium,2559.65
3971,Katherine Bailey,rnguyen@example.net,Guadeloupe,2023-06-01,Standard,3865.47
3972,Gerald Mullins,matthew49@example.com,Christmas Island,2026-04-27,Premium,11804.43
3973,Marco Byrd,seanshaw@example.com,Bosnia and Herzegovina,2025-12-30,Standard,3009.55
3974,Randall Taylor,laura38@example.com,Serbia,2023-08-06,Standard,4064.62
3975,Melanie Barker,fthomas@example.com,Eritrea,2024-05-28,Standard,1740.46
3976,Lisa Harris,daniel67@example.com,Antigua and Barbuda,2024-05-29,Basic,1238.89
3977,Kristin Wiley,velliott@example.net,Ukraine,2022-12-09,Basic,606.68
3978,Ernest Nelson,rosariochristopher@example.com,Oman,2025-07-25,Basic,607.20
3979,Martin Good,stefanie87@example.net,Dominica,2025-05-25,Basic,514.65
3980,Levi Stewart,ekennedy@example.org,Fiji,2024-05-06,Premium,8018.68
3981,Ashley Yang,emma98@example.org,Vanuatu,2023-10-29,Premium,14336.38
3982,Dr. Jessica Smith,csmith@example.com,Niue,2025-12-12,Premium,16839.24
3983,Barry Hicks,ybrooks@example.net,Christmas Island,2023-12-03,Standard,3291.18
3984,Stephanie Taylor,basskiara@example.org,Paraguay,2026-07-24,Standard,3245.71
3985,Julie Clark,kimberly12@example.com,Iceland,2026-06-13,Standard,3324.46
3986,Virginia Moore MD,tranmatthew@example.net,Madagascar,2025-12-06,Standard,3328.74
3987,Kevin Richardson,janicewhite@example.com,Hong Kong,2025-09-27,Basic,985.09
3988,Rachel Dickerson,sabrina83@example.com,Palau,2020-02-17,Basic,868.47
3989,Christine Harris,charles36@example.com,Palau,2024-01-12,Premium,12505.44
3990,Erica Oconnor,christina97@example.net,Spain,2021-04-04,Standard,3520.33
3991,Nancy Solis,fwilliams@example.com,Wallis and Futuna,2022-12-08,Basic,132.25
3992,Rachel Wright,djohnson@example.com,Saint Martin,2022-07-06,Basic,494.48
3993,Mary Braun,james87@example.org,Panama,2023-12-08,Standard,1079.87
3994,Stephanie Allen,fkim@example.com,Uganda,2024-11-05,Standard,1455.01
3995,Eric Smith MD,martha66@example.org,Malta,2023-03-08,Basic,929.29
3996,Misty Parker,george85@example.org,Niue,2020-12-28,Basic,656.33
3997,Nicholas Gordon,nthompson@example.net,Eritrea,2020-06-03,Standard,3053.31
3998,Mark Taylor,barbararichards@example.net,Ukraine,2024-07-25,Standard,3712.88
3999,Barbara Hart,smithholly@example.org,Croatia,2025-08-05,Basic,914.08
4000,Michael Roberts,stacy45@example.com,Korea,2025-09-24,Basic,1046.96
4001,Mr. Ronald Adams,ysantos@example.com,Albania,2026-02-23,Standard,511.82
4002,Kevin Hall,mcclainrichard@example.net,Georgia,2021-12-22,Basic,1149.76
4003,Katherine Buchanan,zwalton@example.com,Svalbard & Jan Mayen Islands,2022-06-19,Basic,1461.08
4004,James King,wwilliams@example.org,Algeria,2023-02-25,Standard,3479.90
4005,Gloria Davidson,ucollins@example.org,Barbados,2023-04-30,Premium,8651.41
4006,Kenneth Medina,lmoreno@example.net,Macao,2023-04-08,Standard,3373.78
4007,Isaac Yang,garrettjordan@example.net,Reunion,2023-03-31,Premium,5936.23
4008,Jennifer Lawson,obowers@example.net,Malta,2023-09-08,Basic,673.87
4009,Amanda James,ataylor@example.com,Cook Islands,2022-11-15,Standard,1159.93
4010,Robert Miller,briandavis@example.net,Comoros,2023-11-21,Standard,2420.22
4011,Cynthia Hoover,rodriguezdaniel@example.net,Estonia,2026-08-27,Basic,1301.93
4012,David Schmidt,alexandra55@example.org,Qatar,2024-06-13,Basic,90.97
4013,James Cooper,james97@example.com,Guatemala,2021-12-04,Basic,834.15
4014,Christine Jones,irosario@example.org,Pakistan,2023-01-10,Premium,11606.97
4015,Ann Allen,tanya69@example.com,Turkey,2023-05-04,Basic,283.00
4016,Dr. Kimberly Shaffer,jennifer86@example.net,El Salvador,2021-08-24,Standard,2581.27
4017,Tammy Murphy,smckee@example.org,Netherlands Antilles,2020-06-15,Standard,804.65
4018,Ashley Short,banderson@example.net,Gambia,2024-02-03,Premium,12637.52
4019,Travis Vargas,rsolis@example.net,Finland,2024-03-20,Basic,1165.29
4020,Heidi Wilson,elee@example.net,Saint Lucia,2020-11-29,Basic,268.57
4021,Amber Hess,andersonvanessa@example.com,Suriname,2025-07-31,Basic,320.37
4022,Meghan Shea,melissa20@example.org,Mauritius,2020-07-06,Premium,3360.01
4023,Brian Anderson,dana90@example.net,Falkland Islands (Malvinas),2026-05-10,Basic,1229.79
4024,Janet Mckenzie,robert22@example.org,Bhutan,2025-12-25,Standard,2697.90
4025,Daniel Conner,triciagomez@example.net,Cape Verde,2022-08-07,Premium,23385.09
4026,Janet Morris,bestalexis@example.org,Norway,2021-12-01,Standard,1746.59
4027,Scott Sherman,,Cambodia,2023-04-17,Basic,684.04
4028,Chelsey Vaughan,freemanmiguel@example.net,Netherlands Antilles,2025-11-19,Basic,927.65
4029,Teresa Robertson,qjohnson@example.com,Albania,2021-05-31,Standard,2851.87
4030,Angelica Solomon,mcdonaldcole@example.net,China,2022-01-04,Standard,2686.99
4031,Michael Mcmillan,katherineburns@example.net,Norway,2021-07-26,Basic,175.90
4032,Greg Alexander,kimscott@example.com,Yemen,2021-06-20,Basic,807.49
4033,Justin Rodriguez,lpace@example.com,Ireland,2021-07-01,Premium,13386.92
4034,Michael Carpenter,catherinewhite@example.net,Austria,2022-11-06,Basic,926.67
4035,Haley Peck,clarkjonathan@example.org,North Macedonia,2025-07-16,Standard,1338.61
4036,Christopher Montgomery,william47@example.com,Comoros,2021-08-29,Basic,265.73
4037,Krystal Guerra,walkersamantha@example.net,Netherlands Antilles,2021-06-07,Standard,1099.66
4038,Mrs. Dana Terry,leslie14@example.org,Belize,2020-09-23,Basic,556.68
4039,Todd Lopez,arthurhowe@example.com,Togo,2025-04-03,Basic,1179.06
4040,Linda Williams,mary36@example.com,Turkey,2024-05-07,Basic,1133.30
4041,David Colon,qchapman@example.org,Cayman Islands,2021-06-08,Basic,1195.70
4042,Dr. Lynn Ford,fredericksmall@example.com,Indonesia,2024-08-04,Basic,477.48
4043,Christopher Romero,udorsey@example.net,Liberia,2024-10-10,Standard,1792.27
4044,Colleen Fernandez,jeffery00@example.net,Aruba,2020-09-15,Basic,627.73
4045,Christine Cantrell,wyatt67@example.com,Turks and Caicos Islands,2025-12-26,Premium,7008.91
4046,Juan Martinez,angelaparker@example.com,Palau,2022-03-14,Standard,3879.88
4047,Robert Little,ivanmitchell@example.com,Guinea,2020-03-08,Basic,604.95
4048,Meagan Foley,shawna15@example.com,San Marino,2024-04-25,Basic,1494.25
4049,Bryan Edwards,leetravis@example.org,Svalbard & Jan Mayen Islands,2022-09-25,Basic,736.71
4050,Richard Cameron,rfoster@example.com,Guinea-Bissau,2026-08-02,Premium,20514.11
4051,Susan Ortiz,ysmith@example.net,Uruguay,2024-09-06,Standard,3495.10
4052,Michele West,eric96@example.net,Faroe Islands,2025-02-12,Basic,1390.83
4053,Anita Elliott,taraanderson@example.org,Saint Martin,2023-06-07,Basic,147.90
4054,Thomas Walters,shawnanderson@example.com,Indonesia,2021-10-07,Basic,661.74
4055,Dustin Walls,jason29@example.com,Aruba,2022-10-01,Basic,1420.66
4056,John White,davidharvey@example.org,Guyana,2023-08-18,Premium,22325.31
4057,Steven Lambert,,Benin,2024-03-31,Basic,163.31
4058,Terry Torres,jhurst@example.com,Anguilla,2024-10-07,Basic,443.02
4059,Matthew Vargas,james08@example.com,Mauritania,2023-01-25,Basic,1212.70
4060,Mary Walton,nellis@example.org,Australia,2026-03-20,Standard,2885.75
4061,Christopher Turner,yhooper@example.net,Georgia,2026-04-30,Basic,912.14
4062,Timothy Weiss,jason68@example.org,Turkey,2024-07-30,Basic,602.86
4063,Nicholas Moreno,beth56@example.org,Montserrat,2024-07-16,Basic,1053.19
4064,James Potter,jasongentry@example.org,Greece,2023-03-04,Standard,1873.16
4065,Katherine Chen,jennifer68@example.net,New Caledonia,2022-12-24,Basic,474.67
4066,Anthony Fleming,xthompson@example.net,Pitcairn Islands,2024-09-25,Basic,313.79
4067,Sheri Spence,csanders@example.com,Bolivia,2021-08-08,Standard,591.42
4068,Nicholas Hughes,bairdmolly@example.com,Chile,2026-03-28,Premium,15109.49
4069,Norma Francis,nbender@example.org,Faroe Islands,2023-05-05,Standard,4170.59
4070,Victoria Preston,erinhogan@example.net,Philippines,2026-06-20,Standard,2066.51
4071,Joseph Simmons,robert13@example.net,French Southern Territories,2026-01-18,Standard,4750.51
4072,Vanessa Perez,mistystephens@example.net,Antarctica (the territory South of 60 deg S),2021-10-25,Basic,285.76
4073,Cheryl Harrison,ballarddeanna@example.org,Lithuania,2020-10-21,Basic,391.28
4074,Rachel Welch,davisemily@example.org,Cayman Islands,2026-06-05,Standard,725.63
4075,James Davis,henry02@example.org,Mozambique,2026-03-11,Premium,22213.01
4076,Benjamin Lee,rwalsh@example.org,Philippines,2020-08-29,Standard,1629.57
4077,Linda Thompson,toddwhite@example.org,Mexico,2020-06-10,Basic,607.84
4078,Cody Bass,cindymunoz@example.org,Bolivia,2023-12-16,Basic,1235.76
4079,Mark Ross,smithadam@example.org,Palau,2024-05-30,Standard,1966.46
4080,Dr. Tiffany Bennett MD,lorithompson@example.com,Thailand,2023-11-15,Standard,838.99
4081,William Mueller,,Finland,2022-01-20,Basic,1127.01
4082,Malik Wilson,hursthannah@example.com,Algeria,2024-10-13,Standard,4650.44
4083,Walter Escobar,brian93@example.net,Saint Martin,2020-11-20,Basic,1403.94
4084,Sean Fitzpatrick,justinreeves@example.net,Brazil,2024-10-13,Basic,1365.10
4085,Brian Wade,johnsonmichelle@example.net,Croatia,2021-03-10,Premium,3508.98
4086,Kimberly Taylor,jacob76@example.org,Guyana,2021-03-08,Standard,685.21
4087,Stacey Davis,garciatanner@example.com,Saint Kitts and Nevis,2020-12-24,Basic,1369.92
4088,Susan Lewis,bsnyder@example.org,San Marino,2021-12-06,Standard,1925.20
4089,Jonathan Rodriguez,dbenitez@example.net,Mauritania,2025-01-15,Basic,1363.02
4090,Kyle White,cookwilliam@example.com,Saudi Arabia,2022-09-27,Standard,3398.99
4091,Richard Jackson,mendezkent@example.com,Poland,2021-02-15,Standard,3487.06
4092,Christine Vincent,sonia05@example.org,Belarus,2025-05-15,Premium,20686.61
4093,Benjamin Ortega,westlaura@example.org,Marshall Islands,2024-01-18,Standard,3234.04
4094,Joshua Gutierrez,ogriffin@example.com,Madagascar,2021-09-22,Basic,53.67
4095,Johnathan Gross,wendysantos@example.com,Faroe Islands,2021-08-31,Basic,765.08
4096,Gina Hicks,mark01@example.com,United Kingdom,2024-05-23,Basic,1445.52
4097,Martin Holden,sarahtaylor@example.org,Mongolia,2021-02-01,Basic,1435.29
4098,Kimberly Young,wardchristopher@example.org,Bahrain,2020-03-03,Basic,277.26
4099,Jeffery Gonzalez,eferguson@example.net,Nepal,2025-07-02,Standard,618.06
4100,Eric Morales,jonestaylor@example.net,Switzerland,2020-04-06,Basic,723.50
4101,Rebecca Ball,zwilliams@example.com,Mauritius,2021-10-26,Basic,382.57
4102,Jessica Graham,ocrane@example.net,Benin,2022-05-04,Basic,877.45
4103,Rebecca Gallegos,mrodgers@example.org,Gambia,2021-02-01,Basic,523.01
4104,Angela Wright,rayrobin@example.org,Sao Tome and Principe,2024-03-23,Standard,1488.74
4105,Terry Hale,zflynn@example.com,Kazakhstan,2026-04-25,Standard,1019.97
4106,Scott Anderson,grojas@example.com,Argentina,2022-10-08,Standard,3345.77
4107,Joanna Torres,fredericktimothy@example.com,Senegal,2023-10-13,Basic,173.86
4108,Christian Harris,kingtracie@example.org,Gambia,2025-04-25,Standard,3685.00
4109,Jessica Sandoval,michelle20@example.net,United States Virgin Islands,2023-01-04,Standard,1951.62
4110,Melissa Patel,xbowers@example.net,Macao,2022-05-08,Basic,996.36
4111,Tina Harvey,jasonhardy@example.net,Latvia,2023-04-27,Standard,2704.66
4112,Carla Santana,shannoncheryl@example.net,Macao,2025-12-07,Standard,2464.80
4113,Miguel Marsh,katie48@example.com,Ethiopia,2022-09-01,Basic,1142.84
4114,Kevin Hall,wflynn@example.org,Russian Federation,2020-11-24,Basic,1174.13
4115,Nicholas Butler,ysullivan@example.org,Lebanon,2021-08-05,Standard,4522.49
4116,Sharon Rivas,patty62@example.org,Timor-Leste,2021-08-28,Basic,1181.24
4117,David Chan,greennatalie@example.org,Holy See (Vatican City State),2020-09-10,Premium,19755.20
4118,Stephen Mercer,teresaperry@example.com,Chile,2022-08-26,Basic,1299.32
4119,Jennifer Eaton,michaeljohnson@example.com,Ethiopia,2025-04-28,Premium,22777.69
4120,Autumn Velez,james42@example.org,Belarus,2022-06-03,Standard,3987.34
4121,Steve Baker,timothy42@example.org,Norfolk Island,2020-09-12,Basic,345.83
4122,Catherine Garrett,nicholas81@example.com,Belarus,2023-09-09,Standard,4708.84
4123,William Russell,lmay@example.com,Panama,2021-01-27,Standard,3081.91
4124,Kyle Mason,cthompson@example.net,Costa Rica,2022-07-30,Premium,8528.19
4125,Lisa Rice,pbrooks@example.net,Sudan,2022-02-24,Basic,1340.77
4126,Aaron Marshall,greentina@example.net,Belarus,2020-10-14,Premium,8784.17
4127,Donald Stephenson,samanthahurst@example.org,Guadeloupe,2025-04-21,Basic,1430.83
4128,Kristin Green,whitneyjohnson@example.net,Bermuda,2026-05-17,Standard,4817.39
4129,Elijah Clements,rnichols@example.com,Wallis and Futuna,2020-12-07,Basic,582.01
4130,Anthony Meyers,mccallcrystal@example.org,Jamaica,2021-02-12,Premium,23512.82
4131,Jean Swanson,mlamb@example.net,Isle of Man,2022-10-19,Basic,269.61
4132,Eric Garcia,laurenflynn@example.net,United States Minor Outlying Islands,2021-08-12,Basic,642.66
4133,Lori Cruz,colemanmelissa@example.com,Kazakhstan,2023-04-08,Basic,1280.22
4134,Ashley Mccullough,aaron31@example.com,Aruba,2020-07-22,Premium,9495.90
4135,Anthony Lozano,zmartin@example.net,Mauritius,2020-01-05,Basic,1038.35
4136,Shannon Hayden DDS,schaeferbrian@example.com,Tuvalu,2022-10-07,Standard,2173.64
4137,Lisa Phillips,benjamin79@example.com,Serbia,2020-07-13,Premium,13405.88
4138,Mallory Hanna,frank01@example.com,Belize,2022-07-14,Standard,4838.17
4139,David Smith,fwalker@example.org,Egypt,2021-11-07,Premium,19852.27
4140,Jenny Higgins,beth28@example.net,Vanuatu,2024-09-11,Standard,2222.39
4141,Michelle Greene,qhester@example.com,Qatar,2025-08-11,Standard,1477.34
4142,Stephanie Park,brittanyjohnson@example.com,Luxembourg,2022-11-27,Basic,818.55
4143,Robert Davidson,peterhamilton@example.com,Georgia,2023-03-07,Basic,1321.98
4144,Jacob Robinson,jessica81@example.com,Albania,2024-10-16,Standard,1458.70
4145,Crystal Brown,matthewstokes@example.net,Anguilla,2025-02-19,Premium,14223.27
4146,Patricia Chen,acoleman@example.net,Italy,2025-10-27,Standard,3582.60
4147,John Stark,knoxmark@example.org,South Georgia and the South Sandwich Islands,2021-05-29,Standard,757.62
4148,Jonathan Anderson,elizabethjames@example.net,France,2021-02-20,Premium,9659.44
4149,Sherri Anderson,michael40@example.net,Guernsey,2026-02-02,Standard,3461.81
4150,Cynthia Sullivan,matthewowen@example.net,Ecuador,2026-07-16,Standard,3202.42
4151,Nicholas Garza,morrowjennifer@example.com,Uruguay,2023-02-18,Basic,480.43
4152,Raymond Ellis,toddheath@example.net,Sudan,2024-07-15,Standard,3221.23
4153,Monica Brady,charles25@example.net,Micronesia,2024-12-26,Standard,4479.50
4154,Ricky Singleton,millertravis@example.com,Sierra Leone,2025-07-09,Basic,197.20
4155,John Walton,christinehart@example.com,Greece,2021-02-17,Standard,1840.95
4156,Marcus Crawford,thomaslori@example.net,Maldives,2025-11-02,Basic,911.89
4157,Aaron Castro,petersonjennifer@example.org,Finland,2022-04-05,Standard,3252.38
4158,Erica Small,marydaniels@example.org,Russian Federation,2020-12-14,Basic,716.58
4159,Lisa Olson,matthewgilbert@example.com,Barbados,2026-08-11,Basic,981.79
4160,Nicole Johnson,dixondonald@example.com,Somalia,2022-01-29,Standard,3495.32
4161,Jason Jones,mfox@example.com,Cambodia,2021-08-21,Standard,3683.56
4162,Stephanie Barajas,donnaholt@example.org,France,2023-06-21,Standard,4929.95
4163,Andrea Miller,pwilliams@example.org,Switzerland,2020-09-05,Basic,124.64
4164,Amy Ochoa,,Italy,2024-11-29,Basic,250.99
4165,Amy White,mccoysamantha@example.org,Cyprus,2024-05-05,Basic,1417.01
2264,Amber Moore,johnsonjohn@example.com,Libyan Arab Jamahiriya,2023-02-19,Premium,16773.30
4167,Jennifer Ayers,agibson@example.com,Serbia,2024-10-28,Premium,16688.37
4168,Howard Evans,clarkrachel@example.net,Bouvet Island (Bouvetoya),2026-05-08,Standard,2299.24
4169,Melissa Harris,rodriguezbrent@example.com,Nigeria,2024-01-31,Basic,1255.26
4170,Daniel Carson,jameswright@example.net,Yemen,2021-05-11,Standard,3782.68
4171,Michael Lucero,terri85@example.com,San Marino,2025-11-06,Standard,2683.80
4172,Charles Wright,ytaylor@example.com,American Samoa,2025-03-24,Standard,747.46
4173,Brian Chen,franciskenneth@example.net,Lesotho,2022-07-26,Basic,1328.02
4174,Timothy Irwin,anna34@example.net,Burkina Faso,2022-11-28,Premium,8188.03
4175,Stephanie Chavez,thompsonjulian@example.com,Montenegro,2023-01-06,Premium,8281.26
4176,Christopher Jackson,moorejoy@example.com,Madagascar,2022-03-06,Basic,1455.95
4177,Randy Martin,amandaschmidt@example.net,Netherlands,2024-02-16,Premium,13864.80
4178,Stefanie Higgins,maria51@example.com,Philippines,2025-12-13,Basic,682.51
4179,Andrea Mann,,Jersey,2024-10-29,Premium,6477.36
4180,David Silva,scotttanya@example.org,Gabon,2021-09-03,Premium,23426.55
4181,Sherry Mclaughlin,xsimpson@example.com,Equatorial Guinea,2025-10-23,Standard,3120.86
4182,Benjamin Matthews,wgeorge@example.org,British Virgin Islands,2023-04-15,Basic,668.10
4183,Jerry Williams,rodneythomas@example.net,Zambia,2025-12-11,Standard,2767.16
4184,Carl Gordon,brownhayley@example.net,Belarus,2022-04-15,Standard,1450.82
4185,Amanda Reid,josephjefferson@example.org,Peru,2023-01-26,Standard,4384.46
4186,Daniel Evans,imatthews@example.net,Samoa,2021-08-26,Standard,4330.38
4187,Hannah Morris,tonyroberts@example.org,Saint Barthelemy,2020-08-01,Standard,4315.27
4188,Shelly Booth,gburns@example.com,Uruguay,2023-05-07,Standard,2215.88
4189,Anthony Solomon,gmeyer@example.org,Guatemala,2020-08-07,Basic,1069.11
4190,Michael Diaz,fbyrd@example.com,Israel,2022-05-21,Premium,24425.76
4191,Elizabeth Williams,robertfrancis@example.com,El Salvador,2023-09-22,Basic,161.24
4192,Keith Wood,dominguezdarryl@example.org,Cyprus,2022-09-17,Basic,676.56
4193,William Lopez,rebecca18@example.org,Holy See (Vatican City State),2021-05-18,Standard,1124.66
4194,Kevin Miller,daniellejordan@example.net,Korea,2022-08-18,Standard,1819.23
4195,Kristin Wolf,jriley@example.com,Malta,2025-08-17,Premium,3033.05
4196,Katie Obrien,fstevenson@example.net,Jamaica,2023-03-17,Basic,763.05
4197,Christopher Sims,jeanne69@example.org,Cocos (Keeling) Islands,2026-03-10,Premium,19310.36
4198,Monique Henderson,jimmypugh@example.org,Liberia,2025-01-26,Basic,1134.79
4199,Michelle Smith,gmyers@example.net,Bermuda,2021-11-15,Basic,1368.45
4200,Jessica Owens,copelandmichael@example.com,Czech Republic,2023-10-19,Basic,531.35
4201,Richard Thompson,gutierrezmichael@example.com,Costa Rica,2025-05-28,Basic,510.40
4202,Jesse Myers,gabriel98@example.com,South Georgia and the South Sandwich Islands,2024-04-07,Standard,3505.27
4203,Sheryl Massey,robinsonjulie@example.com,Costa Rica,2020-06-06,Basic,1279.12
4204,Elizabeth Mills,storres@example.com,Costa Rica,2020-02-14,Standard,2226.71
4205,Michael Perez,mary11@example.net,Malaysia,2024-12-23,Basic,367.35
4206,Vincent Davenport,mcdanielruben@example.net,Romania,2024-08-05,Premium,10585.29
4207,Melvin Gutierrez,donnahart@example.org,Uruguay,2024-10-16,Standard,1130.02
4208,Amy Garcia,waynemiller@example.com,South Africa,2024-04-27,Standard,4739.52
4209,Christine Myers,zlong@example.net,Saint Helena,2024-01-05,Standard,2167.95
4210,Christopher Jones,ericlynn@example.com,Mozambique,2026-03-31,Premium,7017.82
4211,Corey Rowland,tcarr@example.org,Papua New Guinea,2023-06-06,Standard,4997.39
4212,Willie Wall,wward@example.net,Portugal,2024-06-02,Standard,2503.62
4213,Mary Moore,jodi27@example.net,Greenland,2021-04-26,Basic,614.51
4214,Lauren Peterson,brianpowell@example.com,Moldova,2022-10-04,Standard,1513.18
4215,Beth Hodge,srivera@example.net,French Guiana,2020-05-29,Basic,994.84
4216,Kathryn Moore,williamlam@example.org,United States of America,2025-04-17,Premium,9661.09
4217,Donald Owens,kgutierrez@example.org,Ecuador,2024-09-29,Standard,1370.83
4218,Scott Alexander,devin22@example.net,Yemen,2022-08-30,Basic,848.51
4219,Ryan Rios,jeanette90@example.org,Mongolia,2025-05-10,Premium,5717.87
4220,Lauren Phillips,joy57@example.com,Syrian Arab Republic,2022-01-11,Standard,3198.12
4221,James Bowen,samanthaherrera@example.com,Guam,2025-05-20,Premium,15159.39
4222,Norman Keith,mannbrandi@example.org,Qatar,2024-02-29,Basic,1439.03
4223,James Wallace,donaldclark@example.net,Pakistan,2022-06-12,Basic,1090.87
4224,Holly Boyle,patricksmith@example.org,Mozambique,2026-06-23,Basic,593.24
4225,Mark Johnson,xrodriguez@example.com,Paraguay,2025-03-11,Basic,799.63
4226,Joseph Nichols,qtaylor@example.org,Antarctica (the territory South of 60 deg S),2021-07-12,Standard,3787.14
4227,Tammy Joseph,hardingeric@example.net,Niger,2026-01-02,Basic,318.60
4228,Jessica Robinson,sherylgonzalez@example.com,Czech Republic,2022-11-03,Standard,4370.36
4229,Danny Huang,robert07@example.net,Bolivia,2021-12-18,Premium,2809.11
4230,Hannah Hopkins,tracy43@example.net,Ireland,2023-11-09,Basic,188.97
4231,Dean Cardenas,carolynjones@example.com,Saint Kitts and Nevis,2023-04-04,Standard,4629.29
4232,Natalie Peterson,pshannon@example.net,Lithuania,2023-12-22,Basic,352.88
4233,Matthew Fischer,dferguson@example.org,Greenland,2024-12-19,Basic,497.05
4234,Walter Owen,acombs@example.org,Germany,2021-05-31,Standard,4962.90
4235,Jordan Williams Jr.,zachary40@example.org,Slovakia (Slovak Republic),2021-10-23,Basic,1061.10
4236,Ethan Cobb,williamschad@example.net,Paraguay,2021-12-15,Standard,3580.76
4237,Amanda Clark,,Georgia,2020-05-15,Basic,791.66
4238,Ryan Mullins,lorifields@example.org,Micronesia,2024-11-05,Basic,1246.43
4239,Brian Schmidt,hjimenez@example.org,Cambodia,2024-01-09,Premium,5327.29
4240,Hayley Martinez,diana25@example.net,Bangladesh,2020-09-22,Standard,2683.86
4241,Lauren Williams,carolyn09@example.com,Chad,2020-09-08,Basic,898.81
4242,Roger Edwards,vhowell@example.net,Argentina,2024-05-27,Basic,747.17
4243,Raymond Wright,dshelton@example.com,Timor-Leste,2024-11-06,Basic,731.71
4244,Jasmine Martin PhD,paula13@example.com,Andorra,2022-11-11,Standard,3923.71
4245,Sabrina Ruiz,amandamitchell@example.net,Reunion,2024-04-23,Basic,963.22
4246,Brett Gonzalez,eugeneavila@example.net,Costa Rica,2024-05-05,Standard,4512.15
4247,Sabrina Thornton,paulreyes@example.net,Chad,2024-03-20,Premium,18125.83
4248,Gregory Parker,piercedavid@example.org,Sweden,2025-11-03,Basic,584.91
4249,John Perry,samuel76@example.com,Lithuania,2025-10-08,Basic,701.72
4250,Michael Russo,kathrynbaxter@example.org,Uruguay,2020-06-22,Basic,1295.65
4251,Wendy Flores,wnelson@example.net,Nigeria,2021-01-14,Basic,604.36
4252,Michael Smith,csmith@example.com,Marshall Islands,2025-01-03,Standard,1860.39
4253,Maria Adams,lbates@example.com,Gibraltar,2023-03-18,Basic,1339.41
4254,Amy Mclean,barbara67@example.com,Qatar,2022-04-10,Premium,16676.81
4255,Ellen Perez,kathy57@example.net,French Southern Territories,2022-06-02,Premium,19224.92
4256,Robert Colon,tonyamorris@example.net,Italy,2026-06-22,Basic,1043.44
4257,Laura Williams,velasquezmichael@example.org,Serbia,2024-05-10,Basic,779.03
4258,Emily Reynolds,kristinstephens@example.com,Belarus,2026-02-27,Standard,1779.63
4259,Noah Snyder,banksbrian@example.com,Sao Tome and Principe,2022-02-16,Basic,1029.24
4260,Alexandra Franklin MD,victoriavillarreal@example.org,Eritrea,2025-10-05,Basic,1113.30
4261,Cassandra Washington,owilliams@example.com,San Marino,2022-11-20,Basic,602.73
4262,Dale Allen,kimberlylane@example.org,French Southern Territories,2024-12-17,Standard,582.18
4263,Brenda Hammond,ebrown@example.com,Tonga,2024-02-25,Basic,809.55
4264,John Moreno,richardnichols@example.org,Swaziland,2025-11-10,Standard,4779.88
4265,Tonya Cowan,stevengray@example.net,Malta,2024-04-04,Basic,383.60
4266,Christopher Spears,dcarpenter@example.net,El Salvador,2024-12-22,Basic,1160.31
4267,Catherine Mcclain,cynthiajohnson@example.net,Moldova,2023-03-16,Standard,4133.61
4268,Julie Todd PhD,robertdavis@example.org,Uruguay,2022-04-17,Standard,4855.41
4269,Cassidy Armstrong,christopher23@example.org,Malawi,2020-10-25,Basic,913.31
4270,Todd Duarte,plopez@example.net,Mozambique,2025-01-06,Standard,3635.26
4271,Susan Ward,micheal18@example.net,Chad,2021-09-01,Standard,4659.52
4272,Stacy Hendricks,greenadam@example.org,Guatemala,2022-02-12,Premium,10196.88
4273,Tanner Moore,ryanlee@example.net,Gabon,2022-09-05,Standard,1165.84
4274,William Riley,gward@example.com,Switzerland,2025-10-18,Premium,18911.58
4275,Jessica Taylor,dylanstevenson@example.com,Bahamas,2025-04-12,Standard,1259.22
4276,Joshua Solomon,paul34@example.com,Hungary,2023-06-29,Standard,3327.45
4277,Samantha Hahn,jasonray@example.com,Mayotte,2020-05-02,Standard,4677.87
4278,Raven Bowman,qowens@example.org,India,2022-12-04,Premium,15405.71
4279,David Christian,paul17@example.org,Samoa,2021-05-23,Basic,1224.32
4280,Kayla Smith,jacquelinesullivan@example.net,Australia,2022-08-16,Premium,12312.13
4281,Rachel Contreras,ashley16@example.org,Equatorial Guinea,2023-06-07,Basic,578.96
4282,Shannon Frazier,sherribrown@example.net,Bolivia,2025-09-05,Basic,238.79
4283,James White,alexandriacox@example.com,Gambia,2022-08-01,Basic,992.35
4284,Kim Rivera,khernandez@example.com,Belarus,2020-06-24,Basic,1367.80
4285,Aaron Collins,ymiller@example.net,Singapore,2025-01-30,Basic,1333.34
4286,Matthew Brown,smacdonald@example.com,Nauru,2022-10-04,Standard,4867.65
4287,Dennis Keller,williamwalters@example.org,United States of America,2020-02-12,Basic,326.53
4288,Robert Valenzuela,charles06@example.com,Niue,2025-06-23,Basic,1182.65
4289,Emma Ruiz,melindahernandez@example.org,Jersey,2023-04-10,Standard,3210.34
4290,Susan Hill,kimarmstrong@example.com,Ethiopia,2022-04-28,Basic,131.98
4291,Alexis Jones,mayalexis@example.com,Saudi Arabia,2024-12-10,Standard,1421.53
4292,Allison Sanchez,mooneydanielle@example.net,Antarctica (the territory South of 60 deg S),2021-02-21,Basic,1156.51
4293,Brandon Fernandez,sarahsandoval@example.org,Luxembourg,2025-08-05,Basic,989.65
4294,Kenneth Stewart,jill12@example.net,Uruguay,2025-01-31,Basic,1228.70
4295,Carol Molina,erichoover@example.org,Madagascar,2025-04-27,Standard,3779.13
4296,Andrea Hartman,brandonwillis@example.net,Guinea,2026-05-18,Standard,3285.33
4297,Shelley Kelley,stantoneric@example.net,Jersey,2020-12-03,Basic,990.61
4298,Sarah Malone,tdoyle@example.org,Fiji,2021-02-08,Standard,775.38
4299,Crystal Burke,briancardenas@example.net,Sao Tome and Principe,2024-12-27,Basic,677.87
4300,Perry Tucker,ycervantes@example.org,Monaco,2021-02-14,Premium,9075.50
4301,Elizabeth Blake,timothylong@example.com,Cote d'Ivoire,2021-07-13,Basic,1177.50
4302,Brittany Simon,jo03@example.org,Anguilla,2023-12-20,Basic,1218.16
4303,Samantha Roberts,irios@example.net,Pakistan,2023-06-24,Basic,1414.48
4304,Alejandro Villegas,sharon87@example.net,Botswana,2020-04-23,Standard,3108.30
4305,Ethan Hawkins,stevenjackson@example.org,Nicaragua,2022-03-24,Standard,788.88
4306,David Armstrong,ashleyholt@example.com,British Virgin Islands,2020-05-06,Standard,4534.65
4307,Miguel Johnson,michael88@example.net,Falkland Islands (Malvinas),2023-03-23,Standard,3494.83
4308,Erin Mahoney,timothynorman@example.net,Honduras,2026-02-03,Standard,3163.82
4309,Jessica Robinson,xblair@example.com,Thailand,2022-09-11,Standard,2950.51
4310,Brian Smith,danielsjames@example.net,Nepal,2025-11-13,Premium,17877.57
4311,Heather Mathews,adam39@example.org,Singapore,2021-05-27,Premium,12243.58
4312,Chad Lawson,timothy75@example.org,Portugal,2022-06-06,Basic,401.95
4313,Dylan Hansen,robinsonjoy@example.com,Congo,2026-02-09,Basic,227.47
4314,Julia Hernandez,wrightjohn@example.com,Turks and Caicos Islands,2022-08-31,Basic,1220.50
4315,Sherry Robertson,alexanderhuber@example.com,Dominican Republic,2021-10-12,Basic,356.65
4316,Michael Sweeney,boydamanda@example.com,Comoros,2023-12-28,Basic,685.95
4317,Sara Hobbs,janet01@example.org,Equatorial Guinea,2021-03-15,Standard,552.13
4318,Sara Torres,joseph73@example.net,Trinidad and Tobago,2024-02-14,Basic,474.09
4319,Amanda Hodges,johnstonrobert@example.net,Bangladesh,2024-05-09,Basic,91.33
4320,Ricky Davila,bailey73@example.net,Hungary,2024-01-06,Standard,2811.22
4321,Mary Ayala,andrew73@example.com,Mauritius,2020-08-16,Basic,711.06
4322,Anne Williams,carterdaniel@example.net,Luxembourg,2026-01-06,Basic,542.98
4323,Mario Ramirez,anthonyfoley@example.org,Sri Lanka,2026-06-07,Premium,17513.65
4324,Mary Hunter,rpham@example.net,Jamaica,2020-09-10,Standard,638.87
4325,Ashlee Flores,awhite@example.org,Gambia,2026-05-05,Basic,752.50
4326,Dennis Trevino,tbarajas@example.com,Korea,2025-01-29,Basic,889.45
4327,Charles Murphy,jbenson@example.org,Micronesia,2026-03-18,Basic,786.37
4328,Laurie Wilson,nchang@example.net,Thailand,2026-06-13,Standard,1489.08
4329,Matthew Scott,weberrichard@example.net,Marshall Islands,2023-07-22,Basic,181.53
4330,Hannah Kidd,nancy37@example.net,Denmark,2021-12-11,Standard,4094.53
4331,Cindy Nolan,davidflores@example.net,Iraq,2020-05-30,Premium,3480.24
4332,Roberto Graham,jonathan14@example.net,Gambia,2026-06-18,Basic,257.27
4333,Nicholas Johnson,cwood@example.org,Dominican Republic,2020-01-06,Basic,648.43
4334,Amber Henderson DVM,wallacevictoria@example.com,Cayman Islands,2025-02-25,Basic,1065.35
4335,Candace Quinn,kara42@example.com,Uzbekistan,2023-11-21,Premium,5628.37
4336,Zachary Dawson,paulabrooks@example.net,Uruguay,2021-05-16,Premium,21468.95
4337,Robin Russell,victoria75@example.net,United Arab Emirates,2023-12-21,Standard,2126.80
4338,Michaela Case,stephaniewashington@example.org,United States Minor Outlying Islands,2025-07-24,Standard,3303.90
4339,Chelsea Matthews,michaelklein@example.org,South Africa,2020-05-25,Standard,971.57
4340,Julia Grant,jennifersmith@example.net,Botswana,2022-11-11,Premium,20116.68
4341,Mercedes Scott,michaelfinley@example.org,Aruba,2023-03-01,Basic,478.15
4342,Brett Fleming,jmarshall@example.com,Singapore,2021-12-14,Basic,925.68
4343,William Keith,bgarcia@example.org,Saint Vincent and the Grenadines,2026-08-27,Basic,123.86
4344,Shane Juarez,yvonneellis@example.net,Saint Helena,2026-05-16,Standard,1777.31
4345,Edward Hunt,tuckerjennifer@example.com,Indonesia,2024-01-16,Basic,404.15
4346,Sarah Gonzales,joannacollins@example.org,Indonesia,2020-11-25,Basic,1416.16
4347,Laura Flores MD,enelson@example.org,Grenada,2024-04-05,Basic,1119.80
4348,Janet Mcdonald,tinawilliams@example.org,Jordan,2022-10-14,Standard,1278.47
4349,Terry Flores,antonio26@example.org,Dominica,2024-02-17,Basic,1389.61
4350,Shelby Ruiz,grimeseric@example.net,Azerbaijan,2021-09-17,Standard,1476.50
4351,Janet Graham,justin05@example.org,Saint Pierre and Miquelon,2025-06-05,Premium,20898.22
4352,Mark Pearson,rlevine@example.org,Grenada,2024-03-23,Premium,22514.11
4353,Vincent Mcgee,owenselizabeth@example.com,Micronesia,2021-06-27,Basic,874.99
4354,Walter Johnson,shawn21@example.org,Honduras,2025-12-02,Standard,2073.56
4355,Justin Mcconnell,vphillips@example.com,Burkina Faso,2025-02-28,Basic,1171.47
4356,Alvin Smith,elizabeth70@example.com,Zimbabwe,2022-09-20,Basic,200.40
4357,Amanda Ross,rpreston@example.com,Bermuda,2021-01-15,Standard,2019.36
4358,Timothy Willis,urios@example.net,Indonesia,2020-11-04,Basic,921.30
4359,Danielle Jordan,reyesjacob@example.net,Guatemala,2023-12-21,Standard,2420.85
4360,Robert Lynn,xneal@example.org,Tonga,2020-06-01,Premium,6418.85
4361,Joseph Matthews,carlkrause@example.com,Spain,2023-11-23,Standard,2126.59
4362,Danielle Parrish,caldwellclaudia@example.com,Jamaica,2021-04-26,Standard,4142.61
4363,Todd Butler,sandersfelicia@example.org,Ghana,2024-07-29,Premium,24850.38
4364,Sydney Carrillo,edwardthomas@example.net,Somalia,2020-12-27,Basic,678.10
4365,Joanna Figueroa,bairdaaron@example.com,Marshall Islands,2021-09-28,Basic,687.37
4366,Nathan Jones,bradley89@example.net,El Salvador,2024-08-06,Basic,1118.16
4367,Tiffany Spencer,,Bouvet Island (Bouvetoya),2021-08-21,Basic,86.45
4368,Danielle Luna,morrisamber@example.net,New Caledonia,2023-03-31,Standard,1081.89
4369,Matthew Hays,paynejoseph@example.org,Cuba,2025-10-22,Premium,23779.31
4370,Gina Johnson,nealpatricia@example.com,Honduras,2021-11-18,Basic,1029.19
4371,Gloria May,lpatrick@example.net,Argentina,2026-07-12,Basic,348.66
4372,Paula Key,jenkinsrobert@example.com,Italy,2024-03-23,Basic,894.53
4373,Mark Martin,rebecca76@example.com,Cambodia,2020-02-23,Premium,11250.68
4374,Michael Acosta,randymoore@example.com,Svalbard & Jan Mayen Islands,2023-05-14,Basic,900.73
4375,Samantha Logan,brenda59@example.org,Tanzania,2025-05-20,Basic,983.68
4376,Kenneth Smith,christianbridges@example.net,Jersey,2021-02-22,Standard,2254.39
4377,Heather Baldwin,blakepeter@example.com,Thailand,2022-06-17,Basic,1314.60
4378,Anne Johnson,melissa43@example.net,Montenegro,2025-09-23,Premium,15070.86
4379,Matthew Sanders,benjamin62@example.net,Romania,2024-06-29,Basic,1394.67
4380,Cheryl Barron,melaniejohnson@example.org,Faroe Islands,2026-03-15,Standard,4455.64
4381,Kristen Burns,clifford26@example.org,Uganda,2025-12-11,Basic,1287.91
4382,Helen Franco,tracy58@example.com,British Indian Ocean Territory (Chagos Archipelago),2021-06-12,Standard,872.53
4383,Frank Gordon,larrybrandt@example.net,Cyprus,2023-05-10,Basic,706.08
4384,Tammy Pittman,wrobertson@example.net,Mayotte,2022-06-16,Basic,123.52
4385,Christopher Hamilton,nwatson@example.org,Christmas Island,2026-03-05,Standard,1668.68
4386,Jennifer Thomas,kgraham@example.org,Dominican Republic,2022-06-19,Basic,155.03
4387,Robert Harrison,rebeccamartinez@example.org,New Zealand,2022-10-04,Basic,1281.36
4388,Yvonne Sanford,vconley@example.org,Central African Republic,2024-12-02,Basic,337.13
4389,Samantha Richard,millershawn@example.org,Philippines,2026-01-09,Premium,5298.49
4390,Justin Cox,andersonpaul@example.net,France,2026-06-23,Basic,1297.23
4391,Jacob Lewis,mcknightmary@example.com,Qatar,2021-10-12,Standard,2299.98
4392,Patrick Lopez,jillmartinez@example.net,Jersey,2021-08-22,Standard,1526.31
4393,Tracy Gates,beasleyrobert@example.com,Samoa,2025-07-30,Standard,4783.90
4394,Mr. Paul Marquez,millermonique@example.com,Afghanistan,2021-09-16,Basic,117.76
4395,Danielle Mcdonald,phillipsparks@example.net,Mayotte,2023-09-02,Premium,20691.35
4396,Rachel Mullins,jacobfitzpatrick@example.com,Cambodia,2022-12-22,Standard,4705.31
4397,Darrell Gilbert,josephward@example.com,Lesotho,2020-11-19,Standard,3379.24
4398,Jesus Cox,brandon18@example.net,Turkey,2023-01-01,Basic,1232.86
4399,Timothy Campbell,ryan03@example.net,Honduras,2022-04-16,Standard,4053.84
4400,Ronald Dawson,gweaver@example.com,Christmas Island,2021-04-05,Premium,22503.86
4401,Paul Contreras,srivera@example.net,Puerto Rico,2025-05-26,Premium,18016.14
4402,Danielle Alvarado,sergio70@example.com,Morocco,2025-11-20,Standard,1778.68
4403,Dana Lawrence,john02@example.com,Georgia,2024-09-01,Basic,949.80
4404,Michelle Padilla,svargas@example.com,San Marino,2022-09-17,Basic,1065.02
4405,Kelly Mcguire,alewis@example.net,Uruguay,2026-07-27,Premium,10315.64
4406,Kenneth Montgomery,kimberly59@example.org,Romania,2020-07-09,Standard,1883.48
4407,Justin Goodman,jerrychen@example.net,Austria,2026-06-21,Premium,14296.32
4408,Daniel Freeman,rtaylor@example.org,Madagascar,2020-07-31,Basic,1439.85
4409,Sophia Gomez,kshelton@example.org,Russian Federation,2026-02-03,Premium,24195.65
4410,Brittany Grimes,andrewpierce@example.net,British Virgin Islands,2023-03-09,Standard,1156.30
4411,Patrick Thompson,mcontreras@example.org,Indonesia,2020-02-26,Basic,1139.74
4412,John Willis,kingbrandi@example.org,Mongolia,2021-03-18,Standard,2194.93
4413,Mark Mueller,beckalan@example.net,Estonia,2024-08-26,Standard,1594.23
4414,Michael Mccullough,eric27@example.net,United Arab Emirates,2024-03-14,Basic,982.59
4415,Michelle Lawrence,thenderson@example.net,Brunei Darussalam,2024-04-07,Premium,12560.17
4416,Christina Williams,danny19@example.com,Cape Verde,2024-02-14,Basic,259.49
4417,Matthew Hancock,jamie35@example.org,Western Sahara,2024-12-11,Standard,1246.53
4418,Jermaine Webb,ulewis@example.org,Iceland,2022-11-16,Standard,3623.03
4419,Kim Olson,clarkchad@example.com,Russian Federation,2025-04-26,Basic,1078.93
4420,Brandon Smith,rjones@example.net,Cocos (Keeling) Islands,2024-04-21,Premium,21638.10
4421,Richard Miller,olsonjoseph@example.com,India,2025-10-09,Premium,17679.45
4422,Lindsey Jimenez,thomas17@example.org,Sao Tome and Principe,2025-11-27,Basic,1493.47
4423,David Price,kimberlymoss@example.org,Cape Verde,2026-03-24,Premium,21982.10
4424,Timothy Abbott,jennifer55@example.net,Kiribati,2022-04-26,Basic,258.24
4425,Katherine Flores,wellsann@example.org,San Marino,2024-11-03,Standard,533.69
4426,Mr. Danny Larson PhD,uadams@example.com,San Marino,2020-05-14,Standard,2953.70
4427,Catherine Gray,chelsea93@example.net,Iraq,2024-07-07,Basic,519.10
4428,Randy Foster,scook@example.com,Equatorial Guinea,2024-06-17,Basic,221.39
4429,Amanda Flores,phillip63@example.org,Bahamas,2021-06-26,Basic,58.53
4430,Charles Frost,howardchris@example.com,Azerbaijan,2024-05-03,Basic,531.32
4431,Patrick Choi,pittsmary@example.net,Botswana,2022-12-18,Basic,1150.00
4432,Helen Boyer,morganwatts@example.com,San Marino,2020-08-07,Standard,3629.24
4433,Danielle Perry,timothyfuller@example.org,Serbia,2024-03-15,Basic,877.80
4434,Paul Long,dharrison@example.com,Guyana,2025-05-03,Basic,345.64
4435,Michelle Johnson,odomheather@example.net,Hungary,2021-12-25,Basic,462.25
4436,Anne Carter,terrieverett@example.org,Australia,2024-01-20,Premium,5040.20
4437,Claire Dominguez,lewisdavid@example.net,Montserrat,2024-05-15,Basic,782.19
4438,Jennifer Moore,ryangardner@example.net,France,2021-04-19,Premium,14357.93
4439,Mr. Chad Lawson Jr.,gerald51@example.net,Nauru,2020-07-03,Standard,2113.50
4440,Bradley Graham,matthew92@example.org,Cyprus,2022-05-08,Basic,1273.29
4441,Carl Payne,bbarnett@example.org,Albania,2024-08-11,Standard,3006.89
4442,Charles Osborne,charlenewalker@example.org,Guinea-Bissau,2025-03-20,Premium,12652.49
4443,Jessica Salazar,brookspatricia@example.com,Spain,2026-04-29,Basic,933.08
4444,Elizabeth Harding,tfox@example.net,Luxembourg,2026-01-10,Basic,660.39
4445,Ian Johnson,pennysanchez@example.org,Uzbekistan,2021-10-08,Standard,4959.14
4446,Dr. Molly Williams DDS,vstewart@example.com,Svalbard & Jan Mayen Islands,2026-06-03,Basic,573.29
4447,Alexander Byrd,santosluke@example.org,Botswana,2026-03-24,Basic,1251.72
4448,Kristi Becker,ftucker@example.com,El Salvador,2020-01-04,Basic,263.38
4449,Daniel Schmidt,ybennett@example.net,French Polynesia,2023-04-29,Standard,2830.75
4450,Timothy Young,vramos@example.net,Ireland,2022-08-02,Basic,1420.56
4451,John Shannon,ericgrimes@example.net,Jersey,2026-06-25,Basic,1393.92
4452,Brian Buckley,aaron37@example.com,Costa Rica,2026-02-14,Standard,879.16
4453,Danielle Benitez,morrisfranklin@example.net,French Guiana,2023-08-28,Basic,854.49
4454,April Kennedy,ejohnson@example.net,Mongolia,2020-01-22,Premium,17239.09
4455,Debra Herring,ahayes@example.com,Andorra,2022-11-04,Basic,275.09
4456,Taylor Carpenter,gonzaleskenneth@example.net,Djibouti,2023-10-22,Basic,1292.03
4457,Lucas Brewer,alexandria48@example.net,Nepal,2022-08-03,Basic,590.20
4458,Matthew Cox,sanchezlauren@example.net,Mauritania,2024-07-18,Standard,924.27
4459,Tyler Sharp,bbrown@example.org,Tanzania,2021-09-07,Premium,21860.14
4460,John Woods,cramirez@example.net,Cayman Islands,2023-10-04,Premium,9899.55
4461,Donald Gibson,patrick19@example.org,Vanuatu,2020-07-11,Standard,1363.46
4462,Kelly Rivera,qwatkins@example.net,Thailand,2023-08-25,Basic,1005.78
4463,Cody Wheeler,hullmario@example.org,Ghana,2026-06-24,Basic,439.12
4464,Jessica James,justin59@example.org,Montserrat,2021-11-27,Basic,778.35
4465,Cody Ortiz,igarcia@example.org,New Zealand,2021-06-28,Basic,1367.20
4466,Susan Hampton,mrogers@example.com,Turkey,2021-07-23,Standard,4507.68
4467,Isabella Duffy,sarah98@example.org,Montserrat,2025-04-07,Standard,2466.79
4468,Kathy Cross,wheelersabrina@example.net,Liechtenstein,2022-08-20,Standard,1027.24
4469,Erika Ruiz,kimberlybuchanan@example.org,Lao People's Democratic Republic,2023-09-23,Standard,1228.82
4470,Anthony Frederick,probinson@example.net,Saint Kitts and Nevis,2025-09-02,Basic,260.72
4471,James Johnson,fsandoval@example.net,Sudan,2021-08-24,Premium,11155.46
4472,Adam Suarez,parkskelly@example.com,Panama,2022-03-03,Basic,748.97
4473,Lindsay Moore,parksandre@example.com,New Zealand,2020-04-22,Basic,508.64
4474,Travis Sullivan,shanemoore@example.com,Hungary,2021-07-16,Basic,959.40
4475,Eric Miller,ronald11@example.com,Kenya,2021-07-31,Standard,933.40
4476,Sara Bernard,zmartin@example.net,Germany,2022-02-15,Premium,21255.12
4477,Leslie Mathis,glambert@example.net,Macao,2023-09-07,Standard,1705.66
4478,Michael Hubbard DDS,diazjudith@example.com,Niger,2022-01-09,Basic,409.07
4479,Joseph Harrell,arthur70@example.com,Belize,2024-03-03,Standard,2253.85
4480,Jennifer Perry,calvinanderson@example.org,Ghana,2025-04-22,Basic,182.18
4481,Jerry Johnson,timothyblackburn@example.com,Czech Republic,2022-08-01,Basic,840.70
4482,Kristin Moore,tiffany92@example.com,Belize,2022-12-29,Standard,3256.80
4483,David Harrell,kbarker@example.org,Switzerland,2021-06-25,Basic,727.13
4484,Daniel Russell,frances83@example.com,Slovakia (Slovak Republic),2026-05-16,Basic,674.93
4485,Becky Ramos,amandacoleman@example.net,Isle of Man,2026-03-19,Premium,18870.61
4486,John Forbes,anne73@example.net,United States Minor Outlying Islands,2020-04-21,Premium,16027.44
4487,Brian Smith,qolson@example.org,Guinea,2025-01-05,Basic,635.54
4488,Christopher Barker,johnsonamber@example.com,Sri Lanka,2026-07-03,Basic,1082.63
4489,Daniel Washington,katelyn72@example.org,Malta,2022-03-01,Standard,1406.41
4490,Brian Mcguire,woodkristina@example.net,Zambia,2020-02-21,Basic,1227.65
4491,David Sullivan,millsdavid@example.net,Swaziland,2026-03-26,Standard,4893.50
4492,Jacob Reyes,pdavis@example.com,Andorra,2020-10-05,Standard,1353.54
4493,Matthew Williams,savagelarry@example.net,Gabon,2024-09-08,Standard,4832.43
4494,Laurie Anderson,kjohnson@example.net,Pitcairn Islands,2020-03-23,Standard,4768.78
4495,Emily Clarke,martinbanks@example.net,Qatar,2020-03-31,Basic,1006.32
4496,Katie Williams,kristinalong@example.net,Cuba,2025-09-02,Basic,592.44
4497,Dr. Eric Nguyen,washingtonalexandria@example.org,Dominica,2022-09-07,Standard,554.24
4498,Patricia Pitts,jorgelucas@example.net,Norfolk Island,2022-04-29,Premium,16801.22
4499,Michael Lambert,townsendjessica@example.com,Guinea-Bissau,2025-07-10,Standard,4803.25
4500,Michelle Smith,ksimpson@example.com,Bosnia and Herzegovina,2021-05-29,Premium,17989.60
4501,Jamie Rodgers,cunninghamwayne@example.com,Cote d'Ivoire,2022-01-03,Premium,10125.90
4502,Tiffany Mason,claytara@example.net,United States Minor Outlying Islands,2020-06-27,Basic,1467.17
4503,Albert Hodge,noah12@example.net,Bhutan,2023-09-25,Basic,572.30
4504,David Green,jcruz@example.com,Kazakhstan,2022-06-05,Basic,574.14
4505,Gregory Fisher,scottwatkins@example.com,Indonesia,2021-07-17,Standard,2656.77
4506,Rachel Raymond,sarah94@example.com,Fiji,2021-02-22,Premium,4320.74
4507,Lynn Holland,owilson@example.net,Cyprus,2022-06-03,Basic,824.03
4508,Jon Cantu,englishgerald@example.org,Estonia,2020-08-05,Basic,360.40
4509,Jo Mosley,benjamin44@example.org,Heard Island and McDonald Islands,2025-07-21,Basic,554.84
4510,Warren Fleming,carolmoody@example.net,Nepal,2021-03-26,Standard,1188.06
4511,Mrs. Mary Combs,conleysarah@example.com,Moldova,2021-11-25,Standard,2025.86
4512,Karina Patterson,morrisonlisa@example.org,Kenya,2020-04-18,Standard,1080.98
4513,Frederick Martin,lisasantiago@example.org,Romania,2021-08-22,Standard,1503.68
4514,Michael Collins,megan40@example.org,Jordan,2025-05-02,Standard,4535.10
4515,Corey Moore,matthew18@example.org,Cambodia,2024-08-13,Standard,1621.91
4516,Christian Davis,sheila55@example.org,Tajikistan,2025-06-09,Basic,1373.97
4517,Denise Anderson,kendra75@example.org,Heard Island and McDonald Islands,2020-01-22,Premium,17405.20
4518,Margaret Dixon,deborah82@example.net,American Samoa,2022-09-04,Standard,3229.94
4519,Christian Lopez,antonio29@example.org,Liechtenstein,2022-12-02,Standard,2308.30
4520,Richard Hernandez,pmoore@example.org,Cape Verde,2023-07-11,Premium,15235.86
4521,Jeremy Le,ncarter@example.com,United States Minor Outlying Islands,2025-11-05,Standard,2672.75
4522,Becky Walters,kathryn87@example.net,Romania,2023-05-16,Basic,114.94
4523,Michael Cantrell,joseph93@example.org,Cook Islands,2023-01-17,Premium,6920.50
4524,Stephen Moore,qortiz@example.net,Suriname,2022-10-10,Basic,152.10
4525,Susan Rivera,cbanks@example.net,Macao,2024-01-07,Standard,3521.44
4526,Corey Sanders,nancywebb@example.net,American Samoa,2021-05-23,Standard,4130.31
4527,Thomas Spencer,jaimegarcia@example.com,South Africa,2022-04-10,Premium,16673.61
4528,Monica Hunt,sandersjoshua@example.org,Cayman Islands,2026-06-22,Basic,323.33
4529,Anthony Wilson,vincentcopeland@example.net,United States Virgin Islands,2021-08-29,Basic,797.49
4530,Tina Jones,joshua39@example.com,Mayotte,2024-02-03,Standard,870.85
4531,David Lamb,bethany10@example.net,Honduras,2026-01-18,Basic,1314.46
5361,Jason White,sgomez@example.com,Argentina,2025-02-26,Basic,719.95
4533,William Thompson,larrycrane@example.net,Northern Mariana Islands,2026-04-29,Standard,4836.28
4534,Thomas Rogers,mistyenglish@example.net,Bolivia,2024-01-11,Basic,1204.04
4535,Gail Moses,calvinmoreno@example.org,Belarus,2026-04-10,Basic,589.90
4536,Louis Perkins,fosterjenna@example.net,Bahrain,2022-02-24,Basic,468.72
4537,Mrs. Heather Camacho MD,xbarnes@example.org,Martinique,2020-03-31,Standard,3082.31
4538,Pamela Hawkins,danielwilliams@example.org,Latvia,2021-06-05,Basic,759.70
4539,Michael Chavez,karen90@example.org,Niger,2026-07-24,Basic,407.77
4540,Brittney Gentry,megan62@example.com,South Africa,2020-01-25,Premium,12766.76
4541,Christopher Pearson,travis85@example.net,Kiribati,2020-04-06,Basic,1380.60
4542,Sarah Jensen,hallsteven@example.net,British Indian Ocean Territory (Chagos Archipelago),2024-02-25,Standard,530.41
4543,Brittany Mueller,geraldandrews@example.net,Philippines,2025-12-03,Basic,400.32
4544,Dawn Rodriguez,andreasampson@example.com,Liechtenstein,2021-02-28,Basic,975.97
4545,David Miller,xcobb@example.net,Ethiopia,2025-02-16,Basic,957.30
4546,John Soto,jilladams@example.com,Cuba,2023-01-09,Basic,612.99
4547,Dr. Dana Kirby,tiffany50@example.com,Switzerland,2022-08-29,Standard,3646.74
4548,Kimberly Ward,baxtervincent@example.com,Antigua and Barbuda,2026-02-09,Standard,1337.62
4549,Cole Wallace,codykoch@example.org,Seychelles,2024-02-09,Premium,13930.01
4550,Kathryn Campbell,joeldrake@example.com,Peru,2022-05-31,Standard,1936.11
4551,Albert Williams,richard19@example.net,Cook Islands,2022-10-19,Basic,737.35
4552,Erin Smith,ljackson@example.com,Austria,2026-08-01,Basic,983.57
4553,William Paul,kathleenross@example.org,Djibouti,2024-07-27,Basic,1026.98
4554,Anthony Dunn,jamessmith@example.com,Belize,2020-10-11,Basic,547.99
4555,Riley Phillips,qmorse@example.org,Grenada,2024-08-07,Standard,4495.69
4556,Mallory Cox,harperjenna@example.org,Tajikistan,2025-01-27,Basic,975.91
4557,Jennifer Alexander,danamoore@example.com,Czech Republic,2025-07-10,Premium,11287.26
4558,John Reynolds,ian13@example.net,Western Sahara,2022-06-05,Premium,11919.19
4559,Renee Kaufman,gmendoza@example.org,Indonesia,2020-03-09,Premium,18972.68
4560,Alison Phillips,tammydiaz@example.com,Kazakhstan,2022-10-03,Standard,2977.00
4561,Eric Williams,vmiller@example.org,Canada,2022-12-14,Standard,1833.80
4562,Michael Conrad PhD,rbenson@example.com,Central African Republic,2020-11-08,Basic,791.42
4563,Joseph Acevedo,moralesjessica@example.org,Bolivia,2022-08-15,Standard,1402.15
4564,Sean Wilson,scottjennifer@example.org,Cayman Islands,2023-03-06,Basic,1184.01
4565,Emily Diaz,tammy73@example.org,United States Virgin Islands,2021-12-12,Standard,4738.92
4566,Benjamin Figueroa,christopher06@example.com,Nepal,2024-06-23,Basic,338.05
4567,Emily Brown,thomas03@example.com,Albania,2022-02-19,Standard,2481.85
4568,Rebecca Fitzpatrick,fandrade@example.com,Antarctica (the territory South of 60 deg S),2025-12-10,Basic,726.23
4569,Shawn Wilson,shannonpatel@example.org,Papua New Guinea,2022-07-29,Standard,1894.68
4570,Marie Gibson,pinedatami@example.com,Namibia,2026-05-04,Standard,1749.47
4571,Jennifer Smith,hudsonelizabeth@example.net,Venezuela,2022-07-14,Standard,551.85
4572,Scott Harrington,mckinneymorgan@example.net,Svalbard & Jan Mayen Islands,2024-11-23,Standard,567.24
4573,Angela Fisher,jamie24@example.net,Russian Federation,2026-05-20,Basic,564.38
4574,Bryan Johns,sstewart@example.net,Indonesia,2026-07-26,Standard,864.37
4575,Theodore Rice,jeremycameron@example.net,Jamaica,2026-04-10,Premium,9441.90
4576,Beth Jones,hendersonwilliam@example.com,Azerbaijan,2025-12-14,Premium,22764.78
4577,Teresa Lamb,burtonmatthew@example.org,Dominica,2021-06-29,Standard,3373.04
4578,Jeanne Thomas,qmitchell@example.com,Comoros,2021-11-09,Basic,620.79
4579,Travis Goodwin,beverly50@example.com,Antigua and Barbuda,2025-01-24,Premium,17310.36
4580,Donna Davis,thomaskidd@example.net,Bosnia and Herzegovina,2025-03-09,Premium,20511.98
4581,Donna Coleman,cynthiasherman@example.org,Yemen,2026-03-14,Basic,1346.51
4582,Melinda Fowler,rray@example.net,Gibraltar,2023-04-21,Premium,7702.08
4583,Brian Owen,traceyhill@example.net,Peru,2023-01-05,Standard,3165.37
4584,Diana Campbell,mary33@example.com,Reunion,2022-02-23,Premium,7493.08
4585,Dr. Selena Harrison,eblake@example.org,Bhutan,2021-06-25,Basic,698.45
4586,Heather Huff,mary17@example.com,Australia,2024-06-04,Premium,3144.28
4587,Justin Wells,barrdarrell@example.com,Nigeria,2021-09-09,Basic,334.45
4588,Jo Newman,gary05@example.net,Solomon Islands,2022-08-25,Standard,2536.75
4589,Kyle Webb,wayneschmidt@example.com,Saint Lucia,2024-05-16,Basic,1348.43
4590,Anthony Shah,keithsimmons@example.net,Bhutan,2021-01-07,Basic,934.32
4591,Derrick Burnett,fthompson@example.net,Oman,2020-08-07,Standard,652.16
4592,Kayla Patel,longlauren@example.org,Serbia,2025-12-08,Basic,61.51
4593,Samantha Stevens,carrie82@example.org,Cote d'Ivoire,2020-10-25,Basic,1116.81
4594,Gary Tucker,michaelsummers@example.net,Syrian Arab Republic,2021-08-09,Standard,4115.00
4595,Terri Mcclain,colemanhannah@example.net,Brazil,2021-06-04,Basic,174.47
4596,Collin Moody,fdelgado@example.org,Cambodia,2026-05-17,Standard,4842.84
4597,Crystal Henry,hector14@example.net,Canada,2021-05-04,Standard,4766.51
4598,Andrew Wheeler,xgreen@example.net,Malawi,2020-01-29,Basic,1062.04
4599,Lisa Thomas,maddenelaine@example.net,Burkina Faso,2023-01-11,Standard,3814.42
4600,Erin Farley,boyerautumn@example.com,Portugal,2024-05-30,Basic,1333.31
4601,Katherine Franklin,randallpowers@example.org,Liechtenstein,2025-08-24,Basic,1241.70
4602,Jordan Walker,hendersonerin@example.org,Brunei Darussalam,2021-05-27,Standard,1870.89
4603,Frank Garcia,allenjared@example.org,Antarctica (the territory South of 60 deg S),2023-11-18,Basic,1413.91
4604,Tony Rhodes,mirandasullivan@example.net,Fiji,2023-03-01,Premium,16717.23
4605,Robin Dawson,jacksondonald@example.net,Brunei Darussalam,2026-05-09,Standard,689.48
4606,Susan Grant,alexandramorris@example.net,Tokelau,2021-03-16,Standard,4887.73
4607,Randy Duran,jamie13@example.com,American Samoa,2025-05-11,Standard,859.32
4608,Kristina Gonzales,timothyjackson@example.org,Zambia,2026-07-20,Standard,1369.88
4609,Travis Spencer,nicholasbrown@example.org,Niger,2026-07-28,Basic,309.83
4610,Jill Watson,charlescole@example.net,Gabon,2026-08-17,Basic,573.22
4611,Kristin Barton,ambergonzalez@example.net,Fiji,2021-10-18,Basic,1490.61
4612,Patrick Hall,davislaura@example.com,Bahamas,2026-07-21,Premium,3711.40
4613,Jennifer Torres,lawrence07@example.com,Turkmenistan,2024-06-19,Standard,4143.99
4614,Thomas Hull,debra88@example.org,Timor-Leste,2026-07-19,Basic,1193.43
4615,Nathaniel Estrada,contreraslisa@example.net,Pakistan,2021-05-12,Premium,5716.93
4616,Erica Shaffer,jessicanichols@example.com,Liberia,2024-12-18,Basic,440.17
4617,Carol Peterson,odoyle@example.com,Bangladesh,2023-12-09,Standard,3866.80
4618,Edward Morris,javierjohnson@example.org,Hong Kong,2026-08-08,Standard,4119.72
4619,Katherine Newman,olewis@example.org,Bolivia,2022-09-26,Basic,197.67
4620,Dr. Melissa Duarte,matthew30@example.net,Ecuador,2023-10-25,Standard,3429.81
4621,Sarah Scott,halltrevor@example.org,Lao People's Democratic Republic,2023-04-06,Standard,1762.13
4622,Karla Welch,anthonydavis@example.net,Mozambique,2020-01-21,Premium,7907.95
4623,Adrian Mercer,zachary07@example.org,Sri Lanka,2020-11-29,Premium,21378.87
4624,Devin Beltran,,Venezuela,2020-08-22,Standard,3037.47
4625,Shawn Mccall,saunderssierra@example.org,Morocco,2023-03-08,Premium,20456.94
4626,Mitchell Robinson,,Anguilla,2024-05-24,Premium,3773.78
4627,Dr. Nicole Johnson,thomas90@example.org,Germany,2025-06-02,Basic,145.26
4628,Alexandra Good,carrollkaren@example.com,Mauritius,2024-08-17,Premium,22876.82
4629,Nicole Ramirez,tmurphy@example.com,Samoa,2025-09-20,Basic,1435.73
4630,Angela Daniel,kelly20@example.com,Eritrea,2024-08-21,Standard,2479.05
4631,Heidi Miller,sandra56@example.com,South Georgia and the South Sandwich Islands,2020-05-14,Standard,3773.06
4632,Richard Williams,zbrewer@example.com,Netherlands Antilles,2026-07-27,Basic,96.47
4633,Amanda Pollard,walkerjonathan@example.net,Belgium,2024-11-24,Basic,827.13
4634,Oscar Ryan,bmccoy@example.net,Barbados,2022-01-07,Standard,2137.55
4635,Denise Hamilton,april00@example.org,Armenia,2025-08-11,Premium,16752.97
4636,Edward Gutierrez,johnathan76@example.net,Somalia,2025-12-02,Standard,3694.09
4637,Kimberly Alexander,michaelsmith@example.net,Mozambique,2021-05-28,Basic,552.06
4638,Jennifer Taylor,fhenderson@example.org,Marshall Islands,2024-01-10,Premium,8684.42
4639,Gary Miller,jacksonpatricia@example.com,Guinea,2020-04-06,Standard,805.19
4640,Amy Leonard,ashlee90@example.com,Dominican Republic,2021-03-06,Standard,4828.03
4641,Jessica Massey,parsonsjonathan@example.net,Jersey,2020-09-21,Standard,1034.29
4642,Dr. Scott Arellano,xhumphrey@example.org,Niue,2024-07-20,Premium,3705.91
4643,Crystal Morrow,davidellis@example.com,Azerbaijan,2020-04-06,Premium,17419.69
4644,James Gutierrez,samantha46@example.net,Italy,2021-01-29,Basic,750.30
4645,Maria Lawson,johnparker@example.net,Mauritius,2021-11-18,Basic,269.79
4646,Patricia Delacruz,michellechen@example.com,Western Sahara,2021-07-08,Basic,1157.53
4647,Patricia Mahoney,kimberlyellis@example.net,Greece,2024-12-18,Standard,2226.67
4648,Scott Sexton,teresa94@example.org,Tuvalu,2026-07-08,Basic,1336.77
4649,Janice Rosales,penny39@example.org,Norway,2020-01-13,Premium,11518.91
4650,Sarah Gordon,schneiderthomas@example.org,Lesotho,2024-12-25,Standard,4325.16
4651,Renee Barnes,melissa73@example.com,Marshall Islands,2022-08-23,Basic,621.28
4652,Scott Bell,wyattshawn@example.com,Brunei Darussalam,2020-04-20,Basic,196.46
4653,Elizabeth Graham,sreynolds@example.com,Sao Tome and Principe,2025-08-20,Basic,733.22
4654,Leah Guzman,frank42@example.com,Morocco,2020-05-19,Premium,11847.62
4655,Ashley Graham,abruce@example.net,South Africa,2024-05-18,Standard,4539.16
4656,Jillian Andrews,fullermegan@example.com,Saint Martin,2022-05-13,Premium,24621.81
4657,Morgan Pearson,qwashington@example.com,Togo,2025-03-26,Basic,442.95
4658,Vincent Rangel,nelsonmichael@example.com,Tanzania,2021-11-05,Basic,726.43
4659,Amy Costa,terrymichael@example.com,Equatorial Guinea,2025-08-22,Standard,2531.25
4660,Ronald Oliver,stephen52@example.com,Iceland,2024-02-10,Standard,1259.44
4661,David Knox,michael57@example.com,Western Sahara,2026-08-11,Standard,4754.63
4662,Jennifer Allen,hannah20@example.net,United Kingdom,2025-07-19,Standard,2377.11
4663,Keith Peterson,kimberlyjennings@example.org,Latvia,2026-07-17,Basic,597.33
4664,Joseph Mann,thomasarmstrong@example.net,Madagascar,2026-03-07,Basic,395.70
4665,Dr. Justin Ritter PhD,jillbrewer@example.com,Svalbard & Jan Mayen Islands,2025-11-11,Basic,149.20
4666,Timothy Shepherd,frenchjacob@example.com,Jordan,2022-09-06,Standard,919.71
4667,Joshua May,james50@example.org,Liberia,2024-07-14,Standard,2537.09
4668,Brian Kelly,xsimpson@example.com,Pitcairn Islands,2024-01-06,Basic,1250.12
4669,John Fisher,anne19@example.org,Iceland,2023-07-01,Basic,650.52
4670,Lauren Smith,vlang@example.net,Christmas Island,2021-04-14,Basic,1258.54
4671,Larry Bailey,emoreno@example.net,Malawi,2022-04-16,Basic,1471.47
4672,Michael Smith,gonzalezkaren@example.net,Gambia,2020-12-11,Basic,567.82
4673,Brenda Arroyo,levans@example.com,Montserrat,2025-06-28,Basic,365.53
4674,Richard Hanson,arnoldchristopher@example.com,Peru,2025-09-22,Basic,1005.92
4675,Leslie Wilson,ashleyturner@example.com,Armenia,2023-11-04,Standard,3607.09
4676,Kimberly Tran DVM,bakerrobin@example.net,Guernsey,2021-08-24,Premium,5259.79
4677,Charles Pacheco,annabullock@example.org,Heard Island and McDonald Islands,2020-08-21,Basic,615.84
4678,Jeffrey Reynolds,eric94@example.org,Moldova,2024-01-05,Basic,150.10
4679,Heather Hensley,olivia88@example.com,Hungary,2024-06-30,Basic,980.89
4680,Daisy Burton,brian30@example.net,Christmas Island,2021-08-12,Standard,2933.71
4681,Chad Mcguire,ejohnston@example.com,Cayman Islands,2025-10-26,Basic,447.33
4682,Erin Gonzalez,mramos@example.org,Fiji,2022-05-19,Basic,1006.97
4683,Elizabeth Schroeder,hannahthomas@example.net,Saint Barthelemy,2025-09-26,Standard,2237.43
4684,Leah Allen,michelle12@example.net,Jordan,2023-01-26,Standard,2890.97
4685,Karen Jimenez,fcalhoun@example.org,French Polynesia,2022-12-11,Basic,601.53
4686,Shane Mueller,ycline@example.com,Germany,2020-02-13,Standard,1566.85
4687,Ariel Stewart,charlespalmer@example.org,Andorra,2021-03-20,Premium,2823.52
4688,Michael Smith,knightdennis@example.com,Egypt,2021-11-25,Basic,711.21
4689,Anthony Frost,hdiaz@example.org,French Guiana,2025-03-27,Standard,4042.79
4690,Hunter Johnson,mitchellorr@example.net,Belgium,2024-02-17,Standard,3389.07
4691,Frank Turner,oramos@example.org,Suriname,2020-03-14,Standard,1600.75
4692,Anthony Terry,benitezheather@example.com,Montenegro,2021-06-16,Standard,4526.46
4693,Joanne Perry,phamyolanda@example.org,Colombia,2021-04-08,Basic,797.63
4694,Melody Cuevas,nlewis@example.org,Syrian Arab Republic,2026-04-13,Standard,3071.67
4695,Mary Miller,davisnicole@example.com,Mongolia,2023-12-18,Premium,5475.27
4696,Ronald Petty,samanthamoore@example.net,Philippines,2021-02-21,Basic,115.12
4697,Aaron Jones,scook@example.net,Japan,2025-12-19,Standard,3185.88
4698,Thomas Edwards,daughertyjoseph@example.com,Mauritius,2026-03-02,Basic,615.32
4699,Sandra Miller,mcknightantonio@example.com,Guadeloupe,2024-10-20,Standard,2982.07
4700,Nicole Livingston,armstrongmark@example.net,Ireland,2020-05-07,Basic,351.20
4701,Karen Burke,laurenpark@example.com,South Africa,2020-05-21,Basic,283.20
4702,Yesenia Lawson,uwilliams@example.com,United States Minor Outlying Islands,2026-03-03,Standard,2309.75
4703,Jamie Stewart,alan42@example.org,Georgia,2023-05-06,Standard,2916.11
4704,Anthony Garza,elizabeth86@example.org,Slovakia (Slovak Republic),2022-09-01,Basic,288.09
4705,Samuel Hobbs DDS,victorporter@example.org,French Southern Territories,2024-11-06,Basic,194.75
4706,Anne Brown,valentineashley@example.net,Solomon Islands,2023-09-27,Basic,960.66
4707,John Hawkins,jvasquez@example.com,Thailand,2025-09-28,Basic,1284.26
4708,Deborah Gross,barrerarebecca@example.com,San Marino,2026-05-16,Basic,52.71
4709,Debbie Thomas,osnyder@example.org,Marshall Islands,2020-11-30,Basic,1424.10
4710,Sarah Brown,perezelizabeth@example.net,Israel,2023-08-02,Standard,3265.55
4711,Jennifer King,jwilliams@example.com,Bahrain,2026-07-09,Basic,652.61
4712,Kathy Phillips,griffinpatrick@example.net,Belgium,2022-09-26,Basic,527.25
4713,Jeffrey Miller,jeffrey59@example.com,Cape Verde,2022-12-03,Premium,16172.14
4714,Paul Buchanan,gjenkins@example.net,Australia,2024-06-20,Standard,3420.10
4715,Jimmy Miller,johnsontroy@example.org,Belgium,2022-01-30,Premium,19511.59
4716,Hannah Nixon,smithshane@example.com,Micronesia,2024-07-30,Standard,668.48
4717,Valerie Cox,ogarcia@example.com,Uruguay,2021-08-31,Basic,294.38
4718,Jessica Freeman,munozerik@example.org,Micronesia,2023-03-20,Standard,4963.28
4719,Sean Green,sampsonbrittany@example.org,Bouvet Island (Bouvetoya),2025-01-20,Basic,1482.38
4720,Christopher Cox,mnichols@example.com,Zimbabwe,2022-05-30,Premium,11073.99
4721,Diana Watts,jacksonkaylee@example.com,Nauru,2025-07-07,Premium,7494.16
4722,Dustin Marshall,igarza@example.net,Antarctica (the territory South of 60 deg S),2023-11-20,Basic,1163.14
4723,Carmen Campos,brucerobinson@example.org,Samoa,2020-08-08,Basic,1382.85
4724,Amanda Howard,connermelissa@example.net,Chile,2020-02-05,Basic,477.10
4725,Jennifer Allen,pereznathan@example.com,Niger,2024-10-10,Premium,3853.76
4726,Ashley Martinez,wnolan@example.org,Jordan,2022-05-05,Basic,558.03
4727,Kenneth Liu,amber63@example.com,Togo,2024-09-10,Basic,375.35
4728,Ian Pollard,mpalmer@example.org,Sudan,2026-07-27,Basic,649.26
4729,Gabriel Hill,trujillovirginia@example.org,Iceland,2020-05-27,Basic,788.01
4730,Jeffrey Owen,pweiss@example.net,Luxembourg,2024-02-02,Basic,183.86
4731,Kimberly Gonzalez,patricia00@example.net,Albania,2026-01-24,Basic,111.74
4732,Edward Mitchell,melissafischer@example.net,Djibouti,2022-11-28,Basic,96.20
4733,Destiny Brown,mary60@example.net,Martinique,2026-05-09,Basic,1287.90
4734,Lori Clay,rhill@example.org,Latvia,2024-01-21,Premium,16007.16
4735,Dominique Mcdonald,reidstacey@example.net,Micronesia,2022-06-25,Standard,2009.89
4736,John Martinez,moorestanley@example.com,Heard Island and McDonald Islands,2025-06-19,Basic,220.30
4737,Michael Tate,,Mayotte,2020-10-03,Basic,104.41
4738,John Evans,rebeccaromero@example.org,Mauritius,2026-03-05,Premium,13605.42
4739,Mr. Christopher Martin,kristen72@example.com,Germany,2021-11-18,Premium,4341.01
4740,Michael Hayden,charles50@example.org,Comoros,2021-06-27,Basic,999.96
4741,Bobby Owen,xchambers@example.com,American Samoa,2022-03-11,Basic,757.90
4742,William Dean,wileycynthia@example.org,Malaysia,2024-10-15,Basic,254.98
4743,Samantha Garcia,faulknersharon@example.org,Lithuania,2020-02-29,Basic,795.00
4744,Vanessa Moss,carlos69@example.net,United States Virgin Islands,2021-09-19,Standard,4261.26
4745,Raymond Kennedy,kristenreyes@example.net,Uganda,2025-07-29,Standard,3452.22
4746,Darrell Owens,bobbywalls@example.net,Heard Island and McDonald Islands,2026-02-08,Standard,4904.89
4747,Anthony Irwin,robert60@example.com,Belgium,2021-03-09,Standard,4397.02
4748,Sarah Harris,chelseaphillips@example.org,Burundi,2020-12-27,Premium,16827.98
4749,Robin Bradley,sprice@example.org,Jersey,2024-04-17,Standard,1393.92
4750,Hannah Steele,barrettrachel@example.com,Puerto Rico,2021-12-24,Standard,536.50
4751,Diana Farley,richardsonkaren@example.net,Ghana,2026-06-13,Standard,1795.06
4752,Jane Hall,fergusonchristina@example.net,Lesotho,2026-08-09,Standard,1680.85
4753,Cynthia Nunez,andersonalan@example.org,Sudan,2025-11-02,Standard,2397.39
4754,Daniel Holmes,dalehudson@example.org,Seychelles,2025-06-27,Standard,1027.23
4755,Nicholas Hopkins,asmith@example.org,Slovakia (Slovak Republic),2020-12-18,Basic,226.59
4756,Kimberly Graham,tpatterson@example.com,Armenia,2022-01-24,Standard,4954.69
4757,Jasmine Rojas,uedwards@example.net,New Caledonia,2025-05-27,Basic,1494.15
4758,Jason Johnson,tashawashington@example.net,Azerbaijan,2022-10-14,Basic,1071.66
4759,Vanessa Thomas,nicolewilliams@example.com,Antarctica (the territory South of 60 deg S),2025-08-11,Premium,3318.86
4760,Lauren Jackson,oporter@example.net,Lao People's Democratic Republic,2020-08-14,Basic,1112.82
4761,Tammy Taylor,elliottdonna@example.net,Switzerland,2022-05-29,Standard,4919.31
4762,Jennifer Rose,williamsantos@example.com,Mayotte,2025-12-30,Standard,3563.43
4763,Adam Hampton,gcastaneda@example.net,United States of America,2026-04-22,Basic,248.96
4764,Caitlin Chapman,jessica25@example.org,Mayotte,2023-06-26,Basic,787.88
4765,Jonathan Johnson,byrdcandice@example.org,Norfolk Island,2024-06-21,Basic,1156.47
4766,Lisa Bryant,hsmith@example.org,Moldova,2021-11-25,Premium,7959.44
4767,Justin Smith,nicole44@example.net,Korea,2020-05-31,Premium,13828.36
4768,Robert Dougherty,jamesbutler@example.com,Mauritius,2023-09-01,Standard,2141.69
4769,Sydney Walters,gbrown@example.org,Bangladesh,2022-07-05,Basic,190.28
4770,Alyssa Warner,uevans@example.net,New Caledonia,2024-06-16,Basic,1118.16
4771,Michael Walker,schmidtjenny@example.org,Tajikistan,2025-11-19,Basic,1355.84
4772,Christopher Cantrell,janice37@example.org,Brunei Darussalam,2024-09-04,Basic,1163.95
4773,Kelly Crawford,victoria15@example.com,Libyan Arab Jamahiriya,2022-10-13,Standard,687.91
4774,Cynthia Gross,jennifercampbell@example.org,British Indian Ocean Territory (Chagos Archipelago),2023-08-06,Basic,312.35
4775,Jasmine Taylor,rwheeler@example.net,El Salvador,2025-08-05,Basic,769.45
4776,Kathleen Stephens,zperez@example.org,Guinea,2021-08-21,Basic,203.10
4777,Jennifer Taylor,mallory78@example.com,Saint Barthelemy,2024-04-27,Standard,4186.70
4778,Adam Wilson,acole@example.com,Burundi,2026-02-03,Standard,1881.03
4779,Karla Bates,icooper@example.com,United Kingdom,2020-10-11,Standard,4887.59
4780,Brittany Cook,lmorales@example.net,Christmas Island,2022-04-15,Standard,1574.85
4781,Joel Taylor,rkennedy@example.org,Jersey,2023-10-23,Basic,696.18
4782,William Green,zacharygonzales@example.org,Moldova,2024-06-07,Standard,1110.85
4783,Colleen Young,lindaflowers@example.net,Sao Tome and Principe,2022-09-16,Basic,1376.99
4784,Christopher Lucas,rodney86@example.org,Mongolia,2024-01-12,Basic,1448.50
4785,Brandon Perez,rwatson@example.net,Micronesia,2022-09-29,Basic,1141.89
4786,Christina Pearson,mccarthymarissa@example.net,Central African Republic,2020-05-05,Standard,4188.07
4787,Mr. Aaron Ross,blairedgar@example.com,Isle of Man,2022-09-24,Basic,791.69
4788,Mallory Johnson,mjones@example.org,Montenegro,2025-09-25,Standard,3466.44
4789,Anthony Rodriguez,qkelly@example.net,Tunisia,2026-01-14,Premium,19757.35
4790,Eric Cortez,brownthomas@example.net,Trinidad and Tobago,2022-02-24,Standard,2549.14
4791,Matthew Booth,michelle20@example.net,Germany,2021-10-15,Premium,24679.21
4792,Gina Leonard,mparks@example.org,Luxembourg,2021-03-15,Standard,3655.05
4793,Brian Braun,lori69@example.org,Aruba,2025-02-23,Basic,1186.69
4794,Joseph Contreras,linlisa@example.org,Croatia,2024-12-26,Basic,923.84
4795,Mark Howard,russellgregory@example.com,Italy,2024-06-14,Basic,892.05
4796,Eric Johnston,kathryn65@example.org,United States Virgin Islands,2026-01-16,Basic,158.22
4797,Heather Boone,justinoneal@example.net,Thailand,2022-11-13,Premium,24300.58
4798,Jason Moore,jacqueline53@example.net,Taiwan,2021-10-02,Standard,1864.37
4799,Kimberly Jimenez,carol87@example.com,Mongolia,2026-07-15,Basic,194.18
4800,David Jones,nicole28@example.net,Slovenia,2026-03-15,Basic,904.73
4801,Darryl Shaffer,rossshelly@example.net,Djibouti,2025-08-05,Basic,526.40
4802,Lori Davies,rellis@example.com,Norway,2020-02-19,Basic,829.62
4803,Reginald Hester,michael78@example.com,Yemen,2025-02-25,Basic,456.74
4804,Mr. Douglas Zimmerman IV,ihahn@example.com,North Macedonia,2026-02-11,Standard,3051.44
4805,Donald Oliver,kristinmccormick@example.net,Croatia,2024-03-27,Basic,984.50
4806,Justin Smith,yburton@example.net,Trinidad and Tobago,2024-05-27,Standard,3791.20
4807,Kenneth Hansen,tracey98@example.org,Mozambique,2020-06-30,Premium,9646.18
4808,Mark Anderson,wesleyhenderson@example.net,Guernsey,2023-10-17,Basic,1109.60
4809,Raymond Ponce,justinvargas@example.org,Guam,2026-05-23,Basic,383.19
4810,Kenneth Davis,jeremy56@example.com,Brazil,2024-04-12,Standard,1435.57
4811,Courtney Harris MD,morantanner@example.org,Malaysia,2024-04-30,Standard,1058.86
4812,Matthew Jones,brittanybishop@example.com,Dominican Republic,2025-02-20,Basic,307.96
4813,Paul Rios,melody90@example.net,Latvia,2022-02-23,Basic,1354.73
4814,Sandra Moore,charlesgarcia@example.org,Cocos (Keeling) Islands,2021-05-23,Basic,198.68
4815,Anna Keller,floresjose@example.com,Micronesia,2022-08-14,Basic,455.66
4816,John Bonilla,freemanmitchell@example.org,Kenya,2023-05-13,Basic,1120.79
4817,Matthew Smith,ycantu@example.net,Cuba,2020-03-02,Standard,4066.65
4818,Timothy Reeves,davidcook@example.org,Afghanistan,2021-03-26,Standard,3137.17
4819,Joseph Scott MD,ypalmer@example.net,Thailand,2026-05-17,Basic,396.94
4820,Tim Jimenez,frank39@example.net,Nigeria,2024-04-06,Basic,267.40
4821,Jasmine Trujillo,michael41@example.net,Sri Lanka,2022-11-22,Basic,62.64
4822,Vicki Rocha,kdudley@example.org,Malta,2023-11-26,Standard,2470.50
4823,Natalie Smith,wpratt@example.org,Germany,2021-02-06,Basic,496.86
4824,Carol Mcfarland,iphelps@example.net,Lithuania,2024-01-06,Standard,3270.22
4825,Gary Walker,chadholland@example.net,Wallis and Futuna,2026-05-17,Standard,3604.21
4826,Maurice Davidson,yrivera@example.org,Nicaragua,2025-02-24,Basic,615.73
4827,Shannon Gray,thomasleah@example.org,Solomon Islands,2025-07-15,Basic,220.93
4828,Mr. Matthew Wise MD,abrown@example.com,British Indian Ocean Territory (Chagos Archipelago),2020-04-15,Basic,1370.34
4829,Crystal Merritt,baxterkristen@example.org,Bhutan,2024-03-27,Basic,165.70
4830,Steven Eaton,nandersen@example.org,Saint Lucia,2024-02-01,Basic,1289.93
4831,Susan Sutton,ymitchell@example.com,Singapore,2023-09-14,Basic,219.70
4832,Jose Carr,james15@example.org,Paraguay,2021-03-31,Standard,3028.35
4833,Kimberly Anderson,wallacesean@example.org,Saint Martin,2021-09-24,Basic,825.71
4834,Elizabeth Valdez,lisa19@example.net,Mongolia,2020-08-23,Basic,886.26
4835,Wayne Andrews,qthompson@example.net,Cook Islands,2022-07-02,Standard,1855.56
4836,Kenneth Randolph,katiegriffin@example.net,Belarus,2023-09-06,Basic,1175.53
4837,Thomas Wade,arice@example.net,Kenya,2025-08-13,Standard,1372.28
4838,Stephanie Moore,lucasdavid@example.org,Wallis and Futuna,2020-05-22,Basic,533.55
4839,Jessica Anderson,woodsbeth@example.com,Fiji,2021-04-10,Basic,336.48
4840,Jeffrey Buck,ushaffer@example.com,Poland,2025-07-07,Basic,683.11
4841,Brandon Cook,jimmy01@example.org,Colombia,2022-07-04,Standard,3392.57
4842,Jesse Benson,pwood@example.com,Guyana,2022-08-11,Standard,791.26
4843,Molly Matthews,tcastillo@example.org,Serbia,2024-12-18,Standard,4702.03
4844,Joseph Mendez,johnbrown@example.com,Uganda,2020-05-22,Basic,424.33
4845,Charlene Collins,afields@example.org,Taiwan,2025-10-21,Standard,1182.32
4846,Connie Monroe,yrobinson@example.org,Gibraltar,2022-07-01,Premium,16681.32
4847,Elizabeth Daniels,tapiajenna@example.org,North Macedonia,2021-05-10,Standard,4144.31
4848,Kenneth Brown,drodriguez@example.com,Bouvet Island (Bouvetoya),2025-12-05,Basic,1311.80
4849,James Sanders,robinsonmelanie@example.com,Azerbaijan,2025-09-18,Basic,368.84
4850,Bryan Stevens,bramos@example.net,Cook Islands,2022-03-17,Basic,593.16
4851,Dominique Ramos,jnunez@example.com,Faroe Islands,2020-09-09,Premium,10525.05
4852,Sharon Hernandez,andrewcaldwell@example.com,Mauritius,2024-02-06,Basic,710.41
4853,Jodi Hart,jonathanrobinson@example.com,Nigeria,2023-06-11,Basic,1256.12
4854,Jenna Parks,sergioking@example.net,Colombia,2022-09-07,Basic,466.42
4855,Shane Landry,ubrown@example.com,Libyan Arab Jamahiriya,2026-04-01,Basic,1044.92
4856,Heather Wilson,melissapham@example.org,Hungary,2025-06-02,Premium,18565.00
4857,Matthew Jones,patrick81@example.com,Andorra,2023-01-04,Standard,2999.11
4858,Catherine Carter,mparker@example.net,Switzerland,2023-07-26,Standard,743.28
4859,Barbara Allen,fishermark@example.net,Fiji,2025-07-16,Basic,1201.12
4860,Robert Robinson,brooksashley@example.net,Dominica,2024-06-17,Basic,538.75
4861,Rebecca Wilson,diazwilliam@example.org,Russian Federation,2023-02-14,Premium,16897.22
4862,Regina Johnson,twheeler@example.com,Saint Martin,2021-08-09,Standard,1364.61
4863,Amy Reed,murphycassidy@example.org,Nicaragua,2022-01-12,Standard,1651.28
4864,Justin Tanner,deangina@example.com,Somalia,2021-09-11,Basic,937.04
4865,Alisha Mason,dbernard@example.net,Jamaica,2025-08-08,Basic,1114.46
4866,Stephanie Wall,michelle66@example.net,Iceland,2025-07-03,Standard,2612.75
4867,John Hernandez,frank06@example.com,Australia,2020-08-21,Basic,716.28
4868,Patrick Manning,angela40@example.com,Nigeria,2023-09-16,Standard,4940.30
4869,Mr. William Morris,athompson@example.org,Djibouti,2024-04-23,Premium,15069.90
4870,Austin Hartman,wdavis@example.net,Moldova,2020-05-22,Standard,749.99
4871,Christian Collins,cynthia76@example.com,Oman,2024-01-20,Standard,3840.30
4872,Leslie Cameron,howardcox@example.net,Montserrat,2026-05-22,Basic,291.92
4873,Scott Pacheco,jasonrandolph@example.org,Cameroon,2020-04-02,Standard,4209.65
4874,Melissa Wells,barbara26@example.net,China,2022-12-13,Basic,632.97
4875,Heather Wood,heatherscott@example.org,Bermuda,2021-07-24,Basic,737.34
4876,Autumn Edwards,thomas94@example.org,Peru,2021-08-08,Premium,11342.91
4877,Ashley Dean,toni32@example.org,Latvia,2026-06-05,Basic,641.14
4878,Cindy Simpson,fordphyllis@example.com,Canada,2022-05-29,Premium,24046.58
4879,Bridget Young,codyharris@example.com,South Georgia and the South Sandwich Islands,2024-07-14,Standard,1173.24
4880,Stacey Nguyen,amartin@example.com,Congo,2024-12-09,Basic,666.85
4881,Adam Fletcher,kelsey80@example.com,Slovenia,2025-11-25,Basic,1112.42
4882,Eileen Alvarez,aprillopez@example.net,Guatemala,2023-06-14,Basic,454.24
4883,Laura Dillon,bjohnson@example.org,Norfolk Island,2023-06-21,Premium,19048.90
4884,Tiffany Ramsey,dsmith@example.com,Guinea,2024-04-04,Basic,147.21
4885,Brandy Thomas,sharonbeck@example.com,Kuwait,2023-08-02,Basic,678.55
4886,Bradley Gonzalez,cynthiacole@example.org,Singapore,2022-06-26,Premium,23023.48
4887,Brandon Conway,sharon77@example.com,Saudi Arabia,2021-06-06,Basic,132.60
4888,Katrina Lowe,jilldavis@example.com,Nauru,2022-07-12,Basic,1201.91
4889,Joseph Hensley,john28@example.net,Mexico,2023-11-30,Basic,1343.62
4890,Christopher Hernandez,traceymelton@example.com,Spain,2024-11-30,Standard,3552.69
4891,Paul Kirk,yconner@example.com,Sri Lanka,2025-07-04,Basic,608.97
4892,Mark Mcintosh,sheilahernandez@example.net,Turkey,2021-12-01,Basic,617.85
4893,Patricia Guerra,lauren29@example.net,Poland,2024-05-15,Premium,23239.78
4894,Joseph West,uwilliams@example.com,Montenegro,2024-11-18,Basic,1055.71
4895,Lisa Baker,johnsonpatrick@example.net,Cook Islands,2023-12-11,Basic,783.40
4896,Charles James,ssmith@example.org,Libyan Arab Jamahiriya,2023-06-14,Basic,959.74
4897,Rebecca Rodriguez,sanchezdebra@example.net,American Samoa,2023-05-17,Standard,1033.48
4898,Marisa Santos,udurham@example.net,Antigua and Barbuda,2022-05-25,Premium,9936.23
4899,Eric Taylor,gary88@example.net,Myanmar,2024-07-27,Standard,1723.29
4900,Megan Harding,hfarmer@example.org,Bermuda,2024-06-29,Standard,2748.25
4901,Brett Larson,robinharris@example.com,Anguilla,2025-11-19,Basic,746.31
4902,Kayla Romero,tina84@example.com,Slovenia,2021-08-17,Standard,1034.02
4903,Ronnie Taylor,pittmanglenn@example.net,Russian Federation,2025-02-14,Standard,1635.40
4904,Jason Shields DDS,kimberlyjones@example.net,Belarus,2023-04-16,Premium,10391.53
4905,Rebecca Hall,holly09@example.com,Montenegro,2024-07-20,Basic,874.80
4906,Raymond Hunt,gregory81@example.net,Senegal,2026-06-12,Premium,5204.57
4907,Joseph Burgess,steven91@example.net,Zimbabwe,2026-05-24,Basic,1069.27
4908,Bryce Oconnell,christine74@example.com,Albania,2024-08-10,Basic,780.01
4909,Daniel Anderson,crose@example.org,Gambia,2021-06-12,Basic,1456.08
4910,Charles Chase,salasamanda@example.net,Sudan,2021-03-08,Premium,8193.68
4911,Alexander Green,dcooper@example.org,Turkey,2021-02-09,Premium,21851.65
4912,Lacey Smith,jeffrey00@example.org,Kuwait,2022-08-21,Basic,77.11
4913,Norma Brown,kdillon@example.org,Congo,2024-01-03,Standard,4178.25
4914,Daniel Cole,thompsonmelissa@example.net,Tuvalu,2023-08-13,Basic,800.35
4915,Sandra Collins,glennkarla@example.com,Nicaragua,2023-09-23,Basic,942.84
4916,Cynthia Powell,fsimpson@example.org,Argentina,2022-07-31,Premium,15540.54
4917,Anthony Marquez,hamiltonmegan@example.org,Portugal,2024-03-18,Basic,1326.30
4918,Crystal Yu,anthony62@example.com,Bulgaria,2024-07-23,Basic,1247.96
4919,Erik Bass,nicholas17@example.org,Argentina,2022-03-02,Standard,2655.39
4920,Benjamin Daniel,craig32@example.org,Nauru,2025-11-05,Basic,334.48
4921,Sean Villa,kellysmith@example.com,Bermuda,2022-08-20,Standard,3424.91
4922,Keith Frazier,progers@example.net,Australia,2024-03-30,Standard,2755.27
4923,Matthew Holmes,timothy33@example.net,Bolivia,2021-06-24,Standard,3853.81
4924,Alicia Smith,curtis26@example.com,Guyana,2023-11-30,Standard,3988.51
4925,Jessica Allen,adamsmichael@example.org,Czech Republic,2020-04-16,Standard,3654.75
4926,Sue Wood,william46@example.net,France,2023-11-05,Standard,3743.12
4927,Jonathan Farmer,taylorgary@example.org,Honduras,2024-04-11,Standard,1549.82
4928,Joseph Velazquez,sullivanalfred@example.net,Bouvet Island (Bouvetoya),2026-07-04,Basic,528.14
4929,Amanda Costa,ellisonjulia@example.org,Iceland,2025-09-01,Standard,535.63
4930,Mark Lang,richard62@example.net,Cameroon,2025-06-03,Basic,518.76
4931,Lori Campbell,jessicacraig@example.com,Jamaica,2024-06-25,Basic,627.16
4932,Mallory Decker,kmueller@example.org,Cambodia,2023-07-31,Basic,277.37
4933,Wayne Peters,bmiller@example.org,Hungary,2025-11-29,Basic,282.40
4934,Duane Bennett,christopher42@example.net,Russian Federation,2025-03-18,Basic,541.23
4935,Michael Perkins,vpace@example.org,Bahrain,2025-09-22,Standard,1345.40
4936,Jacob Smith,williamscourtney@example.org,Japan,2025-09-30,Standard,835.23
4937,John Dickson,qpruitt@example.org,Sudan,2024-10-13,Standard,530.33
4938,David Gutierrez,johnsonkrista@example.org,Mongolia,2022-12-27,Premium,6711.26
4939,Frank Newman,bakerryan@example.com,Kenya,2023-06-19,Basic,53.69
4940,Jennifer Gonzales,vasquezkristen@example.org,Chad,2020-04-10,Standard,1866.63
4941,Frank Moon,lopezjulia@example.com,Italy,2021-02-25,Basic,301.36
4942,Alfred Johnston,sara75@example.com,Philippines,2021-03-29,Standard,4369.26
4943,William Cole,bellandrea@example.net,Chad,2020-03-17,Basic,635.39
4944,Louis Lewis,gmontgomery@example.org,Senegal,2023-09-08,Basic,1302.54
4945,Tiffany Martin,wpearson@example.com,Zambia,2026-02-07,Standard,1407.66
4946,Rachael Bender,paul67@example.com,Eritrea,2020-09-22,Basic,624.13
4947,Janet Rivera,peterssandra@example.org,Samoa,2023-01-31,Standard,4397.48
4948,Yvonne Bender,lauraclayton@example.net,Mozambique,2024-07-12,Basic,290.36
4949,Stephen Gilmore,xavierwilson@example.org,Mali,2023-10-04,Premium,20578.97
4950,Ronnie King,marcuscook@example.org,Egypt,2022-04-17,Standard,4530.34
4951,Sheila Weaver,krogers@example.org,Mauritania,2021-03-27,Standard,1064.28
4952,Ryan Conner,maxwelljacob@example.org,Sudan,2025-01-27,Standard,2638.42
4953,Mrs. Shannon Lee DVM,arobinson@example.net,Paraguay,2024-01-10,Premium,12404.52
4954,Crystal Valenzuela,andrew67@example.com,Somalia,2023-08-08,Basic,99.79
4955,Michael Brown,navarromark@example.com,Turkmenistan,2022-09-03,Premium,6537.62
4956,Lance Good,teresa45@example.net,Fiji,2020-09-03,Basic,1323.68
4957,Tony Gamble,john76@example.com,Cote d'Ivoire,2020-02-29,Standard,3685.28
4958,Bruce Holt,julie56@example.com,Jamaica,2023-09-04,Premium,11370.36
4959,Julia Martin,awhite@example.org,Chad,2024-01-18,Basic,1196.65
4960,Victor Gould,mavila@example.net,Tokelau,2024-10-06,Basic,173.25
4961,Melvin Williams,usullivan@example.net,Sri Lanka,2024-03-22,Basic,1418.16
4962,Deborah Jennings,james76@example.net,Pakistan,2026-06-29,Premium,19778.41
4963,Kenneth Hunter,jcochran@example.org,Norway,2025-09-11,Standard,2672.66
4964,Timothy Patrick,aguilarthomas@example.org,Cayman Islands,2024-03-18,Basic,1133.18
4965,David Curry,qwright@example.org,Kyrgyz Republic,2024-07-12,Basic,1102.32
4966,Daniel Jones,james13@example.com,Tokelau,2021-08-29,Basic,1422.62
4967,Regina Brady,robertjones@example.net,France,2024-06-26,Premium,10515.11
4968,Carolyn Wallace,steven73@example.net,Guatemala,2023-01-26,Standard,2780.23
4969,Victor Huynh,cpitts@example.org,Bahrain,2022-01-28,Standard,2756.35
4970,Kayla Murphy,richardhall@example.net,Saint Kitts and Nevis,2024-05-03,Basic,1259.05
4971,Maria Barron,jeffrey30@example.org,French Southern Territories,2020-02-15,Basic,337.02
4972,Jonathon Cowan,sullivanrachel@example.org,Maldives,2023-08-22,Premium,8300.01
4973,Michael Raymond,romerochristine@example.net,Bulgaria,2023-07-11,Basic,817.34
4974,Renee Lopez,ryanmcdonald@example.com,Puerto Rico,2021-11-14,Basic,165.47
4975,Robin Ellis,fdavenport@example.com,Mongolia,2022-07-06,Standard,1424.91
4976,Bradley Hayes,kathrynlawrence@example.org,Mali,2021-04-19,Standard,1171.33
4977,Gerald Santos,parsonsdawn@example.net,Denmark,2024-12-14,Basic,933.09
4978,Brad Mitchell,lscott@example.net,Lesotho,2021-11-04,Basic,167.47
4979,Jennifer Patrick,nataliefrost@example.com,Pakistan,2021-04-25,Premium,6775.32
4980,Madison Pacheco,grantmichael@example.org,Palestinian Territory,2020-11-15,Standard,3981.72
4981,Jonathan Wright,christophersanders@example.org,Ireland,2023-11-10,Basic,485.62
4982,Jonathan Jones,dmalone@example.com,American Samoa,2020-05-04,Basic,382.33
4983,Kyle Smith Jr.,alyssa10@example.com,Puerto Rico,2021-01-10,Standard,3677.52
4984,Jennifer Herrera,amandacaldwell@example.com,New Zealand,2020-03-14,Basic,673.23
4985,Kimberly Bullock,shellycowan@example.net,Uganda,2024-03-20,Basic,907.53
4986,Catherine West,hillashley@example.org,Nauru,2021-01-12,Premium,19170.13
4987,Jennifer Black,johnlevy@example.org,Armenia,2022-02-08,Standard,4101.52
4988,Robin Perry,petersonlauren@example.net,Switzerland,2022-12-02,Standard,1552.40
4989,Crystal Williams,bjimenez@example.org,Philippines,2025-03-30,Basic,179.35
4990,Andrew Miller,allisonanna@example.org,Equatorial Guinea,2023-11-01,Premium,24142.57
4991,William Shields,benitezjames@example.com,Brunei Darussalam,2021-12-17,Standard,4711.30
4992,Jonathan Powell,lisastephens@example.net,Jamaica,2021-11-23,Standard,3673.92
4993,Daniel Owen,astevens@example.org,Romania,2024-09-04,Basic,887.86
4994,Lisa Santos,danielle36@example.net,Montenegro,2022-10-08,Standard,2591.98
4995,Ian Wells,wolfebrittney@example.com,Norway,2025-09-21,Standard,3030.21
4996,Jennifer Erickson,thomasflowers@example.com,Israel,2021-06-17,Standard,633.88
4997,Katie Gomez,timothy77@example.net,Guyana,2025-03-13,Premium,19622.94
4998,Destiny Morgan,robertnichols@example.net,Vanuatu,2023-09-30,Basic,824.12
4999,Cheryl Carter,jamesharvey@example.com,Argentina,2025-05-10,Standard,1981.92
5000,Frederick White,dcrawford@example.org,British Indian Ocean Territory (Chagos Archipelago),2021-11-16,Premium,13422.19
5001,Carrie Cook,gentrykatherine@example.net,Afghanistan,2026-07-25,Basic,582.81
5002,Jason Gallagher,aaron80@example.com,Croatia,2026-05-28,Premium,20714.16
5003,Christopher Carr,huntnicholas@example.com,Togo,2023-04-08,Premium,2503.82
5004,Paula Garcia,ahardin@example.com,Thailand,2020-10-19,Basic,1322.15
5005,Lori Clark,youngcindy@example.org,Chad,2024-10-29,Premium,7422.41
5006,Leah White,jonesshelby@example.com,Kiribati,2024-07-01,Premium,23702.93
5007,Eric Gray,angelakaufman@example.net,United States of America,2022-06-04,Basic,1348.73
5008,Nicole Mueller,vbrown@example.com,Lesotho,2024-06-07,Basic,1414.75
5009,Pamela Massey,williamsrichard@example.org,San Marino,2021-05-25,Premium,12069.26
5010,Bruce Johns,kellerjames@example.org,Kazakhstan,2022-11-15,Basic,701.86
5011,Michael Carter,nicholas79@example.org,Malawi,2022-07-09,Basic,737.29
5012,Peter Kemp,cdelacruz@example.com,Kuwait,2020-07-24,Premium,13331.78
5013,Deborah Floyd,rhawkins@example.org,Israel,2022-03-19,Basic,270.04
5014,Seth Payne,cathy96@example.net,Iran,2020-02-22,Standard,1368.29
5015,Michael Wyatt,palmerkatherine@example.net,Moldova,2022-07-05,Basic,1454.49
5016,Mark Lee,sharonfox@example.com,Grenada,2020-03-28,Standard,3624.47
5017,Jeanette Velez,michellesalazar@example.org,Cayman Islands,2020-09-12,Premium,23609.10
5018,Christine Johnson,kelly12@example.org,Somalia,2024-05-11,Standard,3346.51
5019,Michelle Rivera MD,gillespiethomas@example.com,Iran,2021-04-24,Basic,1076.63
5020,Nicole Washington,briandavidson@example.com,Guernsey,2022-07-30,Standard,3884.18
5021,Christina Wolfe,daniel04@example.org,Dominica,2022-12-22,Premium,4785.83
5022,Troy Barajas,linda32@example.net,Zambia,2022-08-27,Standard,1076.66
5023,Janet Robinson,lawrencethomas@example.com,Slovakia (Slovak Republic),2020-11-18,Standard,1636.33
5024,Dr. Amanda Jacobs,joseph02@example.net,Romania,2023-01-02,Basic,1175.81
5025,Stephanie Harris,nicholaschapman@example.com,Montserrat,2024-02-27,Standard,4185.10
5026,Michael Hughes,katie86@example.net,Netherlands,2021-11-08,Basic,247.03
5027,Seth Stone,oholmes@example.net,United States Minor Outlying Islands,2026-08-04,Basic,811.67
5028,Barbara Schwartz,breanna94@example.net,Austria,2020-07-10,Standard,752.71
5029,Debbie Ramirez,ibrown@example.com,French Southern Territories,2024-07-28,Standard,1145.91
5030,Karen Jenkins,guzmanjohnny@example.net,Central African Republic,2021-10-24,Standard,3986.62
5031,Anthony Stewart,wigginsjohn@example.org,Venezuela,2023-08-29,Standard,1258.34
5032,Cynthia Payne,perezrobert@example.net,New Caledonia,2021-09-05,Standard,1322.88
5033,Alicia Pearson,amanda77@example.org,Uganda,2024-08-02,Basic,1366.40
5034,Brian Johnston,maryburke@example.org,Gibraltar,2024-10-15,Basic,278.12
5035,Sara Conrad,tholt@example.net,Sudan,2022-08-15,Basic,738.25
5036,Phillip Mendoza,zjones@example.org,Ireland,2022-08-16,Basic,272.08
5037,Preston Rose,powelljesse@example.org,Serbia,2022-09-14,Standard,2039.95
5038,Joseph Allen,douglaslloyd@example.org,Gabon,2023-09-27,Basic,1290.91
5039,Jennifer Johnson,richard54@example.net,Libyan Arab Jamahiriya,2024-07-22,Standard,1773.14
5040,Courtney Phillips,lisachurch@example.net,Guadeloupe,2023-01-05,Basic,538.71
5041,Matthew James,steindenise@example.org,Reunion,2021-11-29,Basic,337.66
5042,Danielle Scott,amandastark@example.net,Namibia,2021-03-05,Standard,2612.89
5043,David Cruz,robertsmichael@example.net,Japan,2021-01-31,Standard,2847.50
5044,Amanda Miller,nancylopez@example.com,Burkina Faso,2024-02-13,Standard,719.34
5045,Dominic Benton,dana58@example.net,Ethiopia,2025-05-13,Basic,673.06
5046,Jay Butler,pearsongreg@example.com,Suriname,2024-08-17,Standard,2036.15
5047,Laura Horn,jeremycalderon@example.com,Wallis and Futuna,2026-02-07,Basic,834.67
5048,Christopher Davis,jonathan57@example.com,Honduras,2025-08-07,Standard,4425.30
5049,Michelle Duffy,brian64@example.org,American Samoa,2020-07-23,Basic,743.97
5050,Amy Curtis,qbarron@example.org,Northern Mariana Islands,2021-06-03,Premium,22036.19
5051,Christy Walters,xwood@example.com,Japan,2022-09-18,Basic,1098.06
5052,Matthew Brown,joan67@example.net,China,2024-12-22,Basic,633.94
5053,Anthony Salas,janicedixon@example.net,Brazil,2022-11-24,Basic,1074.89
5054,Samantha Hendrix,nancy42@example.com,Norfolk Island,2025-12-09,Basic,737.96
5055,Beth Duke,pdrake@example.org,Luxembourg,2024-10-04,Standard,4134.59
5056,Sara Wright,tanya75@example.org,Ecuador,2024-08-13,Premium,15012.00
5057,Andrew Chambers,shawjill@example.org,Holy See (Vatican City State),2024-12-01,Standard,2416.48
5058,Tracy Santiago,changemily@example.com,Seychelles,2024-08-25,Premium,3897.40
5059,Angela Brown,stanleydeanna@example.org,Bhutan,2021-10-16,Basic,1182.11
5060,Hannah Vargas,daniellemoore@example.org,Somalia,2024-02-26,Standard,2063.43
5061,Joseph Gray,tammycarlson@example.com,Faroe Islands,2020-01-03,Premium,23775.38
5062,Kimberly Watts,emily09@example.org,Slovakia (Slovak Republic),2025-12-08,Basic,676.34
5063,Ashley Kelly,sosaann@example.org,American Samoa,2026-01-23,Basic,279.37
5064,Colin Johnson,allenjoseph@example.net,Serbia,2025-11-10,Basic,695.80
5065,Nichole Moore,vthomas@example.net,Haiti,2024-03-17,Standard,601.93
5066,Gregory Hebert,gfuentes@example.com,New Caledonia,2025-02-12,Basic,384.87
5067,Gregory Glass,marypatrick@example.net,Ecuador,2023-04-25,Basic,1175.18
5068,Christine Johnson,christopher88@example.net,Guinea,2024-01-04,Basic,918.75
5069,Kiara Lopez,sheltonariel@example.com,Cocos (Keeling) Islands,2025-01-26,Basic,1476.53
5070,Dana Griffin,alexandernash@example.net,Netherlands,2024-10-31,Premium,19975.97
5071,Lynn Chapman,richard07@example.com,Guam,2023-09-29,Basic,601.64
5072,Francisco Francis,nsmith@example.org,Kiribati,2025-10-13,Basic,141.78
5073,Margaret West,dcarson@example.net,Micronesia,2020-08-29,Standard,2095.80
5074,Amanda Peterson,brandonmorales@example.net,United States Minor Outlying Islands,2025-10-17,Basic,678.51
5075,Dustin Carpenter,ipetersen@example.com,Lesotho,2020-04-24,Basic,794.21
5076,Christopher Hernandez,makayla40@example.net,Lesotho,2026-08-17,Basic,383.15
5077,John Stout,martinezhenry@example.org,Saudi Arabia,2021-07-26,Premium,9200.08
5078,Lisa Waller,mosschristine@example.net,El Salvador,2022-08-24,Basic,747.84
5079,Angela Fowler,aperry@example.com,Liberia,2026-03-05,Basic,865.29
5080,Michael Robinson,scottfisher@example.org,Reunion,2020-06-10,Premium,13621.85
5081,Ashley Cohen,alexandersmith@example.net,Hungary,2024-09-15,Standard,3601.83
5082,Connie Davis,veronicadonovan@example.org,Taiwan,2020-07-13,Standard,1490.21
5083,Robert Reyes,rdawson@example.org,Zambia,2026-05-10,Standard,2637.02
5084,Robert Hernandez,colehenry@example.org,Bulgaria,2020-04-01,Basic,1492.29
5085,Russell King,thomas06@example.org,Somalia,2025-08-31,Basic,888.70
5086,Tyler Young,nrice@example.org,Barbados,2022-08-14,Basic,1137.55
5087,Amanda Stevens,gordonjonathan@example.net,Sudan,2021-09-13,Basic,575.99
5088,Amber Garcia,bryantjessica@example.com,Faroe Islands,2026-04-13,Standard,3126.69
5089,Jessica Rivera,shawn57@example.net,Angola,2023-02-04,Premium,13182.36
5090,Courtney Fuller,cynthia47@example.net,Belize,2025-11-24,Premium,7911.93
5091,Kevin Williamson,juliadavid@example.net,Finland,2025-07-19,Premium,3894.57
5092,Emily Robinson,medinakeith@example.org,Congo,2023-08-05,Standard,1570.99
5093,Dennis Meyers,anthonyford@example.org,Afghanistan,2021-10-05,Standard,4881.27
5094,Randy Bailey,sean39@example.com,Sri Lanka,2020-02-27,Basic,394.22
5095,Tiffany Clark,matthewgarcia@example.org,Svalbard & Jan Mayen Islands,2021-12-07,Basic,272.40
5096,Corey Lamb,christophersolis@example.org,Iceland,2026-07-25,Basic,249.49
5097,Sharon Stephens,pattonkaitlyn@example.com,Micronesia,2026-05-14,Basic,734.71
5098,Mandy Little,fgilmore@example.org,Chad,2026-03-18,Standard,2082.51
5099,Elizabeth Park,brianjarvis@example.net,Switzerland,2025-02-19,Standard,580.93
5100,Beth Garcia,zrodriguez@example.net,Botswana,2025-03-08,Standard,4270.30
5101,Anna Riggs,bkidd@example.org,United States Minor Outlying Islands,2020-01-02,Premium,9582.71
5102,Christian Barnes,mariahayes@example.org,American Samoa,2022-06-12,Basic,986.36
5103,James Jenkins,vhill@example.com,Bolivia,2023-01-03,Basic,91.05
5104,Hannah Lawson,ronald95@example.org,North Macedonia,2021-12-07,Standard,4123.15
5105,Grace Stewart,ischaefer@example.net,Syrian Arab Republic,2023-02-08,Basic,107.49
5106,Michelle Shepherd,erinarmstrong@example.org,Iceland,2023-10-16,Standard,4172.55
5107,Danny Martin,dianesingh@example.org,Bolivia,2024-03-02,Basic,1486.37
5108,Sierra Gomez,sheltonlaura@example.org,Guernsey,2021-10-06,Standard,1760.43
5109,Lisa Bautista,donaldbrown@example.com,Libyan Arab Jamahiriya,2024-04-14,Standard,4865.84
5110,Mitchell Barnes,wardtamara@example.net,Romania,2026-01-23,Standard,3243.02
5111,Shannon Hall,christopher29@example.net,United States of America,2022-04-17,Standard,2997.82
5112,Cody Moss,floresheather@example.com,Indonesia,2025-12-31,Premium,22340.07
5347,Susan Johnson,bellchristopher@example.net,Cuba,2020-05-10,Basic,484.60
5114,Robert Harris,marcrose@example.net,Venezuela,2021-10-01,Standard,4457.64
5115,Mark Todd,justinthomas@example.net,Eritrea,2023-06-23,Standard,699.80
5116,James Davis,pmcgee@example.org,Niger,2020-08-16,Basic,1450.05
5117,Mr. Mark Taylor MD,alexandra09@example.net,Zambia,2022-09-16,Basic,476.41
5118,Gabriela Fisher,annlawrence@example.net,Georgia,2024-03-31,Premium,8303.75
5119,Brittany Taylor,obullock@example.org,Tokelau,2022-04-27,Basic,1497.14
5120,Brendan Santiago,zlong@example.org,Ethiopia,2026-02-25,Standard,4157.88
5121,Lisa Villegas,jose76@example.com,Saint Barthelemy,2020-01-18,Basic,1294.73
5122,Elizabeth Kirk,vblack@example.org,Isle of Man,2021-03-18,Standard,3964.74
5123,Jacob Murray,nathansandoval@example.net,Micronesia,2023-12-11,Standard,2679.94
5124,Jesse Joseph,adrian05@example.com,Eritrea,2021-12-23,Standard,2795.72
5125,Tina Washington,dedwards@example.net,French Southern Territories,2024-07-18,Standard,1830.80
5126,Danielle White,iwilliams@example.org,Congo,2020-10-06,Basic,802.60
5127,Christopher Lowery,samanthacox@example.com,Sweden,2022-05-01,Premium,9163.33
5128,Kimberly Hughes,alvaradonichole@example.org,Georgia,2026-05-06,Basic,1044.06
5129,Ronald Collins,aguirrecorey@example.net,Seychelles,2020-09-19,Standard,1714.95
5130,Matthew Carter,klin@example.net,Panama,2023-11-07,Standard,655.16
5131,Christopher Ray,sheliaedwards@example.com,Finland,2024-07-12,Standard,4553.81
5132,Alejandra Garcia,iwells@example.com,Liechtenstein,2023-09-23,Standard,2119.34
5133,Janice Shaw,james90@example.net,Bhutan,2024-08-22,Basic,904.36
5134,John Kent,alexis80@example.net,Congo,2024-07-13,Basic,1434.35
5135,Sherry Medina,garrettreid@example.com,Eritrea,2020-03-11,Standard,1533.01
5136,Pamela Nguyen,antonio93@example.com,Italy,2025-07-06,Premium,16485.67
5137,Jason Flores,hburch@example.org,Vanuatu,2021-09-04,Standard,1959.37
5138,Janice Barnes,awilliams@example.net,Algeria,2021-02-13,Standard,3799.49
5139,Maureen Wilson,smithjohn@example.org,Grenada,2022-06-06,Basic,1000.23
5140,Christian Stanton,ysoto@example.net,Palau,2026-03-05,Basic,1140.74
5141,Terry Lutz,gibsonbryan@example.net,Bahrain,2025-08-21,Standard,4645.56
5142,Oscar Ayers,morgangarza@example.com,Western Sahara,2025-12-27,Standard,1684.00
5143,Jacob Jones,cantrellvictoria@example.org,Kiribati,2024-04-23,Basic,422.34
5144,Stephanie Gibson,christinejackson@example.net,Nepal,2020-01-07,Premium,20536.51
5145,Brittney Hansen,martinmack@example.org,Gambia,2022-01-19,Basic,571.97
5146,Jeanette Hansen,rnewman@example.net,Gibraltar,2023-11-20,Basic,1101.57
5147,Leon Wise,shelbyward@example.net,Madagascar,2022-05-03,Standard,3051.95
5148,Brittany Robertson,josepena@example.net,Maldives,2022-04-27,Standard,2250.02
5149,Jeffrey Bates,bellsusan@example.net,Libyan Arab Jamahiriya,2025-06-06,Standard,1592.23
5150,Mark Matthews,nelsonbrenda@example.net,Senegal,2022-06-07,Basic,957.12
5151,Megan Colon,caleb79@example.com,Niue,2020-05-18,Basic,992.23
5152,Chelsea Larson,hillmelissa@example.net,Belgium,2024-05-20,Standard,2483.55
5153,Lisa Martinez,williamrogers@example.net,Gabon,2025-05-22,Standard,546.72
5154,Mr. Andrew Williams,roberttran@example.net,Indonesia,2023-07-27,Basic,482.62
5155,Alison Mcclure,vanessaclayton@example.net,Northern Mariana Islands,2022-04-22,Standard,4415.40
5156,Robert Miller,nmitchell@example.net,Papua New Guinea,2024-05-28,Standard,2071.78
5157,Michael Sandoval,markvang@example.net,Senegal,2026-08-14,Basic,1473.46
5158,Kathryn Park,roger90@example.org,Bosnia and Herzegovina,2022-06-27,Basic,71.73
5159,Ashley Deleon,rvincent@example.net,Colombia,2022-04-05,Standard,1818.37
5160,Melinda Glover,smithteresa@example.com,Brazil,2021-12-14,Basic,1100.97
5161,Steven West,kyleadams@example.com,Australia,2023-10-22,Basic,1337.11
5162,Vernon Norris,marypatel@example.com,France,2024-02-19,Standard,3056.75
5163,Steven Brown,mathewanderson@example.net,Netherlands,2023-01-18,Standard,732.51
5164,Shannon Craig,moranmaria@example.org,Ethiopia,2020-03-12,Standard,985.12
5165,Randy Miller,wilkinspamela@example.org,Aruba,2024-04-07,Standard,3613.98
5166,Alan Norman,dhutchinson@example.org,Croatia,2024-07-06,Standard,2564.17
5167,Wendy Hampton,sarahsweeney@example.com,Guatemala,2026-07-20,Standard,4463.95
5168,Howard Taylor,ygrant@example.net,Guyana,2026-05-16,Premium,9416.46
5169,Pamela Adams,qwarren@example.com,Georgia,2020-02-29,Basic,433.87
5170,Ashley Williams,thompsonmichael@example.com,Norway,2025-10-27,Basic,145.38
5171,Cynthia Wallace,derek48@example.com,France,2021-10-06,Premium,5374.91
5172,Bryan Lyons,austin63@example.org,Liberia,2023-01-11,Basic,634.13
5173,Frances Rodriguez,millsbrittany@example.net,British Indian Ocean Territory (Chagos Archipelago),2020-04-08,Standard,3005.89
5174,Savannah Cox,mark42@example.org,Morocco,2021-04-25,Standard,581.84
5175,Connor Wilkerson,keithgilbert@example.net,Kuwait,2023-06-29,Basic,593.84
5176,Michelle Miller,valenciajennifer@example.com,Kenya,2025-08-21,Standard,1790.93
5177,Todd Lee,gallegosamy@example.org,Tonga,2024-08-21,Basic,75.59
5178,Christopher Garcia,jeffrey69@example.com,Latvia,2023-12-12,Basic,992.54
5179,Tracy Torres,hmyers@example.net,Myanmar,2021-09-06,Standard,4462.66
5180,Angela Welch,haynesalicia@example.com,Sri Lanka,2021-05-30,Basic,1324.28
5181,Nicholas Mills,fernandezjaime@example.net,Israel,2023-01-21,Standard,1825.87
5182,Austin Benson,bowmananthony@example.com,Congo,2024-03-22,Basic,1271.93
5183,Jason Wood,ievans@example.net,South Georgia and the South Sandwich Islands,2024-05-31,Standard,1906.62
5184,Tammy Howell,uhenderson@example.com,Mongolia,2023-07-16,Premium,7926.06
5185,Christopher Black,austinstone@example.com,Tonga,2025-10-18,Basic,910.28
5186,Melissa Allen,daniel34@example.com,Myanmar,2021-05-24,Basic,681.42
5187,Robert Steele,oconnellherbert@example.com,Ghana,2024-10-08,Standard,1483.88
5188,Brian Reyes,lisamarshall@example.org,Grenada,2025-07-27,Premium,5009.05
5189,Linda Robertson,fharris@example.net,Azerbaijan,2020-09-06,Standard,3012.50
5190,David Orr,andersonjulia@example.org,Hong Kong,2021-01-09,Basic,1148.11
5191,Kari Hall,joshua34@example.net,Israel,2020-01-07,Basic,788.25
5192,Tracy Burgess,johnrichardson@example.com,Barbados,2020-01-06,Basic,448.67
5193,Leslie Kelley,kjohnson@example.com,Canada,2024-09-22,Standard,3310.27
5194,Sherri Adams,staceydickerson@example.org,Lebanon,2020-08-18,Standard,2363.17
5195,James Romero,bakerjulie@example.net,Georgia,2020-11-13,Basic,56.55
5196,Anthony Stephenson,lynnfrey@example.com,France,2023-07-26,Standard,1238.74
5197,Christopher Johnson,sara53@example.org,Serbia,2024-05-11,Standard,3831.15
5198,Brian Perez,smithmichael@example.net,United States Minor Outlying Islands,2022-09-13,Standard,1696.55
5199,Ryan Martin,brett70@example.com,Italy,2024-01-09,Standard,4214.25
5200,Wendy Perez,michael56@example.org,Malawi,2023-09-29,Standard,1771.45
5201,Kelly Moore,nicole99@example.com,French Southern Territories,2022-06-20,Standard,2741.68
5202,Justin Williams,jennifer73@example.org,United States of America,2023-07-12,Basic,1468.70
5203,William Montes,asoto@example.net,Peru,2023-06-29,Basic,1376.13
5204,Jesus Stout,garcialindsay@example.org,Grenada,2021-12-03,Basic,962.83
5205,Hannah Morris,brewermarcus@example.com,Trinidad and Tobago,2022-09-29,Basic,302.13
5206,Nicole Marquez,jamesroberts@example.org,El Salvador,2023-12-07,Basic,1485.32
5207,David Brown,dillonmargaret@example.net,Latvia,2021-08-07,Standard,1856.67
5208,Ryan Reyes,matthewmiller@example.net,South Georgia and the South Sandwich Islands,2025-07-30,Basic,1298.51
5209,Vicki Thomas,daughertyeric@example.com,Botswana,2025-05-05,Basic,259.81
5210,Christopher Jenkins,adamsjennifer@example.org,North Macedonia,2020-11-20,Basic,535.70
5211,Chad Green,georgeallen@example.org,Djibouti,2021-11-30,Standard,2995.79
5212,Amy Johnson,davidfox@example.net,Chile,2024-08-07,Standard,3353.33
5213,Deborah Young,davidsonmary@example.net,Bhutan,2023-08-16,Premium,20299.53
5214,David Martin,teresa17@example.com,Colombia,2024-10-02,Basic,1056.70
5215,Melissa Hill,smarsh@example.org,United Arab Emirates,2023-12-01,Standard,3315.82
5216,Stephanie Carlson,xellis@example.org,Honduras,2025-02-09,Basic,63.73
5217,Juan Smith,dwilliams@example.com,Ecuador,2020-06-17,Basic,278.81
5218,Anthony Washington,reneegriffith@example.com,Jamaica,2025-12-18,Standard,3688.35
5219,Jennifer Burns,rubenmatthews@example.com,Gibraltar,2023-02-16,Basic,1448.33
5220,Laura Zimmerman,ugonzalez@example.net,Cocos (Keeling) Islands,2025-05-27,Standard,3252.05
5221,Jonathan Brown,kmartin@example.org,Colombia,2024-08-07,Standard,3459.04
5222,Sarah Gonzalez,gonzalezsheila@example.com,Christmas Island,2026-08-07,Basic,926.18
5223,Kyle Johnson,toddjohnson@example.net,Tokelau,2024-10-20,Basic,232.83
5224,Sabrina Williams,lutzkevin@example.org,Georgia,2024-09-10,Basic,241.69
5225,Kevin Moore,paul08@example.net,Swaziland,2022-04-02,Basic,316.42
5226,Michael Stein,austin62@example.net,Nicaragua,2024-04-17,Basic,1252.73
5227,Troy Ramirez,sandra58@example.net,Turks and Caicos Islands,2024-08-08,Standard,1230.25
5228,Mike Griffin,kristin19@example.org,Guam,2026-03-08,Basic,1154.95
5229,Mark Adams,wward@example.org,Malawi,2021-08-12,Basic,162.50
5230,Robert Woods,hunterwolfe@example.org,American Samoa,2024-08-27,Basic,350.88
5231,Jason Beasley,tmorrison@example.net,Sweden,2020-01-14,Basic,1103.33
5232,Dominique Ball,gary91@example.com,Mexico,2021-12-25,Basic,462.87
5233,Matthew Booth,hawkinskellie@example.net,Burkina Faso,2021-08-29,Basic,214.25
5234,Ryan Lin,francismason@example.org,Philippines,2024-06-03,Basic,310.61
5235,Madison Mann,flynnjulie@example.org,Uganda,2024-07-18,Premium,18151.66
5236,Patrick Thompson,tiffany26@example.net,Ireland,2024-12-29,Standard,555.82
5237,Katie Hartman,stephanie59@example.com,Gabon,2022-12-19,Basic,767.81
5238,Jeff Adams,megan53@example.net,Cape Verde,2023-03-22,Basic,146.61
5239,Samuel Oconnor,tiffanywalters@example.com,Cyprus,2020-02-27,Premium,23825.24
5240,Max Kline,timothyreed@example.net,Ethiopia,2021-12-26,Basic,1046.59
5241,Lee Rogers,pferguson@example.org,Niger,2021-04-07,Basic,133.73
5242,Cynthia Donaldson,burgessjacob@example.com,Central African Republic,2026-01-30,Standard,1574.75
5243,Desiree Wallace,ddunn@example.com,Kazakhstan,2024-11-28,Premium,3196.86
5244,Donna Martin,oburton@example.org,Lao People's Democratic Republic,2024-04-30,Standard,2143.07
5245,Julia Miller,dennisjessica@example.org,Burkina Faso,2026-07-16,Basic,1381.97
5246,Donna Wise,peter42@example.org,Bouvet Island (Bouvetoya),2021-12-16,Standard,1751.95
5247,Dr. Matthew Johnson,breanna00@example.com,Chile,2024-12-01,Basic,634.91
5248,Monique Shaffer,yvettecampbell@example.net,Cote d'Ivoire,2024-08-25,Basic,641.90
5249,Donna Beasley,andersonbrian@example.org,Paraguay,2020-02-09,Basic,1351.44
5250,Christine Johnson,mitchell03@example.org,Haiti,2025-08-22,Standard,3661.83
8479,Krista Williams,bsmith@example.com,Sudan,2024-11-04,Basic,63.34
5252,Brian Boyd,sharon56@example.org,Montenegro,2022-05-19,Standard,3274.42
5253,Carlos Ellis,jenningscalvin@example.org,Mauritius,2022-05-03,Standard,3083.90
5254,George Wilson,uthompson@example.com,Tanzania,2022-08-01,Basic,1273.41
5255,Jacob Lee,johnsondaniel@example.com,Greece,2020-08-21,Standard,733.09
5256,Michael Porter,michael10@example.com,Cook Islands,2020-01-26,Standard,4887.67
5257,Charles Gonzales,jessica84@example.com,Suriname,2023-04-28,Basic,1006.57
5258,Timothy Dunn,cball@example.net,New Zealand,2024-10-27,Basic,489.13
5259,Emily Landry,rickgarcia@example.org,Uzbekistan,2022-11-07,Basic,794.73
5260,Lisa Young,whitakerbrittany@example.org,Western Sahara,2026-03-12,Basic,380.68
5261,Patricia Johnson,martinjennifer@example.net,Korea,2025-02-22,Standard,566.12
5262,Rick Taylor,zacharywest@example.com,Saint Martin,2026-04-07,Standard,2459.70
5263,Sharon Scott,laurenbaker@example.org,French Southern Territories,2020-07-05,Basic,633.42
5264,Brittany Simmons,timothypatel@example.net,Jersey,2024-09-16,Premium,3740.54
5265,Sara Shannon,kochbenjamin@example.org,Zambia,2024-02-29,Standard,519.55
5266,Monica Hale,rhernandez@example.org,Andorra,2025-02-04,Basic,1113.42
5267,Jonathan Black DDS,eellis@example.org,Lithuania,2024-11-24,Standard,2146.60
5268,Brandy Yu,cynthiamiller@example.net,Tokelau,2020-01-08,Basic,767.11
5269,Philip Holder,djohnston@example.net,Cocos (Keeling) Islands,2025-11-24,Standard,4497.06
5270,Janice Poole,bday@example.org,Kiribati,2024-06-21,Basic,157.12
5271,Leah Coffey,sheltonpatrick@example.com,Azerbaijan,2025-07-01,Basic,1047.22
5272,Sharon Tapia,fparsons@example.org,Micronesia,2025-11-13,Basic,987.89
5273,Lori Newton,dominiquepowers@example.com,India,2021-10-20,Standard,4875.94
5274,Jason Hampton,zperez@example.org,Cuba,2025-12-23,Standard,2489.37
5275,Tracy Williams,ppark@example.com,Japan,2025-06-07,Premium,8230.22
5276,Heather Fox,wongmatthew@example.org,Philippines,2020-01-21,Standard,545.05
5277,Amanda Garrett,michaelholt@example.net,Senegal,2024-01-19,Premium,6479.35
5278,William Richmond,treilly@example.org,Myanmar,2023-05-12,Basic,997.14
5279,Austin Martinez,robertlong@example.com,American Samoa,2023-10-27,Standard,4984.29
5280,Nicole Silva,alexanderchristopher@example.org,Serbia,2024-08-26,Standard,777.30
5281,Steven Collins,robertboyd@example.net,American Samoa,2024-03-12,Standard,3200.28
5282,Anna Ramos,dicksonkatie@example.com,Kazakhstan,2021-07-30,Standard,3678.99
5283,Michael Contreras,ramirezmargaret@example.com,Norway,2022-03-20,Basic,1417.75
5284,Ashley Cardenas,deanna22@example.net,Gibraltar,2025-10-17,Premium,21023.15
5285,Samantha Long,staceybrown@example.com,Lithuania,2020-05-07,Standard,4594.32
5286,Samuel Khan,nlynn@example.com,Western Sahara,2021-12-08,Basic,176.75
5287,David Hale,mmitchell@example.org,Luxembourg,2020-07-01,Standard,2698.12
5288,Anthony Gardner,clarkamber@example.org,Brazil,2020-01-03,Basic,521.36
5289,Rebekah Smith,melaniescott@example.org,Suriname,2020-01-08,Premium,11963.95
5290,Michael Johnson,tbailey@example.net,Martinique,2025-02-11,Premium,7936.06
5291,Stephen Ross,jimenezrandy@example.com,Ethiopia,2025-05-14,Standard,4787.85
5292,Daniel Lawrence,brobbins@example.net,Cambodia,2025-12-17,Premium,5194.93
5293,John Larsen,ganderson@example.org,Guam,2020-10-31,Basic,311.71
5294,Shannon Johnson,lsmith@example.net,Pakistan,2021-10-14,Standard,1230.65
5295,Heather Rivera,rebeccazimmerman@example.net,Ghana,2022-01-04,Premium,9663.47
5296,Jennifer Wright,melissabarnett@example.com,Falkland Islands (Malvinas),2022-07-20,Basic,311.31
5297,Tracey Patel,jesuscarter@example.com,Isle of Man,2022-05-06,Basic,285.35
5298,Elizabeth Walker,elizabethtate@example.org,Honduras,2020-07-23,Premium,16881.98
5299,Lisa Singleton,samuel37@example.net,Gambia,2025-02-17,Basic,415.82
5300,Ashley Espinoza,hector90@example.org,Cayman Islands,2022-12-12,Basic,698.14
5301,Maria Medina,eric34@example.com,Saint Kitts and Nevis,2021-11-25,Basic,740.33
5302,Benjamin Bray,danielolsen@example.com,Iraq,2026-04-29,Basic,1366.27
5303,Tara Ortiz,smithsonia@example.com,Tunisia,2024-11-22,Standard,1650.95
5304,Jill Byrd,david56@example.com,Micronesia,2022-02-10,Standard,1011.31
5305,Kristin Rivera,burtonkevin@example.com,Niue,2020-11-13,Basic,276.80
5306,Sierra Pierce,alisonstein@example.net,El Salvador,2022-03-29,Basic,142.85
5307,Jean Campos,duartekelly@example.net,India,2022-07-05,Premium,5415.93
5308,Michael Leon,isaacpeters@example.org,Tonga,2026-08-19,Basic,776.91
5309,Christina Mendoza,zmcclain@example.org,Niger,2020-07-05,Basic,1452.16
5310,Joseph Crawford,eacevedo@example.com,Bahamas,2020-04-13,Standard,3592.87
5311,Rebecca Barr,sarahramirez@example.com,Barbados,2023-06-07,Basic,589.88
5312,Lindsey Brewer,michael18@example.org,Cook Islands,2021-03-11,Basic,1250.59
5313,Ashley Curtis,duane50@example.com,Spain,2025-03-08,Basic,1399.30
5314,Ryan Williams,brookemckenzie@example.org,Pakistan,2026-02-02,Standard,1913.96
5315,Jordan West,matthew05@example.org,San Marino,2024-09-24,Standard,3320.64
5316,Sarah Chen,pmarquez@example.org,India,2022-02-13,Basic,310.22
5317,Zachary Jones,teresaruiz@example.org,Guinea-Bissau,2025-09-18,Basic,512.03
5318,Jeffrey Walker,samuel14@example.net,Turkmenistan,2025-02-01,Standard,3717.69
5319,Brooke Lyons,robertgardner@example.org,Kenya,2025-02-13,Standard,4670.09
5320,Melanie Garner,wharris@example.com,Bangladesh,2023-07-06,Standard,1290.04
5321,Alyssa Vasquez,katie96@example.com,Anguilla,2021-09-25,Basic,1432.46
5322,Roger Chapman,robert83@example.net,Greenland,2025-12-23,Premium,19158.78
5323,Jessica Martinez,conniebrandt@example.com,Lesotho,2026-03-04,Basic,1414.72
5324,Aaron Walker,sgill@example.com,Brazil,2023-03-09,Basic,688.05
5325,Matthew Smith,amandacasey@example.com,Svalbard & Jan Mayen Islands,2025-11-23,Basic,1297.01
5326,Patricia Maynard,ashleygentry@example.com,Lesotho,2022-05-15,Standard,2166.42
5327,Jacob King,alexander49@example.net,Malawi,2022-05-29,Premium,19304.91
5328,Danielle Cole,mark64@example.net,Wallis and Futuna,2025-01-11,Basic,811.49
5329,Savannah Green,riveranicole@example.com,Tonga,2021-02-16,Premium,22932.22
5330,Michelle Harris,jonesanna@example.net,Lao People's Democratic Republic,2022-08-24,Standard,2276.13
5331,Lisa Davenport,nelsonjohn@example.net,Greenland,2022-07-25,Standard,2333.37
5332,Seth Hayes,kayla83@example.com,Pakistan,2026-01-08,Basic,172.99
5333,Courtney Anderson,proach@example.net,Ghana,2026-06-21,Basic,673.11
5334,Cassandra Ramirez,christinacowan@example.com,Svalbard & Jan Mayen Islands,2022-01-25,Basic,89.77
5335,Elizabeth Coleman,opark@example.net,Rwanda,2025-11-27,Standard,679.26
5336,Amber Joseph,qgonzalez@example.net,China,2026-05-17,Basic,952.79
5337,Robert Garcia,sean73@example.com,Slovenia,2023-03-31,Basic,1475.50
5338,Steve Martinez,vmoore@example.com,Croatia,2026-04-11,Basic,451.37
5339,Brady Harmon,sgonzalez@example.org,Qatar,2022-07-08,Basic,184.04
5340,Bernard Vazquez,sandersrobert@example.net,British Indian Ocean Territory (Chagos Archipelago),2024-04-04,Standard,3890.07
5341,Michael Sanders,zmendoza@example.org,Vietnam,2022-10-28,Basic,551.04
5342,Catherine Marshall,davidsnyder@example.net,Tuvalu,2024-11-25,Basic,1357.92
5343,Andrew Mcdaniel,longscott@example.net,Ethiopia,2026-03-06,Standard,2343.21
5344,Julia Thomas,sherrera@example.org,Congo,2023-06-15,Standard,1392.16
5345,Linda Brown DVM,kellyjones@example.com,Dominican Republic,2026-05-14,Basic,851.46
5346,Zachary Mendoza,maynardmichael@example.com,Maldives,2021-09-02,Standard,1993.13
5347,Tiffany Grant,christopher19@example.org,Korea,2026-08-08,Standard,1435.22
5348,John Simmons,margaretwilson@example.org,South Africa,2025-06-23,Basic,700.54
5349,Elizabeth Sanchez,jamespreston@example.org,Guernsey,2025-08-22,Basic,719.68
5350,Daniel Ward,heatherrojas@example.net,China,2022-02-22,Basic,1122.05
5351,Brett Rogers,helen75@example.net,Bangladesh,2025-06-05,Basic,1157.82
5352,Lisa Sweeney,oruiz@example.org,Reunion,2021-12-11,Basic,430.48
5353,Jeffrey Barrett,mikegonzalez@example.org,Bangladesh,2025-05-10,Standard,3643.16
5354,Cindy Parker,mballard@example.com,Tunisia,2025-12-25,Standard,4609.65
5355,Melissa Lucero,samuelhamilton@example.com,Norfolk Island,2023-02-18,Basic,1475.43
5356,Michael Ball,johnsonrichard@example.org,Sao Tome and Principe,2025-09-01,Premium,14801.67
5357,Jerry Lee,cynthiabennett@example.net,Slovenia,2020-11-17,Basic,1151.37
5358,Willie Phillips,katelyndavis@example.org,Ethiopia,2020-02-25,Premium,17565.08
5359,Maria Conner,brendan97@example.net,United Arab Emirates,2022-12-22,Basic,554.11
5360,Nancy Shaw,nancydavis@example.org,Cuba,2021-02-16,Standard,2303.09
5361,Lisa Lee,garciapamela@example.net,Zambia,2023-05-28,Standard,1820.64
5362,Lisa Bentley,fjoyce@example.com,Monaco,2025-03-11,Basic,972.20
5363,Mark Price,dodsonbenjamin@example.net,Timor-Leste,2026-07-28,Standard,4722.61
5364,Erin Bird,molly80@example.org,Spain,2020-03-15,Premium,6658.27
5365,Robert Orr,samanthabutler@example.com,Lithuania,2024-08-30,Basic,1249.33
5366,Nicolas Rodriguez,joseph59@example.net,Saint Vincent and the Grenadines,2021-09-28,Basic,1195.80
5367,Laura Blake,glarson@example.net,Hong Kong,2024-05-12,Standard,4418.36
5368,Lisa Barrett DDS,youngkelly@example.com,Norway,2025-08-09,Standard,2289.40
5369,Laura Smith,tiffany48@example.net,Costa Rica,2022-10-09,Standard,2042.18
5370,Kelly Johnson,fisherapril@example.org,Saudi Arabia,2025-03-26,Standard,3632.42
5371,Samantha Robinson,ysmith@example.com,Cote d'Ivoire,2020-07-18,Basic,643.95
5372,Ryan Gonzalez,patricia73@example.org,Bahamas,2024-01-19,Basic,990.09
5373,Amanda Wilson,matthewbrock@example.org,Guinea-Bissau,2020-01-08,Basic,1176.40
5374,Hailey Reynolds,sarabyrd@example.net,Mayotte,2021-06-19,Standard,2064.47
5375,Tracy Wilkins,linkevin@example.net,Lithuania,2024-12-09,Basic,812.39
5376,Juan Haynes,michael16@example.net,Saint Martin,2020-04-15,Basic,1072.28
5377,Amanda Cook,rsherman@example.com,Bolivia,2021-05-26,Premium,21582.51
5378,Christine Gonzalez,simsjimmy@example.net,Singapore,2020-07-14,Standard,4501.67
5379,Robin Morales,nmcdaniel@example.net,Guyana,2023-11-08,Basic,169.86
5380,Dr. Evelyn Gordon,tschmidt@example.org,Eritrea,2021-01-12,Standard,3284.54
5381,David Lawrence,barajaszachary@example.net,Marshall Islands,2024-08-16,Basic,740.83
5382,Raymond French,timothy39@example.net,Svalbard & Jan Mayen Islands,2023-11-27,Basic,1492.12
5383,John Lewis,fharris@example.org,Austria,2026-05-24,Premium,15412.64
5384,Kristen Bradley,april30@example.com,El Salvador,2022-06-14,Basic,434.86
5385,Angela Lopez,sharpmichael@example.net,British Indian Ocean Territory (Chagos Archipelago),2023-06-19,Standard,4884.76
5386,Anthony Jones,sanchezmegan@example.com,Belarus,2026-02-24,Basic,139.83
5387,Andrew Hill,kevin12@example.net,Congo,2023-04-16,Standard,817.62
5388,Ashley Baxter,erika25@example.com,Turks and Caicos Islands,2024-06-05,Standard,3571.63
5389,Brianna Wilkinson,rmiller@example.org,Vietnam,2021-08-28,Basic,394.80
5390,Pamela Chan,dbrown@example.net,Comoros,2021-01-12,Standard,4159.85
5391,Charles Scott,hdrake@example.org,Bhutan,2024-05-26,Basic,1036.59
5392,Wayne Moore,georgekara@example.org,Venezuela,2025-11-21,Standard,4907.37
5393,Bonnie Hughes,kdavies@example.com,Maldives,2024-07-03,Basic,1176.65
5394,Mandy Smith,martinjamie@example.net,Angola,2020-08-02,Premium,11366.71
5395,Roger Rogers,connie67@example.org,Colombia,2020-10-24,Standard,989.33
5396,Rebecca Rollins,gwagner@example.com,Dominican Republic,2021-06-22,Basic,65.65
5397,Christopher Pham,bradyjoseph@example.net,Norway,2022-01-17,Basic,187.09
5398,Ms. Whitney Cross,cooperchristina@example.org,Nicaragua,2020-05-15,Basic,1470.44
5399,Tracy Martin,grahamjesse@example.org,Greenland,2025-01-29,Basic,392.08
5400,Brady Graves MD,hmitchell@example.org,Syrian Arab Republic,2026-05-04,Basic,583.43
5401,Sydney Gentry,kstein@example.net,San Marino,2026-03-30,Basic,263.52
5402,Jacqueline Rogers,brittany52@example.net,Jamaica,2025-07-28,Premium,16982.75
5403,Brenda Davis,davidtorres@example.com,Singapore,2021-09-14,Standard,1682.64
5404,Meagan Knight,alvaradoandrew@example.org,Niger,2023-06-29,Premium,3430.92
5405,Virginia Cruz,valdezjohn@example.com,Cameroon,2020-07-03,Basic,293.25
5406,Sarah Black,huertajohn@example.com,Guyana,2020-03-20,Basic,86.24
5407,Breanna Watson,robinsonnicole@example.com,Thailand,2026-05-19,Standard,4821.48
5408,Brian Clark,roger42@example.org,Finland,2020-06-07,Premium,17440.47
5409,Kathryn Golden,oconnellnathan@example.net,United States of America,2021-08-26,Standard,4364.24
5410,Stephanie Church,dunlapdavid@example.org,Saint Vincent and the Grenadines,2024-02-09,Basic,655.94
5411,Marcus Santos,wdominguez@example.com,Paraguay,2022-01-13,Basic,66.93
5412,Elizabeth Brown,alexis76@example.com,Niger,2023-12-09,Standard,1286.33
5413,Michael Mann,jeffjenkins@example.org,Yemen,2024-02-22,Premium,6913.59
5414,Brian Boyer,qedwards@example.com,North Macedonia,2020-04-07,Basic,1287.21
5415,Austin Wilkerson,aolsen@example.net,Finland,2021-03-23,Standard,1033.48
5416,Jaclyn Hudson,joerobbins@example.org,Cote d'Ivoire,2020-12-12,Standard,4079.53
5417,Eric Lewis,ejacobson@example.com,Iraq,2025-01-31,Standard,2850.21
5418,Mary Parker,rhonda69@example.com,Armenia,2024-11-30,Basic,1435.72
5419,Zachary Roman,priscilla11@example.com,Lithuania,2023-03-31,Premium,16837.86
5420,David Brown,troymorris@example.com,Vietnam,2023-08-18,Basic,1158.94
5421,Christopher Turner,richardthompson@example.com,Guadeloupe,2026-02-20,Basic,486.34
5422,Veronica Dawson,seanburnett@example.com,Oman,2025-04-21,Basic,704.83
5423,Alexander Santiago,debbie71@example.org,Tuvalu,2023-09-02,Basic,496.81
5424,Kelsey Chen,brandon27@example.com,Singapore,2026-06-27,Basic,101.99
5425,Donald Giles,nlawson@example.com,Iceland,2023-05-22,Basic,332.19
5426,Eric Campos,iwilson@example.net,Belarus,2022-11-05,Standard,2098.53
5427,Nancy Love,kennethgriffin@example.com,Namibia,2022-09-16,Standard,885.78
5428,Natalie Brooks,stevenyoung@example.org,Norway,2022-10-12,Basic,956.19
5429,Jose Pratt,stewarttyler@example.com,British Indian Ocean Territory (Chagos Archipelago),2024-03-21,Standard,1136.76
5430,Destiny Saunders,matthew79@example.com,Northern Mariana Islands,2025-06-15,Basic,1342.61
5431,Lindsay Ball,pbarry@example.org,Syrian Arab Republic,2025-05-16,Standard,2739.48
5432,Gail Clark,jonesjames@example.com,Bosnia and Herzegovina,2022-01-20,Basic,1266.85
5433,Gregory Thompson,autumnspencer@example.com,Kiribati,2021-01-02,Standard,4471.86
5434,Jacob Peterson,markmassey@example.com,Latvia,2024-08-05,Premium,19103.91
5435,Jessica Moore,jparker@example.net,Faroe Islands,2021-12-02,Standard,3240.78
5436,Jonathan Taylor,andrewmartinez@example.com,Barbados,2021-06-09,Standard,4425.68
5437,Kenneth Williams,nicholasmoore@example.org,Zimbabwe,2020-01-09,Standard,1757.56
5438,Misty Palmer,awilliams@example.com,Zambia,2025-07-07,Basic,1321.42
5439,Andrew Berry,terrinavarro@example.com,Iceland,2021-07-17,Basic,1061.30
5440,Chloe White MD,hendersonmichael@example.com,Uganda,2024-10-17,Premium,12901.70
5441,Ashley Le,rose84@example.com,Paraguay,2023-10-13,Standard,3988.37
5442,David Meadows,garciajulia@example.org,South Africa,2022-05-03,Basic,351.45
5443,Joshua Brooks,tfrancis@example.org,Yemen,2025-11-30,Standard,882.35
5444,Tony Davis,david75@example.org,Netherlands,2025-04-03,Standard,4402.56
5445,Cassidy Ray,rogersrussell@example.org,Belgium,2022-07-03,Premium,14998.37
5446,Christy Roach,antonioserrano@example.com,Cuba,2026-04-26,Standard,1006.96
5447,Tara Ellis,douglasowens@example.net,Venezuela,2020-07-10,Premium,5072.01
5448,Susan Knight,stucker@example.org,Mauritius,2026-04-26,Basic,915.23
5449,John Myers,hcontreras@example.com,Zimbabwe,2024-11-03,Basic,538.52
5450,Sheri Brown,brownjamie@example.net,Guernsey,2021-06-02,Basic,881.82
5451,Brittany Clark,michaelhanna@example.org,Cote d'Ivoire,2021-02-22,Basic,1115.52
5452,Derrick Flynn,sandersjohn@example.org,Estonia,2023-02-05,Standard,2821.05
5453,Jennifer Wright,ramirezdaniel@example.net,Chile,2021-11-08,Premium,2752.17
5454,Patrick Nguyen,david93@example.org,Palestinian Territory,2022-10-13,Standard,2030.58
5455,Carlos Barron,ellen16@example.net,Switzerland,2023-11-30,Basic,320.01
5456,John James,hernandezcheryl@example.com,Panama,2024-12-14,Basic,1358.58
5457,Holly Carter,toddjoseph@example.com,Lao People's Democratic Republic,2025-01-16,Premium,11383.17
5458,Matthew Ellis,riverajamie@example.com,Slovakia (Slovak Republic),2025-10-08,Basic,896.22
5459,Travis Roth,randy45@example.com,Algeria,2025-07-03,Standard,2270.60
148,Stefanie Brennan,richardsanthony@example.com,Ghana,2021-12-15,Basic,1199.75
5461,Casey Lopez,ewashington@example.org,Belarus,2025-01-03,Standard,2470.87
5462,Ashley Bailey,erinwhite@example.net,Belarus,2025-06-02,Standard,1049.63
5463,Charles Thomas,sandrawright@example.com,Barbados,2022-09-12,Premium,3136.07
5464,Scott Levy,zmiller@example.com,Philippines,2023-09-03,Standard,1221.79
5465,David Mcintyre,mary83@example.com,Jersey,2023-03-23,Standard,2775.90
5466,Cindy Osborn,brandon33@example.com,Malawi,2020-02-04,Basic,282.82
5467,Ashley Whitaker,melissaperry@example.com,Hong Kong,2021-06-14,Basic,1166.10
5468,Tony Olson,robert30@example.org,Australia,2024-04-15,Basic,1156.21
5469,Zachary Smith,heatherhopkins@example.org,Fiji,2021-03-29,Standard,3557.09
5470,Christopher Johnson,shaunmiller@example.org,Pitcairn Islands,2023-02-17,Premium,23186.01
5471,Donna Holloway,ocarey@example.net,China,2020-09-27,Basic,1142.23
5472,Virginia Warner,morgan54@example.org,Luxembourg,2024-03-13,Standard,3816.71
5473,Beth Sanchez,shelbysimon@example.net,Croatia,2025-06-24,Basic,988.58
5474,Michael Thompson,caseychristina@example.com,New Zealand,2020-12-09,Basic,1369.15
5475,Mary Mora,lawrencewilliam@example.org,Netherlands Antilles,2023-05-06,Premium,3145.49
5476,Deborah Weber,phillipthompson@example.org,Ethiopia,2023-07-22,Standard,4556.21
5477,Cameron Webb,derek73@example.org,Portugal,2025-03-05,Basic,349.37
5478,Cassie Huang,mcbridewendy@example.org,Cameroon,2024-09-06,Standard,4541.81
5479,Jenna Grimes,kimberlylopez@example.com,El Salvador,2022-02-17,Premium,21128.75
5480,Maurice Morgan,hendersonamy@example.org,Singapore,2022-05-28,Standard,3277.78
5481,Rachel Koch,jamescoleman@example.net,Albania,2026-05-20,Basic,1124.43
5482,Samantha Morris,darlenesullivan@example.net,Gambia,2026-04-26,Standard,4595.10
5483,William Davis,lewispeggy@example.net,Afghanistan,2026-01-13,Standard,2533.25
5484,Kenneth Aguilar,medinateresa@example.com,Vanuatu,2023-01-07,Basic,228.64
5485,Jason Robinson,wendy16@example.com,Turkmenistan,2022-06-06,Basic,866.17
5486,Shane Kelly,davidcandice@example.com,Myanmar,2024-11-27,Standard,4263.32
5487,Clinton Gonzalez,tonya99@example.com,Poland,2022-12-12,Premium,21218.38
5488,Jerry Smith,james42@example.com,New Caledonia,2020-09-10,Standard,2473.87
5489,Jeffrey Wilson,rharrison@example.net,United Arab Emirates,2020-09-08,Basic,1362.97
5490,Brett Lopez,david19@example.com,Congo,2021-10-26,Standard,2981.03
5491,Nicholas Pham,rangeljonathan@example.org,Bosnia and Herzegovina,2026-06-24,Standard,646.78
5492,Matthew Garza,amber85@example.org,Madagascar,2023-01-07,Standard,2334.36
5493,John Johnson,jared51@example.org,Ghana,2024-11-23,Basic,235.70
5494,Victoria Fletcher,camerongonzales@example.org,Netherlands,2024-04-29,Premium,2956.33
5495,Amy Cooke,sarahgonzalez@example.com,Eritrea,2024-06-25,Basic,1265.11
5496,Ian Green,johnfowler@example.net,Western Sahara,2022-12-20,Basic,1487.90
5497,Brian Owen,hannahthomas@example.com,Uzbekistan,2025-12-26,Premium,21078.92
5498,Maria Barrera,matthew80@example.org,Vanuatu,2023-08-04,Basic,633.34
5499,Joel Craig,rberry@example.org,Saudi Arabia,2023-05-30,Basic,476.85
5500,Valerie Simmons,mikecarter@example.net,Congo,2023-10-03,Basic,1353.16
5501,David Barnes,gonzalezsamantha@example.com,Bouvet Island (Bouvetoya),2020-09-16,Basic,1188.92
5502,Michael Allison,jordanruben@example.org,Ghana,2025-03-27,Basic,1239.11
5503,Michael Webb,patrickmiller@example.com,Reunion,2021-10-24,Premium,15754.42
5504,Larry Rocha,sylvia12@example.org,Korea,2021-09-23,Basic,130.53
5505,Linda Chase,chowell@example.org,Nepal,2025-04-03,Basic,573.94
5506,Dr. Denise Spencer,chloebrown@example.org,Oman,2022-11-02,Premium,3567.28
5507,Timothy Chen,julia86@example.net,Eritrea,2022-07-05,Standard,791.74
5508,Stephen Stephenson,daniellecooper@example.org,Korea,2023-04-09,Standard,1030.00
5509,Aaron Myers,hamiltonkenneth@example.org,Mauritius,2026-06-27,Basic,341.19
5510,Denise Perez,ymartinez@example.com,Guadeloupe,2025-08-17,Standard,4379.55
5511,Robert Chen,christopher25@example.net,Sao Tome and Principe,2021-11-14,Standard,2724.72
5512,Craig Byrd,robinsonmark@example.com,Central African Republic,2020-05-30,Premium,9740.90
5513,Cheryl Shepard,christinefrey@example.com,Malaysia,2023-05-17,Basic,1379.85
5514,Elizabeth Mahoney,christina19@example.com,Turkmenistan,2021-06-09,Basic,1326.55
5515,Jose Hunt,qpadilla@example.net,Cameroon,2025-02-27,Standard,1007.27
5516,Melissa Nelson,mschwartz@example.com,Iraq,2020-12-10,Standard,4781.08
5517,Billy Burnett DVM,nwatson@example.net,Guam,2021-03-05,Basic,418.40
5518,William Jacobs,lindsay69@example.net,Nicaragua,2023-12-22,Basic,974.16
5519,Betty Baker,zyoung@example.org,New Caledonia,2022-03-29,Standard,773.07
5520,Chris Cook,david93@example.net,Syrian Arab Republic,2023-10-26,Basic,1463.26
5521,Daniel Collins,bakerrenee@example.com,El Salvador,2025-02-11,Basic,736.92
5522,Shelly Riley,jkirby@example.com,United States of America,2022-01-23,Basic,1184.59
5523,Heather Green,andrew52@example.net,Paraguay,2020-12-12,Standard,526.43
5524,Julie Mcfarland,harrisjohn@example.com,Jersey,2024-08-08,Standard,4959.14
5525,Robin Williams,qclarke@example.com,Montserrat,2022-07-13,Standard,4235.85
5526,Billy Newman MD,wpadilla@example.org,Nigeria,2025-05-27,Premium,11060.33
5527,Christopher Marsh,juanballard@example.org,Guyana,2025-08-30,Standard,875.99
5528,Michael Brown,palmeranna@example.org,Austria,2024-10-31,Standard,1613.24
5529,Anita Graves,smithbrenda@example.com,Aruba,2023-11-29,Basic,1188.26
5530,Elizabeth Scott,kthompson@example.org,Russian Federation,2020-06-04,Basic,956.87
5531,Cameron Olson,heatherjohnson@example.net,United States Virgin Islands,2022-04-24,Basic,553.02
5532,Randy Edwards,justin63@example.org,Cote d'Ivoire,2023-04-17,Premium,20665.90
5533,Steven Walters,nicole65@example.org,Montserrat,2025-06-24,Premium,12955.57
5534,Earl Gonzalez,hansenkenneth@example.org,Armenia,2026-02-11,Premium,21939.34
5535,Jennifer Wise,doris49@example.org,Cook Islands,2020-10-12,Basic,1301.78
5536,Dana Cowan,sanfordfelicia@example.net,Turks and Caicos Islands,2022-06-09,Standard,4651.47
5537,Dustin Mcdaniel,savannaherickson@example.org,Senegal,2024-02-29,Premium,12372.50
5538,Jordan Payne,marilyngarcia@example.net,Cayman Islands,2024-09-06,Basic,1175.45
5539,Alan Hamilton,ashleynixon@example.org,Marshall Islands,2020-08-11,Premium,16948.84
5540,Mark Meyer,stanleymadison@example.net,Spain,2026-03-07,Basic,850.21
5541,Timothy Young,paigeosborn@example.net,Lesotho,2026-04-24,Basic,185.84
5542,Brenda Larsen,shannon53@example.com,Jamaica,2026-01-20,Basic,1246.71
5543,Stephanie Obrien,michaelbrowning@example.com,Puerto Rico,2022-01-22,Standard,525.03
5544,Kevin Cunningham,zmartin@example.org,Panama,2021-03-25,Premium,12492.81
5545,Deborah Dean,perezthomas@example.com,Nigeria,2021-01-16,Standard,2140.95
5546,Lawrence Guzman,penachristy@example.com,Seychelles,2020-07-02,Premium,9531.21
5547,Jamie Allen,joe10@example.com,Thailand,2023-03-11,Standard,548.66
5548,Daniel Stone,ucruz@example.org,Yemen,2024-10-11,Basic,1300.27
5549,Amy Thompson,barbara68@example.net,Morocco,2025-01-24,Standard,787.21
5550,Justin Kelley,jocelyn01@example.org,Pitcairn Islands,2024-09-08,Premium,9978.27
5551,Miss Stephanie Middleton,erika44@example.net,Thailand,2026-02-21,Standard,2078.48
5552,April Nelson,daniel87@example.org,Comoros,2022-01-23,Premium,24170.53
5553,Nathan Hayes,christina02@example.com,Slovakia (Slovak Republic),2024-07-07,Basic,841.89
5554,Linda Davies,audreyjohnson@example.org,Christmas Island,2021-09-02,Basic,872.99
5555,Nathaniel Hall,wanderson@example.org,Azerbaijan,2020-01-16,Basic,543.22
5556,Sierra Gibson,lisa75@example.com,Turks and Caicos Islands,2026-07-28,Basic,582.66
5557,Daniel Brown,snydercatherine@example.net,Samoa,2026-06-13,Standard,3776.65
5558,Rebecca Moore,owensruben@example.net,Nigeria,2021-05-29,Basic,287.56
5559,Christopher Mitchell,coreyclark@example.com,Haiti,2024-01-25,Standard,3238.93
5560,Kristina Fowler,suzanne56@example.org,Bahrain,2023-11-03,Basic,1047.76
5561,Timothy Nguyen,silvajessica@example.com,Tunisia,2023-11-11,Standard,3759.43
5562,Kathleen Sellers,mpatterson@example.com,Senegal,2021-12-22,Basic,359.73
5563,Samantha Bailey,xmcconnell@example.net,Guinea,2023-09-12,Standard,2536.74
5564,Whitney Kim,rachel57@example.com,Saint Kitts and Nevis,2023-08-13,Basic,440.58
5565,Jason Diaz,fostercarol@example.net,Isle of Man,2020-01-11,Basic,1060.60
5566,Andrea Brooks,edwardsderrick@example.com,Isle of Man,2026-02-22,Standard,530.41
5567,Shane Coleman,fbernard@example.net,Guinea-Bissau,2023-05-07,Standard,4012.10
5568,Amber Frank,arussell@example.net,Zambia,2020-04-22,Basic,610.78
5569,Michael Fuentes,williamjohnson@example.com,Bosnia and Herzegovina,2024-03-06,Standard,779.11
5570,Erin Trevino,anthonymendez@example.org,Grenada,2022-10-12,Standard,3613.32
5571,Reginald Walker,thompsonlisa@example.net,Finland,2021-02-28,Basic,292.03
5572,Veronica Koch,rachaelgray@example.com,Zimbabwe,2021-10-07,Basic,1351.88
5573,Elaine Marshall,umccoy@example.net,Bhutan,2024-10-13,Basic,1100.04
5574,Erin Wood,jessicapayne@example.org,Ukraine,2020-11-15,Standard,2580.22
5575,Erin Shields,ashley99@example.org,Jersey,2024-03-16,Basic,601.17
5576,Gregory Gill,douglas87@example.net,Philippines,2023-12-06,Standard,962.57
5577,Adam Steele,kelleytyler@example.com,Saudi Arabia,2022-02-21,Basic,978.58
5578,Arthur Miller,ballen@example.org,Mongolia,2023-10-30,Premium,21887.89
5579,Tanya Brown,campbellwanda@example.com,Netherlands,2023-08-12,Basic,867.66
5580,Ashley Pena,bryan59@example.com,Haiti,2025-01-01,Basic,1044.38
5581,Thomas Gay,caroline42@example.org,Andorra,2025-03-02,Basic,520.90
5046,Michael Stein,walterjacob@example.net,Vanuatu,2024-10-06,Standard,2550.09
5583,Kelly Whitaker,vthompson@example.org,Romania,2026-04-26,Premium,12635.35
5584,Willie Martinez,berrystephen@example.com,Senegal,2022-06-26,Premium,21119.94
5585,Russell Ramos,bsandoval@example.net,Iran,2023-02-06,Basic,1147.11
5586,Laurie Rodriguez,lisa28@example.com,Solomon Islands,2020-08-13,Basic,151.56
5587,Ryan Edwards,brianna58@example.org,Libyan Arab Jamahiriya,2025-09-27,Standard,1284.98
5588,Jason Harvey,oliviaperry@example.net,Bouvet Island (Bouvetoya),2023-01-30,Premium,5902.77
5589,Michael Vance,grahamandrew@example.net,Oman,2025-06-17,Standard,2412.10
5590,Alec Jackson,michaeljones@example.org,Anguilla,2021-03-08,Basic,1099.18
5591,Deanna Haney,vsilva@example.com,Costa Rica,2026-02-21,Standard,1886.61
5592,Shirley Hart,egonzalez@example.com,Montenegro,2024-09-07,Basic,1169.08
5593,Debra Schwartz,jessicamoss@example.net,Marshall Islands,2025-10-07,Standard,2863.33
5594,Justin Davis,wilsonjerry@example.com,New Zealand,2023-04-25,Basic,1225.04
5595,Caitlin Harris,joe41@example.net,United Kingdom,2022-03-03,Basic,761.32
5596,Sherry Gill,tracywashington@example.net,Israel,2022-12-10,Standard,2419.57
5597,Karina Hess,skinnerjenny@example.org,Peru,2021-08-06,Standard,2358.64
5598,Anthony Romero,herbertbrown@example.com,Maldives,2026-04-22,Premium,15259.92
5599,Cynthia Stewart,xrobertson@example.net,Bolivia,2021-12-15,Basic,1152.03
5600,Harry Rodriguez,solisteresa@example.net,Trinidad and Tobago,2022-10-06,Standard,909.64
5601,Alicia Warner,williammartin@example.com,Serbia,2022-04-08,Standard,4121.93
5602,Caleb Owen,melissaglover@example.org,Lithuania,2020-08-25,Basic,402.50
5603,David Walker,francojoanne@example.com,Montserrat,2023-04-11,Standard,4098.25
5604,Margaret Jimenez,johnreed@example.org,Djibouti,2021-02-18,Basic,168.87
5605,Christopher Miller,melissa97@example.net,Italy,2022-09-20,Standard,1920.54
5606,Mrs. Angela Cruz MD,butlerbradley@example.org,Western Sahara,2023-09-06,Basic,740.05
5607,Adam Franco,ureynolds@example.net,North Macedonia,2020-09-14,Basic,461.13
5608,Jasmine Clayton,darrenhorton@example.net,Grenada,2022-04-01,Basic,859.43
5609,Ashley Nelson,sweaver@example.net,Greece,2020-04-16,Basic,623.18
5610,Justin Wilkinson,william99@example.com,Guinea-Bissau,2020-03-06,Standard,1424.68
5611,Lauren Moss,staylor@example.com,Tajikistan,2021-10-22,Standard,4026.80
5612,Amy Burns,victoria17@example.com,Isle of Man,2020-12-22,Basic,1343.20
5613,Aaron Baker,snguyen@example.com,Eritrea,2021-07-15,Basic,649.78
5614,Heidi Collins,yatesjocelyn@example.org,Ghana,2022-01-11,Standard,2154.61
5615,Nicole Ferguson,uevans@example.org,Turks and Caicos Islands,2020-11-23,Basic,770.22
5616,Alexander Allen,alvarezangela@example.org,Belarus,2023-09-23,Basic,831.31
5617,Courtney Kim,hpeterson@example.org,Nicaragua,2021-07-31,Standard,1644.29
5618,Dr. Casey Waters,xrojas@example.com,Syrian Arab Republic,2021-06-05,Standard,997.67
5619,Christopher Stewart,moranmelissa@example.net,Cote d'Ivoire,2021-01-03,Basic,901.80
5620,Dwayne Taylor,theresafoley@example.org,Aruba,2021-10-30,Premium,16149.09
5621,Linda Reed,rwilliams@example.org,Togo,2022-12-16,Premium,6067.47
5622,Kyle Middleton,nhurley@example.org,Zimbabwe,2022-11-10,Standard,1190.46
5623,Aaron Peterson,tammystevens@example.com,Pitcairn Islands,2022-06-25,Basic,392.72
5624,Rachel Montes,erikmiller@example.net,Fiji,2026-03-08,Basic,376.42
5625,Jaclyn Garcia,hawkinsmichael@example.net,Mongolia,2025-04-29,Basic,1280.87
5626,Valerie Barnett,barrlauren@example.net,Niger,2024-09-11,Basic,501.75
5627,Kathleen Oneal,justindeleon@example.org,Isle of Man,2021-10-19,Premium,24856.83
5628,Thomas Mcgee,matthew43@example.org,Finland,2021-09-12,Standard,2251.41
5629,Brett Larson,colleennelson@example.net,Peru,2023-10-02,Standard,4531.51
5630,Charles Rowe,glennchloe@example.org,Pitcairn Islands,2026-04-12,Basic,652.35
5631,Courtney Bennett,denniswong@example.org,Palestinian Territory,2024-12-05,Premium,2638.61
5632,Kathleen Yu,jonathan83@example.net,Saint Pierre and Miquelon,2023-06-07,Basic,672.46
5633,Dr. Bradley Stein,tyler89@example.com,Vietnam,2020-03-10,Basic,157.76
5634,Charles York,thomasmartin@example.com,French Guiana,2023-12-29,Standard,3572.31
5635,Zachary Alexander,kellylisa@example.net,Cote d'Ivoire,2024-05-02,Standard,564.32
5636,Krystal Snyder,daniel65@example.org,Venezuela,2020-07-26,Basic,1493.18
5637,Amy Hill,waltonsteven@example.com,Bahamas,2020-09-16,Standard,2140.57
5638,Courtney Price,megan51@example.org,Antigua and Barbuda,2020-10-11,Standard,2051.85
5639,Jason Medina,pcallahan@example.net,Slovakia (Slovak Republic),2020-02-17,Standard,2045.36
5640,Marvin Dunn,ymata@example.org,Samoa,2026-03-13,Standard,1478.49
5641,Theodore Shaw,dperez@example.org,Botswana,2024-08-12,Basic,1436.62
5642,Kimberly Lee,toniwells@example.org,Greenland,2021-02-27,Standard,1590.35
5643,Kyle Boyd,manningjamie@example.net,Benin,2025-06-29,Basic,867.84
5644,David Johnson,reyesshawn@example.com,Moldova,2020-05-08,Standard,2399.21
5645,Gregory Shields,barbaranguyen@example.com,Guadeloupe,2024-10-22,Premium,9238.16
5646,Megan Snyder,lisareynolds@example.org,French Southern Territories,2026-05-07,Basic,684.31
5647,Tiffany Brown,wmorgan@example.net,Uzbekistan,2022-06-19,Standard,978.84
5648,Roy Harris,vanessascott@example.com,Korea,2025-09-05,Basic,1181.98
5649,Beth Ortiz,fprice@example.com,Norway,2025-10-08,Basic,279.08
5650,Robert Carney,sheila24@example.net,Saudi Arabia,2022-12-06,Basic,297.58
5651,Kyle Simmons,michaelmunoz@example.net,Austria,2021-02-18,Basic,848.61
5652,Bradley Wilkinson,pwilliams@example.org,French Guiana,2022-07-01,Basic,825.08
5653,Lisa Gaines,cesarpatterson@example.org,Guernsey,2025-08-29,Basic,1432.89
5654,Stephen Knight,jacob11@example.net,Northern Mariana Islands,2022-07-12,Basic,1345.32
5655,Diana White,davisandrew@example.net,Eritrea,2024-11-12,Basic,717.06
5656,Lisa Mccormick,bmonroe@example.net,Spain,2021-06-03,Basic,1301.39
5657,Nathan Wood,valerie36@example.com,Gibraltar,2023-05-29,Premium,5243.01
5658,Jacqueline Austin,wgreen@example.net,French Guiana,2021-10-01,Standard,2670.36
5659,Maria Brown,jason82@example.com,Greece,2026-02-19,Basic,265.36
5660,William Mercado,bryan78@example.net,Tunisia,2022-09-08,Basic,572.17
5661,Tammy Hines,brianhunt@example.com,Marshall Islands,2022-11-14,Standard,1394.43
5662,Tracey Boyd,nathan19@example.org,Philippines,2020-01-14,Standard,3155.69
5663,Drew Olson,stevenjackson@example.com,United Arab Emirates,2026-01-10,Standard,857.26
5664,Misty Chandler,miranda63@example.com,Barbados,2020-09-13,Basic,462.53
5665,Katelyn Chavez,james20@example.net,Saint Barthelemy,2025-05-02,Standard,779.79
5666,Michael Smith,larry64@example.org,Nigeria,2021-08-20,Basic,1092.34
5667,Justin Booker,chad03@example.com,Lithuania,2026-05-17,Basic,1461.65
5668,Jasmine Norman,ericblair@example.net,Malta,2022-03-08,Standard,1911.58
5669,Benjamin Davis,wallnicole@example.org,Zambia,2025-12-09,Basic,1009.60
5670,Joe Rice,lbass@example.org,Micronesia,2024-09-14,Standard,2755.45
5671,Cynthia Robinson,villegaslaurie@example.org,Kiribati,2023-02-05,Basic,503.39
5672,Eric House,williamstara@example.net,New Caledonia,2022-04-18,Basic,817.06
5673,Julie Williams,gbrown@example.org,Bulgaria,2026-01-26,Basic,413.75
5674,Rachel James,stephensnicholas@example.org,Malta,2022-06-19,Standard,3368.84
5675,Rita Williams,bbrown@example.org,Albania,2026-01-22,Basic,649.68
5676,Brandi Wilson,ncastro@example.net,Armenia,2026-02-12,Standard,4810.53
5677,Amanda Livingston,juarezpatricia@example.org,Saint Martin,2022-02-13,Standard,1643.69
5678,Derrick Chapman,pattonruth@example.com,Nicaragua,2022-07-09,Standard,1944.54
5679,Austin Roberson,campbellkevin@example.org,Somalia,2023-06-13,Basic,1105.79
5680,Jessica Huff,juliacox@example.net,Hong Kong,2025-05-06,Standard,1133.41
5681,Wayne Lawrence,william61@example.com,Kiribati,2021-09-17,Premium,9076.35
5682,Shannon Smith,lisaking@example.com,Solomon Islands,2020-12-20,Basic,822.87
5683,Gabriel Stanton,sandra21@example.net,Panama,2025-06-03,Premium,6529.76
5684,Gabriel Lloyd,riverasteven@example.com,Niger,2026-06-02,Basic,575.03
5685,William Jackson,tanyacurtis@example.org,Italy,2025-07-28,Premium,6763.17
5686,Cassie Wilson,ssoto@example.net,Kenya,2021-06-07,Basic,761.05
5687,Michael Lee,moorerichard@example.net,Costa Rica,2023-04-24,Standard,996.27
5688,Alexis Rodriguez,ucole@example.com,Fiji,2024-02-05,Standard,4747.96
5689,Cassandra Reese,porterjames@example.org,Aruba,2022-01-16,Standard,2338.33
5690,Lisa Hall,cbutler@example.com,China,2026-02-17,Standard,2016.62
5691,Christopher Conner,tdougherty@example.net,Netherlands Antilles,2023-10-11,Basic,1102.13
5692,Mrs. Rebecca Vasquez,mevans@example.com,Tonga,2020-06-19,Standard,2678.08
5693,Erica Shaw,jessica65@example.com,Kyrgyz Republic,2021-09-16,Basic,1062.85
5694,Michael Mccullough,mrodriguez@example.com,Chad,2024-10-08,Premium,18983.30
5695,Christy Kirby,jcarrillo@example.org,Sri Lanka,2023-02-05,Basic,243.74
5696,Tyler Scott,david49@example.com,Japan,2023-02-12,Premium,12092.23
5697,Donald Brown,cortezeric@example.org,Thailand,2024-07-31,Basic,357.21
5698,Gabriel Rosales,michael38@example.net,China,2021-12-30,Standard,629.48
5699,William Torres,jennifer35@example.com,Israel,2026-07-18,Basic,103.46
5700,Casey Juarez,xcabrera@example.com,Paraguay,2023-06-05,Basic,543.96
5701,Madison Beck,maureenmendez@example.org,Bouvet Island (Bouvetoya),2022-06-15,Basic,1370.12
5702,Julie Sanders,mcculloughemily@example.com,Algeria,2021-05-05,Basic,1395.00
5703,Brandon Schaefer,kaitlyn81@example.net,Hong Kong,2020-08-29,Standard,1133.14
5704,Hayden Lynch,anawilson@example.net,Kyrgyz Republic,2025-07-29,Standard,1608.88
5705,Gail Ray,bennettrachel@example.com,Turkmenistan,2025-10-28,Basic,1101.79
5706,Stephen Wilkins,davidlang@example.org,Argentina,2024-03-29,Basic,863.09
5707,Sandra Brown,kenneth00@example.org,Kuwait,2024-05-12,Basic,1196.92
5708,Adrian Brooks,jknight@example.com,Norway,2023-04-01,Standard,4660.65
5709,Adam Chen,patrickgonzalez@example.org,Tunisia,2022-10-01,Basic,844.43
5710,Norman Neal,millerjohn@example.net,Bahamas,2022-08-14,Basic,174.63
5711,Kyle Hancock,rriddle@example.org,Ethiopia,2023-01-20,Basic,741.27
5712,Jessica Woodard,brittanyjohnson@example.com,Paraguay,2025-08-29,Basic,843.87
5713,James Rodriguez,williamharris@example.net,Madagascar,2026-08-15,Premium,3023.22
5714,Jonathan Erickson,hannahbarber@example.com,United States of America,2025-10-21,Basic,501.32
5715,Joseph Douglas,john94@example.com,Turkey,2022-01-25,Basic,930.36
5716,Tiffany Washington,denisecook@example.net,Kuwait,2022-03-27,Standard,3595.27
5717,Leah White,matthew40@example.net,Pakistan,2026-01-27,Basic,190.45
5718,Alex Rodriguez,wwilson@example.com,Kiribati,2026-03-29,Basic,247.09
5719,Jacqueline Knight,griffithscott@example.net,Mayotte,2023-07-04,Premium,6762.61
5720,Vanessa Jordan,melissalewis@example.net,Guadeloupe,2022-07-13,Basic,135.15
5721,Monica Smith,destinyrojas@example.org,Nepal,2025-05-01,Basic,176.90
5722,Sharon Wood,shawnshort@example.net,San Marino,2022-03-24,Basic,320.96
5723,Ian Collins,hroman@example.org,Bhutan,2021-06-14,Basic,595.93
5724,Jeremy Martinez,elizabethdiaz@example.org,Isle of Man,2024-11-29,Basic,730.28
5725,Justin Thompson,christopher69@example.com,Georgia,2020-12-11,Standard,1105.09
5726,Joshua Jones DVM,mariosutton@example.net,Cuba,2021-06-19,Basic,1472.10
5727,Kayla Silva,sloankrista@example.com,Mauritania,2022-04-27,Basic,965.28
5728,Carrie Hamilton,blewis@example.com,Congo,2025-12-19,Standard,4365.64
5729,Caleb Miller,aarongreene@example.org,Venezuela,2024-06-24,Basic,435.04
5730,Mary Padilla,eric77@example.com,Bosnia and Herzegovina,2023-08-28,Basic,1480.50
5731,Jeremiah Taylor,vcallahan@example.com,Argentina,2022-02-03,Standard,4506.61
5732,Kevin Sutton,wendypayne@example.net,Indonesia,2025-07-03,Basic,776.23
5733,Denise Miller,lorraine33@example.org,Seychelles,2023-06-13,Standard,874.25
5734,James Walsh,larry02@example.com,San Marino,2026-01-09,Basic,817.43
5735,Andrew Moran,baldwinkaren@example.com,Egypt,2025-08-11,Basic,1142.64
5736,Nancy Pierce,duanehopkins@example.com,Svalbard & Jan Mayen Islands,2021-02-16,Basic,935.70
5737,Michael Brown,pnavarro@example.net,Malaysia,2022-05-10,Standard,1539.61
5738,Michael Dixon,stephanie43@example.org,Albania,2026-05-10,Premium,20619.78
5739,George Lowe,erojas@example.com,British Virgin Islands,2023-02-02,Basic,406.93
5740,Jason Randall,mindy83@example.org,Iran,2024-04-24,Standard,2978.51
5741,Stacey Walker,janicegonzalez@example.com,Korea,2021-08-17,Premium,8295.75
5742,Jonathan James,chavezbrian@example.com,Angola,2024-11-20,Standard,2298.05
5743,Jessica Williams MD,andrew52@example.com,Belgium,2023-01-14,Basic,1255.11
5744,Luis Watson,derekhines@example.com,Luxembourg,2026-04-24,Basic,131.74
5745,Michael Brown,alexis43@example.net,Jordan,2021-10-21,Basic,351.28
5746,Christine Aguilar,awilliams@example.org,Micronesia,2023-06-19,Premium,11998.47
5747,Steven Freeman,hchen@example.net,British Virgin Islands,2024-05-23,Premium,3663.62
5748,Lauren Davidson,gmiller@example.net,Nauru,2023-12-11,Basic,1239.18
5749,Ryan Rodriguez,ihutchinson@example.org,Isle of Man,2023-10-31,Basic,609.48
5750,Joseph Jones,stephen01@example.net,Antigua and Barbuda,2022-03-19,Basic,145.08
5751,Jeffrey Wilkinson,davidanderson@example.net,Slovenia,2026-06-04,Basic,1441.10
5752,Joseph Walker,meadowsvalerie@example.com,Tunisia,2020-07-29,Standard,859.28
5753,Angela Vaughan,chrismiller@example.net,Seychelles,2022-11-27,Premium,4747.44
5754,Laura Wilson,devin76@example.org,Slovenia,2025-05-08,Standard,3191.13
5755,David Vasquez,bryan82@example.com,Jordan,2025-05-02,Basic,1296.81
5756,Raymond Rodriguez,caitlynbryant@example.com,Bhutan,2025-01-05,Standard,3120.90
5757,Michael Gutierrez,oneillvalerie@example.org,France,2025-02-08,Basic,736.17
5758,Allison Harris,esmith@example.com,Nauru,2020-10-22,Premium,21162.54
5759,Kathy Nguyen,debbie46@example.net,Germany,2022-10-07,Standard,749.60
5760,Charles Robertson,jrobinson@example.net,Christmas Island,2022-01-10,Standard,2504.47
5761,Gary Nguyen,rmullen@example.org,United Arab Emirates,2020-09-14,Basic,133.32
5762,Randy Peterson,kyleortega@example.com,Austria,2025-03-08,Standard,1152.22
5763,Erica Barnes,onorris@example.net,Liechtenstein,2023-08-19,Standard,1198.46
5764,Stephen Miller,christopher53@example.net,Spain,2025-04-02,Basic,946.55
5765,Stephanie Bowman,michelle10@example.com,Heard Island and McDonald Islands,2023-06-14,Basic,1371.02
5766,Brandy Cross,yfisher@example.com,Italy,2025-03-02,Standard,3804.12
5767,Patricia Mcdowell,pwelch@example.net,Djibouti,2025-02-01,Standard,3667.12
5768,Scott Tucker,larry10@example.net,Ukraine,2021-06-04,Premium,19895.61
5769,Christina Harrison,currykathleen@example.net,Colombia,2026-08-08,Standard,742.14
5770,Adam Lambert,austin35@example.net,Saudi Arabia,2026-07-25,Basic,300.07
5771,Michael Calhoun,ugonzalez@example.org,Suriname,2023-05-27,Premium,5053.67
5772,Bobby Smith,bfoster@example.net,Guyana,2026-05-21,Standard,4437.14
5773,Tara Wells,pmoran@example.net,Lao People's Democratic Republic,2020-08-22,Premium,8798.63
5774,Elizabeth Nash,wharvey@example.com,Reunion,2023-07-02,Basic,632.47
5775,Eduardo George,mlowery@example.com,Israel,2023-11-13,Basic,320.96
5776,Amy Bennett,laurenfowler@example.net,Spain,2020-06-11,Standard,2158.62
5777,Scott Estes,stacygill@example.net,Maldives,2022-05-11,Basic,89.10
5778,Scott Weaver,dustin03@example.org,Western Sahara,2026-05-28,Basic,1056.45
5779,Amy Perez,humphreyruth@example.com,Bhutan,2022-07-25,Basic,1312.87
5780,Amanda Ramos,gbrooks@example.org,Cuba,2020-08-22,Basic,1170.75
5781,Diane Brooks,tbrown@example.net,Sao Tome and Principe,2022-03-30,Basic,1370.11
5782,Andrea Johnson,kristin92@example.net,Nauru,2023-10-16,Standard,2804.53
5783,Evan Boyd,zdaniels@example.org,Cambodia,2023-03-07,Standard,1953.39
5784,Jennifer Bennett,dodsonshelby@example.org,Grenada,2024-08-15,Basic,289.98
5785,Paul Kaiser,vanessamartinez@example.net,Congo,2021-12-30,Basic,469.46
5786,Lori Sutton,angela99@example.net,Tonga,2026-03-21,Basic,214.11
5787,Andrea Berg,johnsonkatie@example.net,Uzbekistan,2022-05-31,Standard,1584.83
5788,Richard Dillon,dalton70@example.org,Iraq,2020-04-13,Basic,459.19
5789,David Henry,jeffharris@example.net,Canada,2024-10-07,Basic,1394.89
5790,Mark Martinez,zpitts@example.org,Tanzania,2022-01-26,Premium,7310.78
5791,Dr. Larry Ho,jessica92@example.org,Antigua and Barbuda,2020-06-30,Premium,9050.13
5792,Jon Adams DDS,ericksonpatricia@example.com,Seychelles,2025-06-05,Basic,1276.33
5793,Timothy Sutton,oyoung@example.org,Falkland Islands (Malvinas),2022-03-30,Basic,1420.47
5794,Molly Hill,nvelasquez@example.com,Qatar,2024-07-29,Standard,916.47
5795,Anna Sanders,timothyhill@example.com,Austria,2024-04-14,Basic,909.43
5796,Michael Winters,bmaxwell@example.org,Syrian Arab Republic,2026-08-01,Standard,519.93
5797,Jessica Watson,rford@example.com,British Virgin Islands,2025-02-15,Standard,1626.21
5798,Laura Lee,vasquezjennifer@example.com,Afghanistan,2021-03-08,Basic,93.41
5799,Katherine Smith,georgegonzales@example.com,Singapore,2024-06-06,Basic,68.42
5800,George Ramos,stacy00@example.org,New Caledonia,2021-01-25,Standard,3602.20
5801,Nicole Fisher,rodney59@example.com,Saint Pierre and Miquelon,2023-08-18,Basic,1458.81
5802,Savannah Perry,carolyn87@example.net,Faroe Islands,2023-12-21,Basic,360.00
5803,Christopher Clark,garretttran@example.com,Macao,2024-01-03,Basic,1026.77
5804,Christine Richardson,yschmidt@example.com,Greece,2023-02-18,Premium,11463.59
5805,Jasmine Nguyen,carpenterjorge@example.com,France,2023-03-22,Basic,1305.64
5806,Ashley Anderson,michaelstevens@example.org,Eritrea,2021-05-13,Basic,1062.26
5807,James Goodwin,jessica09@example.com,Taiwan,2020-07-03,Standard,1617.22
5808,Patrick Newman,coreycarrillo@example.org,Palestinian Territory,2026-01-11,Premium,7005.57
5809,Charles Sandoval,agonzales@example.org,Moldova,2026-05-15,Basic,917.17
5810,Kathryn Olson,browndrew@example.com,Malta,2021-01-05,Basic,1446.14
5811,Megan Patterson,fullerdiana@example.org,Netherlands Antilles,2025-02-21,Basic,1167.80
5812,John Sanchez,katelynsalazar@example.org,Ecuador,2024-01-05,Basic,733.96
5813,Kelsey Fuentes,andreahogan@example.net,Mozambique,2023-05-13,Standard,4707.25
5814,Jose Moyer,angelacortez@example.net,Bosnia and Herzegovina,2025-04-06,Standard,873.37
5815,Christopher Thomas,benjamin99@example.org,Lesotho,2026-01-23,Basic,1358.87
5816,Nicholas Ward Jr.,bennettzachary@example.net,Iraq,2023-08-14,Standard,1638.80
5817,Daniel Roberts,brian67@example.org,Saint Helena,2020-03-15,Basic,704.76
5818,Jessica Nichols,colescott@example.net,Kenya,2021-01-10,Standard,767.21
5819,Jennifer Ramos,jacquelineolson@example.net,Bangladesh,2025-05-14,Standard,3472.74
5820,Matthew Kim,ymason@example.net,Ukraine,2026-07-18,Standard,4766.78
5821,Isaiah Holt,brad62@example.com,Burundi,2023-10-14,Basic,1111.30
5822,David Hernandez,yjimenez@example.com,Botswana,2022-08-01,Premium,18806.89
5823,Larry Mendez,fwebster@example.org,Cambodia,2023-07-07,Premium,15991.73
5824,David Diaz,dwhite@example.com,Thailand,2023-11-11,Basic,490.42
5825,Karen Hernandez,hguerrero@example.com,Antigua and Barbuda,2021-05-10,Basic,563.86
5826,Timothy Mann,williamjoseph@example.com,Malta,2020-01-28,Basic,402.71
5827,Alyssa Howell,rhamilton@example.net,Montenegro,2025-02-26,Standard,3018.70
5828,Debra Salinas,hannah51@example.com,Nicaragua,2021-01-26,Standard,4670.58
5829,Julie Walker,obrooks@example.com,Zambia,2020-03-10,Premium,13003.80
5830,James Carter,dgarcia@example.com,Luxembourg,2025-04-16,Basic,491.78
5831,Makayla Bryant,eugenewolfe@example.com,Trinidad and Tobago,2024-10-20,Standard,1970.26
5832,Angela Branch,joeljohnson@example.org,Luxembourg,2026-01-15,Premium,5860.80
5833,Jack Brown,zkirby@example.net,Latvia,2020-01-28,Basic,332.51
5834,Melissa Sanchez,princedaniel@example.com,Dominican Republic,2025-01-31,Basic,819.59
5835,Kristopher Smith,eblack@example.org,Senegal,2025-10-18,Basic,546.93
5836,Glenn Smith,powellmichele@example.net,Poland,2026-05-14,Premium,21943.98
5837,Joseph Ho,michelleenglish@example.org,Tonga,2020-07-15,Basic,1444.27
5838,Fernando Acevedo,ian22@example.org,Gabon,2020-12-15,Standard,2141.41
5839,Lisa Ramirez,lopezlaurie@example.net,Morocco,2024-12-11,Basic,1275.18
5840,Jeremy Elliott,jasonwilliams@example.net,Belgium,2022-06-27,Standard,2311.32
5841,Laurie Williams,baileydonna@example.com,Netherlands Antilles,2022-02-09,Basic,198.94
5842,Ryan Short,robertrodriguez@example.org,Sri Lanka,2022-06-16,Basic,273.91
5843,Doris Bush,brownmaria@example.org,Poland,2020-12-06,Premium,7399.01
5844,Crystal Moreno,hilldavid@example.com,Tuvalu,2022-07-02,Basic,964.21
5845,Lindsey Carpenter,ktaylor@example.org,Albania,2026-08-26,Basic,978.15
5846,Dustin Ward,shawbrandon@example.com,Tonga,2025-03-13,Basic,676.88
5847,Natasha Duncan,denisebrown@example.net,Saint Lucia,2020-05-06,Basic,962.43
5848,Kelsey Fisher,christina81@example.net,Faroe Islands,2023-08-21,Basic,173.25
5849,Shane Stephens,tgomez@example.com,Bangladesh,2021-10-24,Standard,4174.22
5850,Jonathan Richard,mcdanielnathan@example.net,Kuwait,2024-02-21,Basic,132.78
5851,George James,anthonyhartman@example.net,Australia,2022-01-14,Basic,749.85
5852,Adam Wong,joseph61@example.com,Algeria,2025-07-19,Premium,19766.51
5853,Steve Deleon,sallywilliams@example.com,Niue,2025-09-19,Premium,11048.40
5854,Russell Mathis,anthony59@example.org,Syrian Arab Republic,2022-06-30,Basic,1408.66
5855,Jaime Ellis,todd93@example.com,Montserrat,2023-05-28,Basic,459.26
5856,Brendan Guzman,dadams@example.org,Turkey,2024-08-27,Basic,802.98
5857,Michele Nguyen,christophergibbs@example.net,Saint Martin,2023-10-10,Premium,24382.50
5858,Ryan Vargas,taylorroberto@example.com,Luxembourg,2026-03-05,Basic,1253.28
5859,Sheila Lopez,garygarcia@example.net,Mozambique,2020-06-22,Basic,889.16
5860,Jason Nunez,toddlee@example.net,Venezuela,2020-04-29,Basic,274.81
5861,Tiffany Mccormick,salazartonya@example.org,Bolivia,2023-09-04,Standard,4875.02
5862,Christopher Henry,clarkpaul@example.org,Saint Pierre and Miquelon,2026-08-19,Standard,1882.41
5863,Deborah Hernandez,robert68@example.com,Isle of Man,2025-11-14,Standard,2575.73
5864,Matthew Cook,johnsonjennifer@example.net,Morocco,2025-01-22,Basic,429.00
5865,Melissa Lewis,murphymarilyn@example.org,United States Minor Outlying Islands,2024-05-17,Standard,1559.58
5866,Daniel Stephens,shawn18@example.net,Australia,2020-08-12,Basic,191.58
5867,Vincent Marquez,christine14@example.net,Mali,2026-05-26,Premium,16564.58
5868,Michael Cameron,friedmanjoseph@example.com,Bermuda,2025-10-19,Basic,753.04
5869,Glenda Rodriguez,johnsonmikayla@example.com,Uruguay,2025-11-30,Standard,1879.84
5870,Susan Myers,kelly55@example.org,Singapore,2022-06-02,Basic,852.63
5871,Colleen Velazquez,xcoleman@example.net,Niger,2025-10-25,Standard,1323.66
5872,Amber Bates,juan23@example.net,Bosnia and Herzegovina,2025-12-02,Standard,3573.84
5873,James Compton,christina18@example.net,India,2025-07-22,Standard,1147.77
5874,Christopher Black,vrobinson@example.net,Wallis and Futuna,2020-08-23,Basic,1482.55
5875,Daniel Miller,christopher31@example.net,Congo,2020-05-25,Standard,522.12
5876,Brian Wallace,martinwilliam@example.com,Comoros,2022-04-19,Standard,4890.57
5877,Ronald Kramer,ljackson@example.org,Sierra Leone,2021-12-23,Basic,832.62
5878,Ashley Gallagher,,Moldova,2024-02-17,Basic,890.27
5879,Joseph Peterson,doris13@example.net,Romania,2021-01-25,Basic,105.50
5880,Melanie Torres,rparker@example.org,Tonga,2024-12-31,Standard,540.21
5881,Brittany Fuller,reesemichael@example.com,Kazakhstan,2023-01-02,Basic,332.93
5882,Sarah Cruz,joycebaker@example.com,British Virgin Islands,2023-03-25,Premium,13212.92
5883,Eugene Cook,richardsstacy@example.org,French Guiana,2020-07-28,Standard,813.56
5884,Kayla Reynolds,amy01@example.com,Tanzania,2020-09-10,Basic,1043.63
5885,Amber Collier,hking@example.com,Gambia,2025-02-22,Basic,451.36
5886,Mrs. Toni Cameron MD,patrick14@example.com,Wallis and Futuna,2022-03-02,Premium,11580.27
5887,Tony Chaney,nicole33@example.com,Jamaica,2024-06-24,Basic,258.14
5888,Adrienne Harvey,josephsoto@example.net,Bangladesh,2025-12-17,Premium,22419.28
5889,Brian Brooks,sandovalkerry@example.com,Bosnia and Herzegovina,2020-02-07,Basic,696.54
5890,Douglas Vincent,mark38@example.com,Togo,2022-01-27,Premium,5028.00
5891,Tina Owens,esimmons@example.net,Australia,2021-06-01,Standard,4941.55
5892,Joseph Dyer,tcarey@example.net,Burundi,2023-07-24,Standard,1827.17
5893,Veronica Pearson,morrowcassandra@example.com,Vanuatu,2025-09-15,Standard,2936.43
5894,Timothy Hill,aaron00@example.com,Paraguay,2020-02-12,Basic,176.00
5895,Nathaniel Craig,huntmary@example.com,Djibouti,2020-01-07,Basic,1489.69
5896,Johnny Holloway,jennifertaylor@example.com,Cocos (Keeling) Islands,2021-05-27,Standard,2536.44
5897,Courtney Simmons,brian32@example.net,Hungary,2021-02-08,Premium,21194.06
5898,Anthony Marshall,jason22@example.com,Saudi Arabia,2025-12-05,Basic,1300.04
5899,Debbie Harris,michelle97@example.org,Seychelles,2025-06-27,Standard,4629.60
5900,Cory Barrett,aphillips@example.org,North Macedonia,2022-01-12,Basic,794.77
5901,Alexander Hoffman,qmoore@example.org,Reunion,2022-07-12,Standard,1309.44
5902,Michael Wilson,ycarter@example.org,New Caledonia,2022-02-02,Basic,990.54
5903,Curtis Richardson,jennifer25@example.com,Turks and Caicos Islands,2024-02-03,Basic,698.58
5904,Andrew Martinez,garymeyer@example.org,Guyana,2025-07-02,Premium,11037.69
5905,Lisa Medina,sandra45@example.net,Mongolia,2025-08-30,Standard,4486.77
5906,Martin Ramirez,mmorris@example.com,Nigeria,2021-02-10,Standard,2267.23
5907,Jacob Garcia,wanda38@example.org,Japan,2022-12-18,Basic,197.92
5908,Raymond Brown,mosschristian@example.org,Niue,2023-04-07,Basic,1013.76
5909,Philip Graves,nkelly@example.net,Singapore,2020-06-22,Standard,2517.94
5910,Benjamin Mitchell,makaylarogers@example.net,Singapore,2024-07-11,Premium,14376.11
5911,Jordan Elliott,christineblackwell@example.org,Monaco,2025-01-16,Standard,2298.90
5912,Jacob Mitchell,hansonjames@example.com,Portugal,2024-08-12,Premium,5493.35
5913,Carrie Brown,henryerin@example.com,Somalia,2021-08-28,Standard,4929.96
5914,Alisha Hartman,teresascott@example.org,Guinea-Bissau,2022-07-12,Standard,3726.61
5915,Steven Smith,beckchase@example.org,Svalbard & Jan Mayen Islands,2023-03-02,Basic,835.14
5916,Brian Taylor,susan12@example.org,Tokelau,2020-02-19,Standard,2314.03
5917,Courtney Lee,rhonda14@example.org,Vietnam,2025-05-30,Standard,1893.36
5918,Lori Gutierrez,danielbaker@example.org,United States of America,2021-02-03,Standard,944.29
5919,Andrew Morris,cfreeman@example.com,Mexico,2023-02-28,Standard,1264.01
5920,Ronald Miller,fowlerkathleen@example.org,Cote d'Ivoire,2023-04-30,Premium,8619.94
5921,Charlotte Escobar,wlee@example.com,Israel,2021-03-10,Standard,1319.58
5922,Corey Hughes,christopherwalter@example.com,Kenya,2024-01-24,Standard,2759.15
5923,Christopher Warner,gomezmatthew@example.org,Korea,2020-07-20,Standard,4705.39
5924,Monica Kim,crystalsmith@example.org,Turkey,2026-06-08,Basic,98.14
5925,Alex Lowe,,Martinique,2021-06-07,Basic,262.77
5926,Angela Ramsey,olsonann@example.com,Wallis and Futuna,2022-11-20,Premium,2933.86
5927,Kenneth Knight,lutzwhitney@example.org,Tuvalu,2023-10-15,Standard,4070.43
5928,Kristina Meyers,hnelson@example.org,Dominica,2025-12-14,Premium,18122.56
5929,Michael Smith,keithcox@example.org,Lithuania,2026-05-30,Basic,1205.11
5930,Philip Escobar,nclark@example.org,Chad,2025-08-23,Standard,3272.82
5931,Jonathan Briggs,bortiz@example.net,Jersey,2025-11-08,Standard,688.72
5932,Jackie Ryan,jason16@example.org,United States Minor Outlying Islands,2025-05-21,Premium,17922.41
5933,Melissa Gomez,torreschristina@example.com,Costa Rica,2020-06-11,Basic,527.17
5934,Morgan Cohen,kaitlyn10@example.com,Guinea,2025-03-28,Basic,481.53
5935,Andrew Harris,murillokendra@example.com,Greenland,2022-12-03,Premium,4454.90
5936,Thomas Gardner,amy97@example.net,Comoros,2023-10-25,Premium,21302.09
5937,Elizabeth Scott,jacobgreen@example.com,Seychelles,2026-07-31,Basic,227.26
5938,Caroline Mann,iwilliams@example.net,Senegal,2022-03-21,Standard,2989.18
5939,Kayla Arnold,brandon99@example.net,Brazil,2020-01-12,Premium,5153.49
5940,Elizabeth Garcia,howardbrian@example.com,American Samoa,2022-02-09,Standard,4968.87
5941,Megan Mendoza,jennifer96@example.org,Slovenia,2024-06-05,Basic,802.24
5942,Clayton Lara,shannon54@example.net,Cyprus,2022-10-04,Premium,6155.66
5943,Cassandra Peterson,ssmith@example.org,El Salvador,2024-08-27,Standard,2481.35
5944,Jody Zimmerman,,Reunion,2020-03-04,Basic,744.44
5945,Jennifer Curtis,shannonli@example.com,Macao,2025-06-22,Standard,1697.34
5946,Brent Holland,martinkristopher@example.com,Iceland,2025-09-12,Basic,952.99
5947,Christopher Wang,jacobstracy@example.org,Algeria,2020-10-25,Basic,184.03
5948,Laurie Smith,wcraig@example.org,Switzerland,2024-01-18,Premium,15701.29
5949,Billy Harrison,joegonzales@example.org,Paraguay,2025-07-12,Basic,1284.98
5950,Cynthia George,schmidtbrett@example.net,Dominica,2025-08-17,Standard,2523.68
5951,Gregory Murray,,Argentina,2023-02-11,Basic,212.74
5952,David Johnson,saralopez@example.com,Morocco,2024-07-22,Basic,367.40
5953,Jeremy King,leerebecca@example.org,Uzbekistan,2026-01-27,Standard,530.19
5954,Jason Perez,valerie42@example.org,Isle of Man,2020-09-01,Premium,15562.16
5955,Jacob Ware,watkinsmartha@example.org,Costa Rica,2024-05-13,Basic,226.42
5956,Emily Carroll,charlesnicholson@example.net,Guam,2024-04-09,Standard,1655.49
5957,Jamie Crawford,richardbarnes@example.net,Congo,2021-04-21,Standard,630.30
5958,Elizabeth Jackson,jasonkeith@example.net,Cuba,2022-03-10,Standard,679.94
5959,Erica Lopez,kfarmer@example.org,Rwanda,2025-07-12,Basic,1149.09
5960,Heather Kim,andrea35@example.org,British Indian Ocean Territory (Chagos Archipelago),2021-09-13,Basic,367.82
5961,William Hughes Jr.,jroberts@example.org,Vanuatu,2024-06-14,Standard,1315.92
5962,Margaret Morris,moorejose@example.com,Macao,2024-08-09,Standard,892.96
5963,Jodi Cook,rossdonald@example.net,Angola,2021-05-11,Premium,7182.63
5964,Laura King,lowedavid@example.net,Niue,2026-05-19,Premium,17799.90
5965,Jennifer Evans,ucantu@example.org,Colombia,2022-08-22,Standard,1868.26
5966,Travis Sutton,james76@example.net,Oman,2026-01-24,Basic,917.83
5967,Dr. John Torres,lsoto@example.com,Nepal,2026-04-14,Standard,2993.06
5968,Abigail French,jamieanderson@example.net,Singapore,2023-06-03,Standard,4527.02
5969,Michelle Avery,gallegosaaron@example.net,Zambia,2023-09-25,Premium,19501.22
5970,Barbara Knight,phillipscarrie@example.net,Bhutan,2022-10-10,Premium,3580.36
5971,Eric Stevens,atapia@example.net,Armenia,2025-09-14,Standard,4267.49
5972,Lauren Nguyen,raymondfuentes@example.net,Turkmenistan,2025-04-19,Basic,1373.02
5973,Jonathan Knight,xjones@example.org,Sao Tome and Principe,2021-03-23,Basic,312.28
5974,Janet Chambers,christina93@example.org,Saint Martin,2020-01-27,Basic,576.22
5975,Kelsey Williams,laura06@example.net,American Samoa,2022-03-31,Basic,1047.42
5976,Sherry Walker,udoyle@example.net,Barbados,2021-04-09,Standard,3120.45
5977,John Johnson,rebeccamarks@example.net,Suriname,2020-07-09,Standard,1457.02
5978,Sandra Park,bensondonald@example.net,Cape Verde,2026-05-21,Premium,6621.33
5979,Christian Gonzalez,johnfitzgerald@example.org,Cyprus,2026-07-14,Basic,1354.40
5980,Megan Jones,bernardcourtney@example.net,Myanmar,2021-06-29,Basic,907.21
5981,Tamara Sanchez,cguzman@example.net,Lao People's Democratic Republic,2023-04-23,Standard,2673.48
5982,Joseph Moore,jsmith@example.net,French Polynesia,2022-08-06,Basic,1474.66
5983,Janet Brennan,tmurphy@example.com,Poland,2021-03-19,Basic,1137.53
5984,Gina Nelson,villanuevaeric@example.org,Hong Kong,2021-09-24,Basic,462.33
5985,Michael Richard,lisa91@example.net,Madagascar,2023-07-07,Basic,972.91
5986,Christopher Lawrence,brownalejandro@example.org,Maldives,2024-09-05,Basic,419.26
5987,Colleen Wilson,rachel98@example.org,Saudi Arabia,2021-10-22,Standard,3899.93
5988,Mackenzie Garza,patriciasmith@example.com,Afghanistan,2026-08-03,Basic,1128.76
5989,Diana Chung,parrishjustin@example.org,Kazakhstan,2026-08-24,Basic,1246.62
5990,Carol Hansen,thomasabigail@example.net,Estonia,2020-08-23,Basic,625.95
5991,Richard Miller,rvargas@example.com,Sudan,2025-01-26,Basic,1451.63
5992,Kelly Fox,tina16@example.org,Bulgaria,2021-03-10,Premium,16317.51
5993,John Werner,timothy41@example.org,Ecuador,2021-08-07,Standard,1683.79
5994,Casey Farrell,carolyn15@example.org,Guyana,2023-03-02,Basic,1169.37
5995,Christine Bell,fyoung@example.net,Barbados,2026-03-13,Standard,4515.83
5996,Douglas Frank,gjenkins@example.com,Sri Lanka,2026-08-11,Premium,14537.81
5997,Carolyn Lozano,sparkscraig@example.org,Tuvalu,2023-03-10,Premium,17933.52
5998,Ashlee Morgan,gina18@example.com,Malta,2021-03-08,Premium,19778.60
5999,Tony Davis,mwilliams@example.net,Heard Island and McDonald Islands,2020-07-16,Basic,206.24
6000,Richard Bonilla,williamsmith@example.com,Australia,2021-08-30,Premium,5940.34
6001,Melissa Rogers,lisaross@example.com,Indonesia,2023-07-31,Basic,858.75
6002,James Aguilar,orice@example.net,Moldova,2020-04-29,Standard,4077.36
6003,Raymond Tyler,gardnermelissa@example.org,Tanzania,2021-10-29,Basic,985.07
6004,Jonathan Villanueva,baileychristopher@example.net,Svalbard & Jan Mayen Islands,2026-05-09,Basic,1455.89
6005,Kara Esparza,lopezzachary@example.org,Cuba,2025-01-28,Basic,585.67
6006,Edward Dixon,crystal14@example.net,Djibouti,2020-10-03,Standard,1858.60
6007,Ellen Bradley,dwayne59@example.com,Cyprus,2020-02-20,Basic,316.75
6008,Nicole Hodges,garzarobert@example.net,Saint Lucia,2021-12-31,Basic,663.57
6009,Ian Brown,montgomerychristopher@example.org,Congo,2024-01-20,Basic,88.26
6010,Jeremy Price,ajones@example.com,Reunion,2024-03-10,Premium,15649.40
6011,Nathaniel Hawkins,melissa48@example.net,United States Minor Outlying Islands,2026-03-10,Basic,1197.68
6012,Amanda Greene,tmartinez@example.net,Uruguay,2020-11-25,Basic,1458.52
6013,Brian Price,omunoz@example.com,Equatorial Guinea,2025-07-18,Basic,92.81
6014,Jacob Thomas,vernon72@example.org,Somalia,2025-12-20,Standard,3351.66
6015,Sarah Santos,thernandez@example.net,Belarus,2021-06-24,Basic,272.53
6016,Tracy Silva,stephanie72@example.org,Bangladesh,2022-09-19,Standard,592.23
6017,Jeffrey Hale,hhenderson@example.com,Ecuador,2025-12-13,Basic,747.52
6018,Michael Leon,meganpalmer@example.com,Saint Lucia,2025-06-10,Standard,3096.91
6019,Amber Brock,xwilliams@example.net,Korea,2024-10-15,Basic,640.89
6020,Caitlin Butler,yali@example.net,Fiji,2020-08-02,Basic,455.73
6021,James Barnes,rogerskendra@example.org,Belize,2020-09-02,Standard,4653.57
6022,Timothy Smith,schwartzconnie@example.net,Congo,2025-06-21,Basic,461.24
6023,Katherine Lawrence,lindahenson@example.org,Guyana,2025-02-03,Standard,3214.32
6024,Gregory Fisher,anthony33@example.com,Tunisia,2024-10-19,Basic,647.35
6025,Kayla Scott,pittmanrobert@example.net,Jersey,2025-06-28,Standard,4461.40
6026,Madison Yang,karenfuentes@example.org,Fiji,2024-06-22,Standard,3748.50
6027,Larry Ortega,nfernandez@example.org,Sweden,2026-05-07,Basic,626.00
6028,April Joseph,rachelstephens@example.org,Algeria,2025-10-10,Basic,344.42
6029,Anthony Burns,tcooper@example.net,Uruguay,2023-10-05,Basic,913.66
6030,Sandra Rodriguez,bobby56@example.com,Saint Pierre and Miquelon,2025-12-11,Basic,341.91
6031,Joanna Freeman,bishopcheryl@example.org,Pitcairn Islands,2020-01-01,Basic,303.22
6032,Kristy Nelson,randalltrevino@example.net,Serbia,2026-02-07,Basic,1437.14
6033,Phillip Tate,hibarra@example.net,Comoros,2023-10-30,Standard,627.06
6034,Theodore Perry,ygraves@example.com,Paraguay,2022-07-13,Basic,1095.52
6035,Joy Fletcher,jacob69@example.net,French Southern Territories,2026-06-08,Standard,1595.31
6036,Melissa Dean,melissa89@example.com,Uzbekistan,2026-03-19,Basic,1297.69
6037,Megan Baker,jonathancollier@example.com,Sao Tome and Principe,2023-08-05,Basic,286.23
6038,Andrew Ferguson,vmorgan@example.org,Gibraltar,2025-06-22,Basic,1007.59
6039,Ryan Ferguson,lramos@example.net,Heard Island and McDonald Islands,2022-11-11,Basic,510.81
6040,Stephen Rodriguez,aliciabrown@example.com,Taiwan,2025-10-01,Standard,720.42
6041,Christopher Garcia,mary84@example.org,Micronesia,2024-10-04,Standard,3425.13
6042,Kimberly Duran,wallslance@example.com,Iceland,2026-07-22,Standard,4296.09
6043,Jeffrey Luna,mary23@example.com,Panama,2021-03-06,Basic,814.49
6044,Crystal Mason,allenlucas@example.com,Georgia,2021-01-30,Premium,17256.62
6045,Regina Wright,marybray@example.org,Tonga,2022-08-22,Premium,9423.70
6046,Tyler Hughes,dgarcia@example.net,Papua New Guinea,2026-02-03,Basic,512.43
6047,Kaitlyn Frederick,nealjennifer@example.net,Norway,2021-04-02,Standard,3203.09
6048,Rebecca Weiss,randy61@example.com,Andorra,2026-03-05,Basic,1304.95
6049,Brandon Williams,richard25@example.com,Puerto Rico,2023-12-21,Basic,1049.96
6050,William Barber,thomasanthony@example.com,Senegal,2022-08-25,Standard,1254.65
6051,Michele Brooks,brockkathy@example.com,Falkland Islands (Malvinas),2026-02-03,Standard,1866.05
6052,Ryan Mack,blakesolomon@example.net,Kiribati,2020-06-28,Basic,1014.44
6053,Jeffrey Pham DVM,andrewwilson@example.com,Mauritius,2025-12-18,Premium,9091.00
6054,Kristina Elliott,floresstephen@example.org,Samoa,2023-10-13,Standard,1748.90
6055,James Figueroa,qlopez@example.org,Cape Verde,2021-07-05,Basic,534.54
6056,William Lee,jeremyowens@example.com,United States Virgin Islands,2025-12-06,Standard,1744.55
6057,Logan Nelson MD,james24@example.org,Serbia,2022-06-07,Basic,739.66
6058,Jason Rowland,clayscott@example.com,Trinidad and Tobago,2021-12-14,Standard,719.44
6059,Ricky Moreno,zdunn@example.com,Haiti,2024-03-20,Basic,81.34
6060,Cassie Taylor,josephmedina@example.org,Tanzania,2020-08-01,Standard,4828.00
6061,Tiffany Davis,drew87@example.org,Greece,2024-05-05,Basic,427.63
6062,Karen Long,victoria14@example.com,Monaco,2020-09-19,Basic,570.46
6063,Jessica Wallace,lstrickland@example.com,Palestinian Territory,2026-01-02,Standard,2010.35
6064,Yolanda Lee,lphelps@example.com,Libyan Arab Jamahiriya,2024-10-18,Standard,1964.08
6065,Tracy Golden,tkim@example.com,Saint Lucia,2025-10-24,Basic,805.01
6066,Erin Warner,thomas46@example.org,Cambodia,2026-02-12,Basic,258.53
6067,Dennis Russell,schmidtrichard@example.com,Sierra Leone,2025-06-23,Basic,848.39
6068,Casey Carter,rhodesjesus@example.net,Brunei Darussalam,2020-10-02,Basic,354.98
6069,Sarah Hanson,bguerrero@example.com,Solomon Islands,2024-03-08,Standard,2287.83
6070,Jessica Ortiz,logancurtis@example.org,South Georgia and the South Sandwich Islands,2020-09-19,Standard,638.13
6071,David Perry,rodriguezphyllis@example.net,Grenada,2025-02-05,Basic,729.04
6072,Catherine Parker,josecruz@example.com,Grenada,2022-06-17,Standard,3764.49
6073,Nancy Ward,yhoffman@example.org,Uruguay,2021-01-09,Basic,942.26
6074,David Smith,erikstephenson@example.net,British Virgin Islands,2022-02-10,Basic,562.33
6075,Kathryn Brown,franciscaroline@example.org,Antigua and Barbuda,2020-07-19,Basic,900.32
6076,Dawn Beltran,lisa55@example.com,Poland,2024-10-15,Standard,2622.51
6077,Matthew Hernandez,jeremyobrien@example.org,Brunei Darussalam,2023-03-27,Basic,637.90
6078,Andrea Conner,robertcarpenter@example.net,Estonia,2026-08-14,Basic,1485.78
6079,Kevin Davidson,peter87@example.org,Burundi,2024-02-25,Basic,518.94
6080,Stephanie Dixon,ronald71@example.net,Comoros,2023-11-05,Basic,317.93
6081,Deanna Evans,michael89@example.net,Antarctica (the territory South of 60 deg S),2023-02-07,Basic,1325.90
6082,Timothy Johnson,tanner30@example.com,Cameroon,2024-01-03,Basic,1277.20
6083,Jared Mercer,rthompson@example.com,Senegal,2026-02-19,Basic,929.15
6084,Tracy Miller,laura09@example.org,Kuwait,2021-12-31,Basic,57.75
6085,Keith Williams,jenningsdouglas@example.org,Cocos (Keeling) Islands,2022-01-13,Standard,2190.06
6086,Matthew Huerta,christian68@example.com,Antigua and Barbuda,2026-05-16,Standard,4001.20
6087,Michelle Caldwell,wendyfreeman@example.org,Seychelles,2022-02-28,Standard,2319.57
6088,Kathleen Watson,potterjamie@example.org,Saint Kitts and Nevis,2023-07-30,Standard,2857.83
6089,Dustin Brennan,john67@example.com,Turkmenistan,2022-11-13,Standard,4342.19
6090,Zachary Robinson,montoyaveronica@example.org,Cuba,2023-07-17,Premium,7021.04
6091,Mary Gomez,john67@example.org,Azerbaijan,2026-07-21,Standard,1459.34
6092,Kimberly Jones,rmcclure@example.com,Netherlands,2024-12-20,Standard,3413.62
6093,Charles Nelson,buckerin@example.org,Canada,2026-05-22,Basic,320.94
6094,Dr. Kathryn Stone,hannahsmith@example.net,British Indian Ocean Territory (Chagos Archipelago),2022-05-14,Standard,2903.34
6095,Reginald Rivera,alvaradoshannon@example.org,Kuwait,2021-10-11,Basic,1235.49
6096,Megan Kaufman,meaganevans@example.net,Svalbard & Jan Mayen Islands,2023-04-26,Premium,16735.47
6097,Tiffany Nguyen,ojones@example.org,Holy See (Vatican City State),2022-04-15,Basic,565.21
6098,Jennifer Fox,rclark@example.org,Bulgaria,2025-05-18,Basic,291.51
6099,Edward Guzman,kmercado@example.com,Japan,2021-12-26,Basic,1481.65
6100,Daniel Garcia,mcbridealexis@example.com,Moldova,2023-07-08,Premium,13417.16
6101,Karen Gray,heatherwells@example.org,Taiwan,2024-07-09,Standard,4638.08
6102,Lisa Price,danielsmith@example.org,Mexico,2021-03-31,Premium,14507.35
6103,Tanya Black,burnsryan@example.com,Vietnam,2025-03-14,Basic,1135.52
6104,Marcia Carroll,pwilliams@example.net,Sweden,2024-11-27,Standard,2175.00
6105,April Gross,hartrichard@example.net,Svalbard & Jan Mayen Islands,2022-01-30,Standard,1842.76
6106,Whitney Allen,lthomas@example.com,Solomon Islands,2021-10-11,Basic,101.14
6107,Billy Martinez,csmith@example.org,Armenia,2020-03-05,Basic,1268.35
6108,Carl Brown,davidjackson@example.net,Namibia,2023-07-30,Basic,872.02
6109,Janet Miranda,carterpatrick@example.com,Brazil,2021-07-25,Standard,4303.60
6110,Brandon Harrison,josephowens@example.com,Ukraine,2025-07-24,Standard,3056.90
6111,Patricia Conway,ashleygibbs@example.com,Gibraltar,2023-10-06,Premium,7803.23
6112,Joseph Luna,steven60@example.org,Lao People's Democratic Republic,2020-05-21,Premium,21618.92
6113,Jeff Allen,brian45@example.org,India,2026-04-23,Basic,764.66
6114,Beth Ford,fitzpatrickheather@example.com,Cape Verde,2025-06-22,Premium,2949.89
6115,Brandon Waller,qfranklin@example.net,Samoa,2025-08-14,Standard,1348.41
6116,Jane Perry,osanders@example.net,Saint Martin,2022-02-02,Basic,1253.21
6117,Scott Wilson,jennifertorres@example.org,Albania,2024-09-26,Basic,971.17
6118,Sara Rodriguez,cbaker@example.net,Faroe Islands,2026-03-21,Basic,546.13
6119,Peter Allen,jameswhite@example.com,Tanzania,2023-04-04,Basic,1495.47
6120,Kimberly Walker,xsimmons@example.org,Norway,2024-10-24,Basic,1353.98
6121,Christine Young,bradley54@example.org,Latvia,2024-11-10,Basic,426.43
6122,Joshua Fisher,smiller@example.net,Australia,2023-04-15,Standard,2013.61
6123,Linda Phelps,morenopatrick@example.net,Saint Martin,2020-03-27,Basic,893.28
6124,Cynthia Lewis,susanromero@example.net,Belize,2021-10-13,Basic,208.58
6125,Wesley May,ostuart@example.org,Ghana,2021-11-24,Basic,244.41
6126,Gregory Fox,gordonmitchell@example.com,Kuwait,2026-06-16,Basic,256.53
6127,Christy Hicks,jillarnold@example.org,Liechtenstein,2022-03-09,Basic,1357.16
6128,Diana Scott,allen38@example.org,Ecuador,2020-05-11,Standard,4339.13
6129,Susan Evans,dunnkyle@example.net,Czech Republic,2023-05-16,Basic,303.61
6130,Douglas Morris,jonesmichelle@example.com,Egypt,2021-01-26,Standard,1739.11
6131,Mary Jones,zward@example.org,Guatemala,2021-07-09,Basic,1227.50
6132,Krystal Miller,flane@example.net,Argentina,2021-12-16,Premium,18332.56
6133,Carmen Wong,xedwards@example.net,Netherlands Antilles,2023-07-22,Premium,12592.94
6134,April Neal,darrell69@example.com,Algeria,2024-01-11,Basic,393.36
6135,Jamie Randall,wilkinsmichele@example.org,Mexico,2024-01-24,Basic,113.96
6136,Michelle Benitez,wayne43@example.com,Monaco,2023-11-04,Basic,1194.31
6137,Johnny Walker,hannahgonzalez@example.com,Mozambique,2025-05-20,Standard,3001.55
6138,Kathryn Vargas,blackrichard@example.net,Lebanon,2025-10-03,Basic,1409.18
6139,Jeffrey Wright,donna96@example.com,Papua New Guinea,2022-02-16,Basic,714.39
6140,Jason Wilcox,matthewcooper@example.org,Austria,2024-07-20,Premium,5793.90
6141,Hannah Brown,orichardson@example.org,Equatorial Guinea,2020-01-27,Standard,3079.52
6142,Michelle Atkins,megan48@example.net,Dominican Republic,2024-12-14,Basic,102.68
6143,Sandra Leach,khardy@example.com,Tanzania,2026-02-17,Basic,726.77
6144,Katie Clark,crawfordmary@example.net,Sudan,2026-04-05,Basic,83.79
6145,Kathryn Mcmillan,hughesthomas@example.com,Korea,2021-04-01,Basic,1211.24
6146,Darrell Williams,brandttravis@example.org,Jordan,2024-06-05,Standard,1104.13
6147,Jesse Gamble,wellschristina@example.net,Faroe Islands,2020-06-09,Standard,2418.37
6148,Ricky Johnson,walterchristopher@example.org,Bahamas,2024-04-02,Standard,4324.01
6149,Caroline Wilson,scottalan@example.org,Saint Lucia,2025-07-19,Premium,6373.54
6150,Richard Day,danielguerrero@example.net,Tonga,2025-06-18,Basic,718.27
6151,Chris Tate,josephwright@example.com,Russian Federation,2024-11-01,Basic,283.26
6152,James Holmes,ronald91@example.com,United Kingdom,2022-10-19,Basic,1016.08
6153,Sandra Clark,nraymond@example.com,Georgia,2024-07-31,Standard,4847.58
6154,Zachary Estes,cartersteven@example.net,British Indian Ocean Territory (Chagos Archipelago),2023-03-30,Standard,3716.24
6155,Lisa Smith,jeffreyboyd@example.org,Tajikistan,2024-01-06,Premium,20336.17
6156,Bryan Harrison,estephens@example.org,Honduras,2024-12-18,Basic,899.67
6157,Lauren Cruz,jessicaspence@example.com,Peru,2022-09-07,Standard,3946.25
6158,Robin Coleman,ykelly@example.com,Vanuatu,2020-03-06,Basic,126.09
6159,Ryan Cole,caroline77@example.com,Liberia,2023-08-03,Standard,3311.04
6160,Renee Hunter,barreralouis@example.net,Suriname,2021-06-04,Basic,575.22
6161,Matthew Wright,oyoung@example.net,Dominican Republic,2022-09-27,Basic,337.77
6162,Melissa House,ryanhart@example.com,Suriname,2021-11-09,Standard,1754.73
6163,David Fuentes,jose60@example.net,Samoa,2022-04-01,Standard,4147.15
6164,William Cooley,derekwright@example.org,Northern Mariana Islands,2025-01-10,Premium,9592.29
6165,Melanie Silva,birdtonya@example.net,Western Sahara,2022-03-18,Premium,15771.61
6166,Hannah Waters,wsanders@example.org,Azerbaijan,2021-01-15,Basic,1493.74
6167,Kathleen Sutton,lgeorge@example.net,Bangladesh,2023-05-29,Basic,1251.95
6168,Rachel Smith,jacobbates@example.org,Guatemala,2025-07-16,Basic,1192.53
6169,Eric Weber,dcollins@example.org,Northern Mariana Islands,2024-12-06,Standard,938.42
6170,Kimberly Sanders,rodriguezscott@example.org,French Polynesia,2023-08-20,Standard,1196.52
6171,Sandra Bennett,james50@example.net,El Salvador,2024-01-22,Basic,1327.10
6172,Lynn Chan,lmaynard@example.com,Algeria,2020-09-10,Basic,1073.91
6173,Justin Vasquez,zamorajohn@example.org,Holy See (Vatican City State),2023-05-13,Standard,917.83
6174,Jerry Brown,dixondavid@example.org,Albania,2025-10-27,Standard,914.45
6175,Leonard Pham,jenniferwilliams@example.org,United States of America,2021-10-12,Basic,80.99
6176,Taylor Madden,geraldallen@example.net,Myanmar,2023-06-07,Basic,1495.96
6177,Andrew Ellison,orodriguez@example.org,Lebanon,2024-04-23,Standard,2729.73
6178,William Nolan,rhonda46@example.com,Haiti,2021-08-01,Premium,8068.43
6179,William Mullen,sarahpeterson@example.net,Belarus,2021-12-30,Premium,7648.40
6180,Elizabeth Harvey MD,bsullivan@example.net,Congo,2022-10-05,Basic,762.87
6181,Jason Parker,dcook@example.com,Vietnam,2022-07-17,Standard,3913.10
6182,Christopher Lara,brownashley@example.com,Haiti,2021-12-17,Basic,467.68
6183,Alejandro Long,zaustin@example.net,Slovakia (Slovak Republic),2021-07-15,Basic,329.21
6184,Mr. Rodney Clark,parkermatthew@example.com,Yemen,2024-07-07,Basic,613.05
6185,Jessica Wise,cohenleslie@example.com,United States Virgin Islands,2025-09-12,Basic,1397.00
6186,Derek Richmond,bassjoshua@example.com,Wallis and Futuna,2020-02-29,Basic,163.17
6187,Michael Walsh,xcox@example.org,Cameroon,2021-05-22,Basic,975.71
6188,Andrew Montgomery,glennruben@example.com,Sao Tome and Principe,2026-02-08,Standard,1901.14
6189,Nicole Dawson,johnstoneric@example.org,Guyana,2021-07-26,Basic,173.42
6190,Wendy Trevino,ashleynavarro@example.org,Palestinian Territory,2020-04-28,Standard,1834.24
6191,Jeanne Stewart,dennistran@example.com,Liechtenstein,2021-08-15,Basic,487.85
6192,William Roy,jeanetteirwin@example.net,Botswana,2024-12-20,Standard,2478.35
6193,Susan Lewis,pattersonmonica@example.net,Bouvet Island (Bouvetoya),2020-12-06,Basic,385.95
6194,Wendy Dean,michael67@example.net,Benin,2023-05-30,Standard,4766.06
6195,Michael Berry,henrylisa@example.org,Latvia,2023-04-14,Basic,441.14
6196,Sharon Young,annette33@example.com,Costa Rica,2020-12-07,Basic,1236.21
6197,Harold Jackson,tball@example.com,Guinea,2020-07-19,Standard,880.13
6198,Patricia Higgins,andrewsdale@example.com,Papua New Guinea,2024-08-23,Standard,699.80
6199,Jessica Martin,chrissantos@example.com,France,2023-04-21,Standard,4092.87
6200,Thomas Ross,fanderson@example.org,Croatia,2022-07-27,Standard,3122.12
6201,Dominique Delacruz,jhumphrey@example.net,Central African Republic,2023-06-25,Basic,1279.82
6202,Charles Moore,jgonzalez@example.net,Croatia,2021-06-13,Standard,3021.54
6203,Caitlin King,matthew28@example.com,Wallis and Futuna,2022-08-12,Standard,3882.33
6204,Gregory Smith,steven17@example.com,Georgia,2025-05-31,Basic,382.69
6205,Aaron Ellis,elizabeth06@example.net,Gibraltar,2021-06-06,Basic,446.85
6206,Christopher Wright,josephhouston@example.net,Mauritania,2021-03-19,Premium,8009.49
6207,James Ray,luis08@example.net,Qatar,2025-01-08,Standard,3454.74
6208,Dr. Dennis Taylor,manningelizabeth@example.org,United States Minor Outlying Islands,2024-01-07,Standard,4806.13
6209,Rickey Smith,lmcmillan@example.org,French Southern Territories,2022-11-06,Standard,2185.67
6210,Jill Martinez,amy72@example.com,Maldives,2021-04-19,Basic,911.69
6211,Jessica Bailey,adamwalton@example.net,Burkina Faso,2021-08-31,Basic,1087.04
6212,Kristin Williams,andrewwells@example.net,Timor-Leste,2024-11-05,Basic,144.45
6213,Stephanie Jackson,carpenterdavid@example.org,Niue,2020-01-11,Standard,4330.16
6214,Rebecca Hill,jamesreed@example.com,Liechtenstein,2020-10-06,Standard,2063.15
6215,Nicholas Burns,brianachung@example.org,Chad,2023-10-05,Premium,11558.78
6216,Robert Mcintyre,timothyhoffman@example.org,Tanzania,2022-02-05,Standard,3149.88
6217,William Duncan,masonsalazar@example.net,Papua New Guinea,2022-05-27,Basic,1280.08
6218,Jeffrey Johnson,maryevans@example.net,Albania,2021-09-01,Standard,4310.47
6219,Martin Smith,gbarton@example.com,Botswana,2025-09-11,Basic,422.07
6220,James Murphy,patrick88@example.net,South Africa,2025-03-28,Standard,2876.25
6221,Candice Leonard,dave51@example.org,Burundi,2023-11-24,Standard,1632.56
6222,Sydney Rivers,stuartbrandy@example.net,Korea,2024-04-19,Basic,578.25
6223,Douglas Rodriguez,lrodriguez@example.org,Dominica,2026-06-08,Standard,4187.39
6224,Kathryn Freeman,wmartinez@example.net,Peru,2022-09-13,Basic,1277.91
6225,Nicole Thomas,hhunter@example.net,Costa Rica,2025-05-03,Basic,1011.60
6226,Chad Elliott,qweaver@example.com,Niue,2021-10-16,Premium,24208.36
6227,William Cooley,lisadennis@example.net,Portugal,2023-04-06,Standard,3342.85
6228,Marc Clay,linda19@example.com,Kazakhstan,2025-01-27,Standard,1137.41
6229,Amber Mcdonald,greenechristopher@example.net,Romania,2024-06-20,Basic,514.16
6230,Jacob Robinson,ravenhanson@example.org,Niue,2024-12-15,Standard,2898.69
6231,Derek Rosario,watsonamanda@example.net,Venezuela,2026-03-19,Basic,1273.50
6232,Mrs. Sabrina Rodriguez,elizabeth87@example.org,Honduras,2023-08-13,Standard,920.44
6233,Charles Valenzuela,rodriguezrachel@example.net,Senegal,2020-09-24,Standard,2746.08
6234,Lisa Harper,hansonjessica@example.com,Greece,2023-05-01,Standard,2425.76
6235,John Hall,jhenderson@example.org,Fiji,2024-06-20,Basic,708.98
6236,Jerry Baker,gravesashley@example.org,Tuvalu,2021-06-26,Basic,792.91
6237,Steven Wright,howardmonroe@example.org,Cayman Islands,2020-10-11,Basic,644.40
6238,Traci Carroll,christopher89@example.net,Palestinian Territory,2022-07-23,Basic,1072.23
6239,Katelyn Valdez,michele17@example.net,Bouvet Island (Bouvetoya),2023-05-03,Standard,975.56
6240,Jennifer Grant,staffordrachel@example.com,Haiti,2022-04-21,Basic,1088.95
6241,Tyler Harris,christina08@example.org,New Caledonia,2024-01-04,Basic,1097.23
6242,Aaron Willis,faustin@example.net,Mauritania,2025-11-05,Standard,3230.94
6243,Wesley Jacobson,sandersbrianna@example.org,Iceland,2024-09-01,Premium,19877.98
6244,Philip Huff,jasminegriffin@example.org,Guadeloupe,2025-04-26,Basic,1421.56
6245,Alyssa Potts,andrew10@example.com,Kiribati,2023-10-02,Basic,758.39
6246,Jessica Bennett,smithlinda@example.com,Netherlands,2020-09-25,Standard,4976.26
6247,Kimberly Murphy,rroberts@example.com,Portugal,2021-01-29,Standard,3552.80
6248,Linda Miller,mindy66@example.net,Saint Barthelemy,2022-05-18,Basic,265.06
6249,Tracey Scott,gmoses@example.org,Seychelles,2022-03-18,Standard,4320.70
6250,Kayla Martinez,zburton@example.net,Saint Vincent and the Grenadines,2026-08-05,Basic,1280.86
6251,Zachary Burton,gregorymiller@example.com,Armenia,2023-09-18,Basic,718.55
6252,John Frank,marshallrodney@example.org,Saint Barthelemy,2024-03-07,Basic,676.90
6253,Joseph Wilson,martinscott@example.com,Bolivia,2021-02-24,Premium,20796.40
6254,Kimberly Cole,larry46@example.com,Jordan,2025-11-15,Basic,875.31
6255,Alicia King,lindareed@example.com,Turkmenistan,2025-03-18,Standard,2621.23
6256,Clifford Scott PhD,laura79@example.net,South Georgia and the South Sandwich Islands,2022-09-26,Standard,1694.79
6257,Amy Berry,wallercarl@example.net,Romania,2022-05-07,Standard,3217.97
6258,Laurie Smith,sarah44@example.net,Jamaica,2021-10-05,Premium,16527.83
6259,Jacqueline Clayton,jbailey@example.net,Korea,2021-02-17,Premium,16184.54
6260,Natalie Bauer,ellisrichard@example.net,Iran,2025-06-08,Basic,85.49
6261,Sarah Newman,alexisbridges@example.org,Taiwan,2023-03-27,Basic,398.50
6262,Kevin Snyder,wmorse@example.net,Bahrain,2026-07-02,Basic,136.83
6263,Jacob Brown,okim@example.com,Czech Republic,2020-09-06,Basic,470.00
6264,Lori Moss,baxterashley@example.org,Kuwait,2022-03-06,Basic,117.75
6265,Jennifer Clark,michaelmckee@example.org,Belize,2020-10-18,Premium,16499.70
6266,Jillian Villarreal,matthew13@example.org,Somalia,2023-01-25,Basic,1296.43
6267,George Bauer,mandyknapp@example.org,Belize,2026-06-15,Basic,124.67
6268,Dr. Bethany Harris,dawnmeadows@example.org,Chad,2024-06-20,Basic,680.74
6269,Courtney Hill,truiz@example.org,Slovakia (Slovak Republic),2022-02-27,Premium,20613.57
6270,Patricia Higgins,jeffrey11@example.com,Iraq,2023-01-06,Basic,285.96
6271,Erica Perry,rmorgan@example.org,Singapore,2021-12-18,Standard,3378.69
6272,Taylor Young,jroberts@example.org,Guatemala,2023-05-22,Premium,6496.73
6273,Taylor Perry,stephanie71@example.com,Hungary,2020-12-30,Premium,12334.33
6274,Michelle Clark,eugenehamilton@example.net,Rwanda,2021-04-16,Standard,3929.74
6275,Aaron Hunt,deckermadison@example.com,Guadeloupe,2025-03-14,Standard,3300.30
6276,Samantha Miller,stacymolina@example.org,Christmas Island,2023-04-04,Premium,11260.95
6277,Tonya Schwartz,alexis17@example.net,Rwanda,2020-09-09,Standard,606.80
6278,Deborah Terry,crystal76@example.net,Iceland,2020-06-24,Basic,1314.29
6279,Jamie Cooper,ghayes@example.org,Libyan Arab Jamahiriya,2026-03-05,Basic,220.65
6280,Darren Hester,hholt@example.net,Kenya,2020-10-25,Standard,2633.89
6281,Scott Montgomery,jaredsmith@example.org,Colombia,2022-04-08,Basic,873.63
6282,David Moyer,powellpaul@example.org,Cuba,2021-12-12,Basic,986.99
6283,Robert Blanchard,sabrina99@example.net,Korea,2024-05-28,Standard,4192.49
6284,Austin Jones,susanaustin@example.com,Sao Tome and Principe,2024-03-03,Premium,15761.19
6285,Valerie Velazquez,jessicafisher@example.com,Japan,2025-08-15,Basic,1395.23
6286,Mark Klein,lunaclarence@example.net,Tokelau,2024-03-12,Standard,1868.00
6287,Blake Salazar,johnsonerin@example.com,India,2026-08-25,Basic,184.77
6288,Charlene Mclean,brenda66@example.net,Sudan,2020-03-28,Standard,573.21
6289,Alex Kelley,jason22@example.com,Sierra Leone,2022-08-31,Standard,4717.61
6290,Samantha Bullock,jacksonkristina@example.org,Gambia,2024-09-12,Standard,2663.46
6291,Sharon Johnson,ugeorge@example.net,Jordan,2021-10-13,Standard,4826.34
6292,James Collins,sydney28@example.net,Bolivia,2022-05-17,Standard,2156.70
6293,Benjamin Russo,matthew34@example.com,Eritrea,2021-09-15,Basic,179.56
6294,Shelby Jones,sullivanjessica@example.com,Philippines,2023-11-15,Standard,1268.08
6295,Tiffany Grant,frankday@example.com,Philippines,2025-05-14,Standard,4171.10
6296,Donna Gibson,amanda85@example.net,Indonesia,2021-10-20,Basic,904.96
6297,Nancy Turner,christopher42@example.org,Norfolk Island,2025-03-07,Basic,130.83
6298,Patrick Davis,nicolasbrown@example.org,Cyprus,2022-06-13,Basic,81.20
6299,Debra Berger,scottfloyd@example.net,Indonesia,2021-05-08,Standard,1456.04
6300,Christine Burke,joseph25@example.net,Montserrat,2020-10-07,Basic,461.13
6301,Jessica Combs,hollowaylaura@example.com,Northern Mariana Islands,2025-03-06,Premium,8539.28
6302,Tony Estes,phoffman@example.net,New Zealand,2025-09-23,Standard,974.54
6303,Justin Martin,ncooper@example.net,Brazil,2024-10-28,Basic,1186.75
6304,Matthew Davidson,anamoore@example.net,Mongolia,2025-06-08,Standard,4760.63
6305,Michelle Ware,alexander39@example.net,Gabon,2025-06-24,Standard,759.24
6306,Gina Cox,whicks@example.org,Poland,2023-07-17,Basic,1071.66
6307,Joe Shaw,ohammond@example.com,Central African Republic,2020-07-29,Basic,95.81
6308,Michelle Long,emilyhutchinson@example.org,Georgia,2020-06-22,Basic,504.75
6309,Barbara Lester,monica65@example.org,Russian Federation,2021-07-13,Standard,2786.74
6310,Lance Cooper,jonesjordan@example.net,Croatia,2025-08-18,Basic,900.23
6311,Frederick Cook,davisdiana@example.org,Barbados,2021-08-16,Standard,3802.72
6312,Rebecca Holland,anita31@example.org,Austria,2026-01-15,Basic,1189.48
6313,Danielle Spencer,andrewknight@example.org,Palau,2026-05-21,Basic,1284.87
6314,Andrew Love,natalie76@example.com,United States Virgin Islands,2026-02-20,Basic,74.71
6315,Robert Moon,mharrell@example.net,Mexico,2025-03-17,Standard,617.04
6316,Michael West,suttonandrew@example.org,Netherlands Antilles,2021-01-21,Basic,898.27
6317,Katherine Murphy,betty62@example.com,Papua New Guinea,2026-04-16,Basic,771.31
6318,Albert Wilson,robinsonmartin@example.org,Austria,2025-07-08,Basic,1330.46
6319,David Forbes,ydaniel@example.com,Mozambique,2020-10-14,Standard,1577.37
6320,John Murphy,bevans@example.org,Norfolk Island,2021-06-25,Basic,861.74
6321,Catherine Jones,renee57@example.org,Andorra,2020-07-28,Basic,1428.43
6322,Francisco Perez,sanderstanya@example.net,Saint Pierre and Miquelon,2025-12-02,Standard,1173.26
6323,Stacy Larsen,logan26@example.net,Finland,2024-04-26,Basic,667.90
6324,Walter Velasquez,kbrown@example.org,Monaco,2025-04-25,Basic,635.61
6325,Laura Yu,lauramckenzie@example.net,Monaco,2023-05-07,Basic,395.43
6326,Sherri Wagner,garciaricardo@example.net,Guam,2024-11-11,Basic,1496.55
6327,Misty Moreno,stephanie30@example.com,China,2026-04-05,Basic,781.41
6328,Jessica Fry,reynoldskristin@example.org,Palau,2024-05-24,Basic,77.64
6329,Christopher Barr,paulawilliams@example.net,Turks and Caicos Islands,2022-12-18,Premium,11459.34
6330,Amy Santos,linda07@example.net,Nicaragua,2025-06-14,Standard,4877.86
6331,Jessica Gross,williamsjose@example.com,Myanmar,2026-08-17,Standard,1989.56
6332,Kyle Figueroa,george48@example.com,Mali,2020-08-31,Basic,1456.68
6333,Brian Parker,greenerin@example.net,Kyrgyz Republic,2021-11-17,Basic,614.57
6334,Hannah Hartman,helen69@example.net,Switzerland,2023-04-01,Basic,878.37
6335,Taylor Gonzalez,fullerraymond@example.net,Finland,2021-01-25,Standard,1099.76
6336,John Powell,jerrynorman@example.net,Venezuela,2024-06-27,Basic,527.16
6337,Martin Garcia,mckeedestiny@example.net,Colombia,2023-11-15,Premium,17253.78
6338,Elizabeth Mcdonald,dhenry@example.com,Bosnia and Herzegovina,2025-02-07,Standard,3546.09
6339,Jeremy Lowery,chines@example.net,Guam,2022-11-19,Basic,1198.36
6340,Jeremy Gray,randydelgado@example.net,Brazil,2025-07-04,Basic,804.79
6341,Joseph Matthews,vicki24@example.org,United Kingdom,2020-08-17,Basic,546.12
6342,Johnny Henry,leonardlittle@example.com,Saint Martin,2023-04-16,Basic,339.62
6343,Brandon Martinez,johnsondiane@example.net,Mali,2024-12-03,Basic,1345.65
6344,Derek Estrada,nelsonbrian@example.org,Saint Vincent and the Grenadines,2021-05-08,Standard,3357.21
6345,Maria Burnett,jscott@example.org,Germany,2020-11-10,Standard,3000.68
6346,Anne Chapman,olivia38@example.org,Colombia,2024-07-26,Standard,2993.13
6347,Frank Steele,josechan@example.net,Algeria,2024-12-01,Standard,2099.14
6348,Jonathan Richards,yholmes@example.com,Kiribati,2023-05-22,Basic,865.41
6349,Michael Martin,gregory47@example.org,Yemen,2021-10-16,Basic,616.34
6350,Ashley Flores,raymond69@example.net,Bulgaria,2021-02-22,Premium,23872.95
6351,Reginald Thompson,yhernandez@example.org,Reunion,2026-02-19,Basic,328.40
6352,Maria Bray,pmcmahon@example.org,Sweden,2020-10-09,Basic,281.98
6353,Destiny Hall,cbautista@example.net,China,2026-06-25,Basic,881.90
6354,Melissa Best,pedro98@example.org,Zimbabwe,2023-10-16,Basic,876.22
6355,Aaron Leblanc,aholmes@example.net,Bulgaria,2020-12-02,Premium,12969.82
6356,Susan Odonnell,daniel47@example.net,Azerbaijan,2024-05-21,Premium,5321.10
6357,Bradley Young,kschultz@example.com,Uganda,2021-10-03,Basic,1266.02
6358,Jessica Huang,johnholmes@example.org,Pitcairn Islands,2024-03-30,Standard,1714.65
6359,Carrie Kennedy,fishertimothy@example.net,Burundi,2020-02-09,Basic,589.19
6360,Mark Harris,edwardcisneros@example.org,Brunei Darussalam,2024-03-01,Basic,1372.59
6361,Marcus Harris,lori32@example.net,Ukraine,2023-06-03,Basic,567.92
6362,Charles Torres,josephroach@example.com,Thailand,2020-12-29,Basic,991.87
6363,Joseph Newman,kingamy@example.net,Nepal,2020-05-20,Basic,433.13
6364,Carol Santiago,ginalee@example.org,Macao,2021-10-20,Basic,945.02
6365,Paul Downs,guzmanashley@example.org,Aruba,2026-04-02,Standard,1303.42
6366,Jordan Gonzalez,allenjeremy@example.net,Ghana,2023-05-20,Basic,1222.68
6367,Cassandra Maxwell,ebony44@example.com,Bulgaria,2024-10-05,Standard,3136.55
6368,Anthony Baker,xpham@example.com,Chad,2021-01-10,Premium,16689.53
6369,Lisa Dalton,anthonyvasquez@example.net,Tokelau,2026-01-17,Basic,330.75
6370,Kelly Logan,olarsen@example.org,Saint Martin,2025-05-12,Basic,69.54
6371,Whitney Williams,rivaskimberly@example.org,Afghanistan,2020-05-02,Premium,19985.65
6372,David Graham,xwebb@example.net,Guinea-Bissau,2024-04-02,Basic,1071.52
6373,John Davis,taylor33@example.org,Grenada,2023-11-14,Standard,576.37
6374,Kathleen Cordova,lopezamanda@example.net,Nauru,2026-08-17,Standard,2856.42
6375,Michael Nguyen,erika76@example.org,Zambia,2026-02-01,Basic,567.66
6376,Oscar Warren,juliavalenzuela@example.com,New Caledonia,2024-01-27,Basic,962.02
6377,Joshua Suarez,eric42@example.com,Greece,2024-03-16,Basic,1107.29
6378,Michelle Hurst,fhernandez@example.com,Thailand,2022-11-03,Basic,1475.43
6379,Alison Rodriguez,danielle56@example.com,Kuwait,2024-11-02,Premium,16418.01
6380,Jacob Williams,tchavez@example.com,Eritrea,2025-10-22,Basic,1276.88
6381,Rachel Elliott,floydtravis@example.org,Reunion,2024-08-08,Standard,4366.60
6382,Kelly Bridges,younglisa@example.com,Sao Tome and Principe,2022-08-26,Basic,697.04
6383,Michael Cross,castrojeffrey@example.org,Ukraine,2023-10-31,Basic,1462.27
6384,Barbara Flores,kristy03@example.net,Niue,2023-07-20,Standard,2808.66
6385,Crystal Hahn,leemike@example.org,Bosnia and Herzegovina,2021-04-16,Standard,2251.38
6386,Noah Rodriguez,laura04@example.net,United Arab Emirates,2025-07-03,Basic,398.45
6387,Susan Gardner,kmiles@example.net,Kyrgyz Republic,2023-06-05,Premium,19172.82
6388,Maria Anderson,nfox@example.net,Cambodia,2021-07-08,Basic,393.82
6389,Robert Bates,kclark@example.org,Norfolk Island,2026-01-14,Standard,2096.13
6390,Donald Patterson,mhoffman@example.org,Seychelles,2020-04-04,Standard,1858.16
6391,James Jones,amy70@example.com,Pakistan,2021-06-25,Basic,948.85
6392,Kimberly Russell,joseph49@example.org,British Indian Ocean Territory (Chagos Archipelago),2022-07-12,Standard,4026.59
6393,Brian Baker,scottbonilla@example.com,Grenada,2023-08-19,Basic,824.23
6394,Noah Braun,foxderek@example.net,Gabon,2025-11-28,Standard,4626.08
6395,Carlos Davidson,zpennington@example.org,Libyan Arab Jamahiriya,2021-03-02,Basic,1351.78
6396,Brooke Mcdaniel,tonymoyer@example.net,Cameroon,2024-08-07,Standard,855.12
6397,Meredith Walker,chandlerpatrick@example.org,Mauritius,2021-08-09,Standard,1090.39
6398,Peter Norton,canderson@example.com,Bouvet Island (Bouvetoya),2021-01-20,Standard,4091.17
6399,Denise Johnson,jacquelineturner@example.com,Uruguay,2024-05-07,Basic,1359.22
6400,Jessica Mosley,austinlaura@example.org,Eritrea,2024-11-11,Standard,3792.31
6401,Jessica Garrett,sdavis@example.com,Saudi Arabia,2024-08-06,Standard,4053.27
6402,Lisa Cunningham,mcastillo@example.com,Seychelles,2026-07-03,Standard,1672.26
6403,Ronald Smith,milleralexander@example.org,Liberia,2020-02-17,Basic,1007.24
6404,David Wiley,jessicaharris@example.net,El Salvador,2025-08-27,Basic,935.13
6405,Meghan Williams,jacobbrown@example.net,Benin,2020-06-20,Premium,24128.67
6406,Michael Martin,deborah54@example.net,Puerto Rico,2024-02-27,Premium,17637.94
6407,Patricia Barr,scottmcintyre@example.net,Netherlands Antilles,2022-04-30,Premium,21551.75
6408,Robert Velasquez,enielsen@example.com,Georgia,2025-07-26,Premium,6663.63
6409,Kristin Cole,david06@example.org,Cuba,2020-02-27,Basic,1313.63
6410,Kim Martin,jbennett@example.org,Ghana,2023-02-22,Basic,941.41
6411,Stephanie Crane,stephensapril@example.com,Mongolia,2026-07-02,Basic,1198.75
6412,Jonathan Jones,benderrachel@example.org,Germany,2020-03-11,Premium,21138.44
6413,Rachel Rodriguez,cmendoza@example.org,United Kingdom,2025-04-23,Basic,1121.30
6414,Frederick Monroe,franklinjames@example.com,Bulgaria,2022-08-03,Standard,2212.78
6415,Sharon Roberts,zchambers@example.net,Colombia,2025-04-21,Standard,1948.63
6416,Alyssa Kline,michaelterry@example.org,Aruba,2025-11-17,Basic,301.28
6417,Justin Jones,vincentsantos@example.org,French Guiana,2021-10-07,Basic,570.54
6418,Mary Jordan,bpalmer@example.org,Bhutan,2023-03-16,Basic,488.93
6419,Deborah Gilbert,nancyalvarez@example.org,Croatia,2023-04-06,Standard,4340.69
6420,Melanie Bautista,alyssa41@example.net,Nepal,2023-03-29,Basic,1342.75
6421,Lucas Kidd Jr.,lisa19@example.org,Afghanistan,2024-11-24,Standard,3416.67
6422,Dr. Nicole Bell,christopher94@example.org,Holy See (Vatican City State),2023-05-21,Premium,23103.66
6423,Nicole Reed,heatherbrown@example.org,Australia,2026-03-25,Basic,482.25
6424,Christopher Chavez,vmartin@example.com,Solomon Islands,2025-07-24,Standard,4570.54
6425,Amber Blankenship,christina12@example.org,Lebanon,2024-11-06,Standard,3689.73
6426,Dustin Maxwell,sarah03@example.net,American Samoa,2021-02-14,Basic,1078.88
6427,Casey King,charrison@example.org,Dominica,2023-01-06,Basic,179.46
6428,John Lee,moyerluis@example.org,Ireland,2024-02-13,Standard,1906.78
6429,Jeffery Sullivan,thowell@example.org,New Caledonia,2021-05-04,Standard,1312.83
6430,Tina Stevens,kcortez@example.net,Saint Kitts and Nevis,2024-08-15,Basic,1312.37
6431,Joseph Robinson,mitchellelizabeth@example.com,Gabon,2020-09-27,Standard,1488.03
6432,Catherine Miller,patrick05@example.net,Mali,2021-09-01,Premium,22296.63
6433,William Nelson,lindseymedina@example.com,Rwanda,2021-11-13,Standard,1376.30
6434,Brandy Watkins,raven17@example.com,Turkey,2022-09-03,Basic,54.34
6435,Jennifer Perry,saramoss@example.com,Mauritania,2026-03-31,Basic,644.74
6436,Karen Guerrero,jeremy17@example.com,New Caledonia,2021-09-07,Basic,736.30
6437,Javier Kane,weavermadison@example.com,Indonesia,2021-04-10,Basic,406.58
6438,Nicole King,lgarcia@example.com,Grenada,2021-05-03,Premium,13821.78
6439,Lisa Tucker,william53@example.com,Nauru,2020-05-01,Basic,815.30
6440,Joshua Dixon,simmonsrobert@example.net,Aruba,2024-01-01,Basic,133.61
6441,Brian Dunn,tmitchell@example.net,Lebanon,2024-02-25,Basic,954.03
6442,John Chavez,kelly74@example.com,Uzbekistan,2021-04-16,Premium,6989.22
6443,Andrew Carrillo,joan88@example.net,Comoros,2024-07-15,Standard,733.26
6444,Shannon Campbell,sarahnash@example.net,Haiti,2022-01-28,Standard,4816.22
6445,Andrea Holloway,ecox@example.com,Austria,2022-01-19,Standard,748.29
6446,Hailey Raymond,zmartin@example.net,Mongolia,2026-01-29,Standard,4309.82
6447,Samantha Martinez,anthonygrant@example.com,Indonesia,2023-07-31,Basic,1397.71
6448,Nathan Carrillo,rwilliams@example.com,North Macedonia,2021-08-01,Standard,1127.76
6449,Shannon Allen,mark83@example.net,Mali,2022-01-21,Standard,3346.87
6450,Cristina Davis,debrahoward@example.com,Malawi,2021-05-05,Basic,1124.69
6451,Carmen Owen,julieeverett@example.com,Japan,2022-02-28,Standard,2349.04
6452,Jonathan West,johnsonandrew@example.org,Tanzania,2022-11-22,Basic,404.12
6453,Andrew Harris,julieross@example.org,Lao People's Democratic Republic,2023-07-29,Basic,873.35
6454,Kayla Sullivan,kyle99@example.org,India,2023-09-25,Premium,11903.19
6455,Johnny Tucker,jreed@example.net,New Caledonia,2026-06-23,Premium,11147.44
6456,Candice Brown,moorelisa@example.net,Brazil,2025-01-29,Basic,1224.10
6457,Dale Murphy,theresajones@example.net,Kyrgyz Republic,2022-05-28,Premium,19314.98
6458,Susan Bennett,derek33@example.net,Anguilla,2025-10-02,Standard,1881.71
6459,Pamela Wells,wilsonsteven@example.com,Gambia,2020-09-22,Basic,329.11
6460,Elizabeth Hansen,hbaker@example.com,Samoa,2022-08-21,Standard,3852.92
6461,Peter Ellison,mcfarlandsusan@example.org,Brazil,2022-02-25,Basic,281.58
6462,Courtney George,fthompson@example.com,Barbados,2025-09-13,Standard,2549.56
6463,Tracy Walker,daniel16@example.com,Monaco,2024-04-01,Basic,476.88
6464,James Jennings,samanthalopez@example.net,Korea,2024-11-16,Standard,2383.59
6465,Tiffany Anderson,zjohnson@example.net,French Guiana,2024-06-26,Standard,2908.68
6466,Paula Gutierrez,michael50@example.org,Cambodia,2024-08-18,Standard,849.87
6467,Rebekah Lamb,sandra99@example.com,Bulgaria,2020-06-10,Basic,290.04
6468,Gabrielle Diaz,millerashley@example.com,Faroe Islands,2022-02-20,Standard,2989.29
6469,George Mccarty PhD,michael99@example.org,Eritrea,2023-10-15,Basic,1284.87
6470,Andrea Taylor,williamwade@example.org,Norfolk Island,2022-01-31,Basic,1285.24
6471,Patrick Jordan,sherri12@example.org,Spain,2023-01-03,Basic,220.32
6472,Jason Washington,fgomez@example.org,Ukraine,2025-11-04,Standard,942.91
6473,Jeffrey Evans,erica56@example.net,Maldives,2020-05-26,Standard,1847.87
6474,Christopher Brown,lindsay41@example.com,Benin,2022-07-21,Premium,3588.37
6475,Janet Lewis,christinewolfe@example.net,Isle of Man,2020-02-12,Basic,1324.60
6476,Julie Smith,hking@example.net,Lithuania,2025-01-07,Standard,3289.58
6477,Peter Richmond,staceychen@example.net,Papua New Guinea,2020-12-10,Premium,7493.74
6478,Angela Walter,brianmarshall@example.org,Armenia,2025-11-24,Basic,623.69
6479,Adam Avery,panderson@example.org,Guyana,2022-01-14,Basic,433.95
6480,Julia Blair,angelamoore@example.com,Serbia,2022-04-13,Basic,1063.52
6481,Gail Coleman,kevinclark@example.org,United Arab Emirates,2025-04-21,Basic,128.24
6482,Stephanie Hall,jonespaula@example.com,Equatorial Guinea,2024-12-19,Standard,1532.00
6483,Richard Johnson,bauertiffany@example.net,French Polynesia,2022-10-27,Basic,377.70
6484,Ethan Martin,brendagarcia@example.org,Suriname,2025-12-25,Premium,7285.27
6485,Alicia Campos,jefferycox@example.org,Myanmar,2026-01-01,Basic,1041.84
6486,Laurie Lang,blake96@example.net,Angola,2023-08-04,Basic,137.15
6487,Karen Frye,elizabeth65@example.com,Mali,2020-05-13,Basic,716.40
6488,Gregory Atkinson,wprice@example.com,Grenada,2024-06-18,Standard,4829.79
6489,Randy Carter,bonniesnyder@example.com,Angola,2022-06-09,Basic,489.32
6490,Robert Anderson,tsummers@example.net,Fiji,2020-07-29,Basic,175.95
6491,Ryan Davis,wbrown@example.org,Comoros,2020-11-30,Basic,1111.56
6492,Donald Kelley,barkerhunter@example.org,Saint Martin,2023-05-22,Basic,1143.20
6493,Evan Ibarra,hdean@example.org,El Salvador,2026-02-03,Basic,1148.55
6494,Kelly Dawson,nicholaswebster@example.org,Uruguay,2020-05-03,Standard,2960.25
6495,Christina Simon,crystaldurham@example.com,Pakistan,2023-04-07,Standard,4965.99
6496,Raymond Best,tiffany58@example.org,Korea,2022-11-15,Basic,530.25
6497,Henry Bradshaw,ngates@example.net,Bangladesh,2025-11-15,Standard,1154.09
6498,Kristen Burns,bowmanjennifer@example.net,Vanuatu,2022-04-19,Basic,809.78
6499,Ashley Adams,dana29@example.net,Timor-Leste,2022-02-18,Standard,3585.28
6500,John Wilson,stevensandrew@example.com,Belgium,2024-09-23,Premium,12170.92
6501,Theresa Gomez,williamssarah@example.net,Niue,2020-08-29,Standard,530.63
6502,Jennifer Fischer,fblackwell@example.com,Moldova,2023-08-17,Standard,1193.65
6503,John Gross,lbass@example.com,United Kingdom,2023-07-06,Standard,2054.72
6504,Cody Perry,darlenekelly@example.com,Chile,2020-01-20,Standard,4001.69
6505,Antonio Williams,stricklandrichard@example.com,Israel,2024-04-24,Basic,69.42
6506,David Gallagher,ywalter@example.org,Saint Pierre and Miquelon,2024-01-23,Standard,3252.06
6507,Robert Evans,umiller@example.org,Puerto Rico,2026-03-30,Standard,989.83
6508,Jonathan Garcia,iharrington@example.com,Zambia,2020-11-14,Basic,1134.12
6509,Brenda Mays,lisaroman@example.org,Tokelau,2023-01-02,Premium,17434.43
6510,Pamela Fields,robert43@example.org,Kenya,2021-12-28,Premium,7209.92
6511,Nancy Lucas,mary63@example.org,Somalia,2020-11-30,Standard,4677.77
6512,Pamela Cross,pearsonashley@example.com,Martinique,2020-06-21,Standard,4943.86
6513,Alejandro Flores,michael31@example.net,Botswana,2026-04-03,Basic,570.65
6514,Ian Barrera,haleybarbara@example.com,Congo,2021-06-24,Basic,351.11
6515,Hunter Bradford,randolphjoshua@example.org,Korea,2021-09-14,Standard,3383.15
6516,Paul Webb,oholt@example.net,Faroe Islands,2025-12-24,Standard,3579.44
6517,Ashley Davis,rebecca39@example.com,Micronesia,2021-04-11,Basic,1339.21
6518,Sandra Norman,qduran@example.net,Turks and Caicos Islands,2024-04-29,Basic,1330.98
6519,Destiny Nichols MD,evancortez@example.com,Poland,2022-04-22,Standard,4613.67
6520,William Henderson,isawyer@example.com,Christmas Island,2020-01-15,Standard,4848.87
6521,Nicholas Roth,rachel51@example.net,Spain,2022-12-26,Basic,929.73
6522,John Davidson,oconnoralan@example.net,Congo,2023-12-02,Basic,61.97
6523,Donald Gonzalez,rgarcia@example.net,Maldives,2020-02-06,Standard,1066.07
6524,Shaun Osborn,jacob37@example.org,Guadeloupe,2021-09-14,Standard,4525.64
6525,Samuel Martinez,valerie68@example.net,Malawi,2021-05-27,Premium,20722.06
6526,Nicole Valenzuela,evancook@example.org,Guadeloupe,2025-08-02,Basic,1068.37
6527,Catherine Villa,debra90@example.org,Denmark,2020-03-04,Basic,726.54
6528,Brian Reilly PhD,allison77@example.net,Grenada,2023-06-12,Premium,5483.57
6529,Bradley Vega,tiffanysolomon@example.org,Saint Martin,2020-12-07,Standard,4434.11
6530,Cindy Arellano,tammycooke@example.org,Czech Republic,2022-01-12,Basic,480.70
6531,Margaret Tran,samantha35@example.org,South Africa,2024-07-05,Standard,1758.92
6532,Matthew Jenkins,richardperry@example.com,Northern Mariana Islands,2020-05-12,Basic,602.88
6533,Gerald Brooks,christina99@example.com,Mauritius,2025-01-10,Basic,1196.47
6534,Michael Franco,kelly55@example.org,Qatar,2024-08-15,Premium,23592.67
6535,Jonathan Vasquez,bonnie28@example.org,Benin,2021-01-27,Standard,3184.79
6536,Mary Rodriguez,pross@example.com,Colombia,2023-05-08,Basic,1260.48
6537,Lindsey Davis,jessica68@example.org,French Polynesia,2025-04-11,Basic,562.04
6538,Aaron Kelly,elizabeth11@example.net,Venezuela,2024-01-12,Standard,1786.39
6539,Terri Patterson,vanessa65@example.org,Cocos (Keeling) Islands,2024-06-30,Standard,2288.86
6540,Michael Lang,theresa07@example.com,Spain,2026-03-06,Basic,377.56
6541,Jose Green,robert93@example.org,Gabon,2021-07-02,Basic,311.03
6542,Ryan Rodriguez,ericcisneros@example.org,Tanzania,2024-06-08,Premium,13242.77
6543,Elizabeth Morales,ashley76@example.net,Svalbard & Jan Mayen Islands,2020-05-08,Basic,918.32
6544,Angela Nelson,jerrymorse@example.com,Bhutan,2022-06-03,Standard,2862.12
6545,Mr. James Dennis,williamhernandez@example.net,Chad,2022-01-29,Basic,339.98
6546,Dustin Larson,wsosa@example.com,Northern Mariana Islands,2025-08-22,Standard,2311.23
6547,Anthony Michael,hodgeschristopher@example.com,Portugal,2024-05-04,Basic,1411.68
6548,Michael Blackwell,kimberly78@example.com,Syrian Arab Republic,2024-05-21,Basic,880.06
6549,Carlos Ellis,cantrellrichard@example.com,El Salvador,2023-07-02,Premium,2605.05
6550,Victoria Long,qmcmahon@example.org,Madagascar,2025-07-28,Basic,1427.90
6551,Anthony Wilson,jenniferhawkins@example.com,Ethiopia,2024-10-04,Premium,23546.03
6552,Paul Jones,aguilarmelissa@example.net,Myanmar,2026-05-04,Basic,1222.31
6553,Lindsay Chen,bradfordrose@example.com,Chile,2021-12-28,Standard,3470.50
6554,Charles Wallace,phillipschristopher@example.org,Syrian Arab Republic,2022-08-07,Premium,17395.68
6555,Sarah Bradford,debrajohnson@example.org,Australia,2021-02-08,Standard,1359.97
6556,Michael Walker,hawkinstina@example.org,Antarctica (the territory South of 60 deg S),2024-12-11,Standard,4978.60
6557,Tanya Scott,flowersdavid@example.org,Mauritius,2022-01-26,Basic,138.62
6558,Matthew Andrews,zsantana@example.org,Bolivia,2024-03-03,Standard,3517.90
6559,Benjamin Spencer,dramos@example.com,Vanuatu,2024-05-04,Basic,1389.59
6560,Kenneth Petersen,ngeorge@example.com,Fiji,2024-07-01,Basic,1006.56
6561,Jasmine Hernandez,jeffreyward@example.net,Fiji,2024-06-18,Standard,531.55
6562,Karina Gould,medinalauren@example.com,Serbia,2025-05-19,Basic,1179.61
6563,Diane Ewing,hernandezjuan@example.com,Antigua and Barbuda,2026-05-01,Basic,1092.44
6564,Christina Porter,jthomas@example.org,Grenada,2022-05-01,Standard,2072.44
6565,Victor Clark,rodriguezmeghan@example.net,South Africa,2020-12-04,Basic,1389.27
6566,Michael Harrison,nmartin@example.net,Fiji,2025-11-19,Premium,8423.60
6567,Eric Vasquez,rodgersbrian@example.com,Equatorial Guinea,2023-04-24,Standard,754.16
6568,Kenneth Ramirez,traceyconner@example.net,Guinea,2022-09-28,Basic,1011.67
6569,Jeffrey Henderson,angela67@example.com,Malta,2022-09-11,Basic,366.58
6570,Chad Montgomery,lauren93@example.org,Denmark,2024-01-06,Basic,93.16
6571,Shelly Duncan,daviddennis@example.org,Slovenia,2024-04-08,Premium,20598.80
6572,Nancy Joyce,jennifer42@example.net,Comoros,2023-08-10,Premium,17610.51
6573,Joanna Warren,shannonmcdonald@example.net,Jersey,2025-10-03,Standard,2657.81
6574,Alison Mitchell,spatton@example.org,Armenia,2022-02-21,Basic,678.68
6575,Eric Gray,sprice@example.com,San Marino,2021-09-03,Standard,661.59
6576,William Arnold,clarkchristine@example.net,Sudan,2025-01-05,Standard,1876.75
6577,Scott Whitehead,collinhall@example.net,San Marino,2020-12-07,Basic,1408.90
6578,Robin Mckee,dawn79@example.net,Saint Pierre and Miquelon,2026-06-20,Basic,300.57
6579,Suzanne Davis,jamesingram@example.net,Montenegro,2021-06-06,Basic,1152.85
6580,Natalie Soto,carla12@example.net,Bulgaria,2025-05-27,Standard,3210.08
6581,Beverly Moore,jonesjason@example.org,Samoa,2023-12-04,Basic,535.58
6582,Sonya Reeves,brandon74@example.net,Northern Mariana Islands,2021-11-25,Basic,405.82
6583,Vicki Munoz,jamesbird@example.net,Jamaica,2020-07-09,Basic,1393.22
6584,Kimberly Hernandez,fhoffman@example.org,Mexico,2024-12-24,Standard,3129.64
6585,Michael Ayers,mariahardin@example.net,Korea,2020-02-03,Basic,201.04
6586,Christina Warner,evanssheri@example.com,Luxembourg,2024-12-21,Basic,1077.37
6587,Dylan Diaz,qmiller@example.net,Ghana,2024-06-24,Basic,238.89
6588,Maria Smith,doris29@example.org,Chad,2023-07-26,Basic,283.32
6589,Marc Paul,jennifer89@example.org,Norway,2026-03-12,Standard,3580.26
6590,Terry Williams,sellerstimothy@example.org,Cameroon,2024-04-28,Standard,531.15
6591,Steven Atkinson,vevans@example.com,Maldives,2024-11-03,Basic,620.63
6592,Mario Juarez,david88@example.org,Gambia,2021-07-30,Standard,2812.06
6593,Christian Wright,dillon94@example.org,Sri Lanka,2025-01-25,Basic,691.45
6594,Dennis Goodman,moorebrandy@example.net,Paraguay,2023-04-20,Basic,400.65
6595,Larry Brooks,harperclayton@example.com,Norway,2024-04-05,Premium,24155.61
6596,Patricia Padilla,sarahallen@example.com,United Arab Emirates,2021-08-06,Premium,20541.11
6597,Sharon Bird,drew05@example.net,Poland,2020-08-08,Standard,1975.51
6598,Thomas Farmer,sfranco@example.com,Ukraine,2022-08-06,Premium,14982.88
6599,Rebecca Mcdonald,iflowers@example.net,Israel,2020-06-10,Basic,189.38
6600,Jeffrey Ferguson,annabutler@example.net,Trinidad and Tobago,2020-07-31,Basic,1034.76
6601,Kevin Richardson,brownclayton@example.com,Bahrain,2020-02-18,Basic,794.73
6602,Nicholas Hernandez,jasonhughes@example.org,Brazil,2020-04-24,Basic,573.27
6603,Sarah Nguyen,floresedwin@example.net,Malaysia,2023-03-09,Basic,217.22
6604,Lee Butler,hollowayjoshua@example.net,Anguilla,2020-03-04,Basic,667.59
6605,Eric Schneider,dominique17@example.net,United States Virgin Islands,2022-06-26,Basic,296.81
6606,Robert Malone,bclark@example.net,Switzerland,2020-02-04,Premium,22009.75
6607,Jessica Mcfarland,kwalker@example.net,Mali,2022-12-05,Basic,1136.99
6608,David Shelton,andrea02@example.net,Uzbekistan,2025-10-22,Standard,4543.41
6609,Paul Smith,johnlewis@example.net,Burundi,2020-06-28,Standard,4545.64
6610,Shannon Kim,fcollins@example.net,Sudan,2021-04-27,Basic,1358.94
6611,Steven English,garycarney@example.org,Estonia,2025-07-16,Basic,1234.85
6612,Danny Combs,lindseytorres@example.org,Saint Barthelemy,2020-08-20,Basic,575.58
6613,Laura Pittman,elizabeth74@example.net,Italy,2025-01-03,Premium,22070.59
6614,Christina Hall,lisa30@example.net,Papua New Guinea,2024-03-02,Basic,645.43
6615,Kimberly Miller,wardwilliam@example.com,Dominica,2025-08-10,Premium,14416.30
6616,Jessica Guzman,stephanie80@example.net,San Marino,2022-04-14,Basic,670.89
6617,Lisa Hanna,kim73@example.org,Croatia,2023-12-21,Standard,2196.78
6618,Sandra Wiggins,wfigueroa@example.com,Iraq,2020-06-12,Basic,1279.49
6619,Matthew Foley,alecschmidt@example.com,Comoros,2025-02-28,Basic,210.22
6620,Jon Montoya,shannonwood@example.org,Togo,2023-08-15,Standard,4830.06
6621,Diana Nguyen,feliciajohns@example.net,Bolivia,2021-03-23,Basic,260.76
6622,Christopher Wilson,billy79@example.net,Vanuatu,2021-09-11,Standard,1815.14
6623,Jerry Wallace,solisdenise@example.net,Bahamas,2021-07-02,Standard,3067.95
6624,Neil Oconnor,dickersonscott@example.org,Georgia,2020-08-31,Basic,864.87
6625,Jessica Thompson,michael39@example.com,Tonga,2025-07-16,Basic,276.30
6626,Johnny Murphy,lgarcia@example.net,Cayman Islands,2026-03-02,Standard,2702.14
6627,Steven Lambert,tayloraudrey@example.com,Taiwan,2021-09-12,Premium,18317.34
6628,Angela Perez,fowlerjackson@example.net,Lebanon,2024-09-18,Standard,639.55
6629,William Moreno,pwatson@example.com,Romania,2026-05-06,Basic,844.07
6630,Chad Perez,fullersharon@example.org,Russian Federation,2023-06-10,Basic,1475.20
6631,Emily Rodriguez,brenda88@example.com,Barbados,2025-07-20,Standard,2412.05
6632,Steven Ramirez,travis92@example.com,Norway,2022-07-31,Standard,3377.55
6633,Sara Manning,christinegarrison@example.org,Albania,2024-02-20,Standard,3221.65
6634,Sara Owen,qsmith@example.com,Trinidad and Tobago,2022-04-20,Standard,1101.24
6635,Crystal Roberts,cindy81@example.com,United Kingdom,2024-10-06,Basic,604.69
6636,Sandra Vazquez,ocarter@example.org,Peru,2023-10-10,Basic,1205.25
6637,Ashley Baker,thomasandrew@example.org,Australia,2023-04-12,Standard,3628.32
6638,Rebecca Walker,jonesdawn@example.org,Liechtenstein,2023-08-17,Premium,7367.67
6639,Julie Sparks,charlesbutler@example.org,El Salvador,2022-04-17,Premium,7598.81
6640,Theresa Young,cookkevin@example.com,Venezuela,2023-05-14,Basic,871.17
6641,Valerie Stafford,mcguiredylan@example.org,Micronesia,2025-01-03,Standard,1647.12
6642,Kristin Glass,hallstephen@example.org,Mozambique,2020-12-19,Basic,340.93
6643,Kimberly Mejia,jperez@example.com,British Virgin Islands,2025-11-20,Standard,4497.66
6644,Greg Thomas,ryan86@example.org,Senegal,2022-01-17,Basic,1138.51
6645,Patricia Daniels,brianbernard@example.org,Cook Islands,2026-01-25,Basic,943.66
6646,Nicole Olson,chelsea32@example.com,Puerto Rico,2023-06-30,Premium,15586.03
6647,Harold Dunn,josecastro@example.org,Chad,2021-12-12,Basic,74.67
6648,Barbara Romero,deborah80@example.com,San Marino,2021-07-26,Standard,866.02
6649,David Black,thomasfreeman@example.com,United Kingdom,2024-07-15,Basic,97.69
6650,Deanna Ramirez,fergusonshirley@example.net,Singapore,2023-11-06,Basic,1484.55
6651,Miranda Serrano,kennethjohnson@example.org,Turks and Caicos Islands,2026-01-03,Basic,1198.21
6652,Jason Hall,jorge33@example.com,Bahamas,2020-06-23,Standard,4653.34
6653,Erica Fischer,olee@example.net,British Indian Ocean Territory (Chagos Archipelago),2021-02-14,Premium,13151.40
6654,Shawn Gomez,jbeck@example.org,San Marino,2025-12-31,Basic,1303.59
6655,Chad Walton,christinepatterson@example.com,Burkina Faso,2022-12-30,Premium,21086.97
6656,Brian Green,huntmegan@example.org,Seychelles,2023-07-18,Basic,672.58
6657,Matthew Hill,lbailey@example.net,Sao Tome and Principe,2026-07-08,Basic,443.13
6658,Alicia Jordan MD,thomasnorris@example.org,Israel,2024-01-08,Basic,1468.26
6659,Jacqueline Gould,grodriguez@example.com,India,2021-12-02,Basic,435.00
6660,Mr. Anthony Archer MD,scottkelsey@example.net,Uzbekistan,2021-08-16,Basic,1083.19
6661,David Williams,uhoward@example.com,Finland,2025-12-01,Basic,1427.82
6662,Lindsey Foster,jperez@example.org,Iran,2023-03-05,Basic,845.43
6663,Angel Buck,xballard@example.org,Niger,2020-02-09,Premium,8814.88
6664,Lauren Adams,zramirez@example.net,Vietnam,2021-05-29,Basic,1030.31
6665,Michael Camacho,gmartin@example.net,Greece,2021-04-22,Basic,619.82
6666,Jennifer Guerra,hbruce@example.net,Netherlands,2021-12-08,Basic,842.64
6667,Tara Navarro,davisryan@example.net,Bermuda,2025-07-04,Basic,964.46
6668,Cody Thomas,cbanks@example.com,Namibia,2022-09-29,Standard,3618.27
6669,Derek Mendoza,andrewramirez@example.org,Uganda,2021-11-04,Basic,1148.89
6670,Monique Hughes,sgeorge@example.com,Burundi,2021-06-28,Standard,4601.74
6671,Robert Sanchez,dbarrett@example.com,Cyprus,2023-01-23,Basic,1310.77
6672,Ms. Tiffany Thompson,daniellecolon@example.net,Mozambique,2020-04-03,Basic,923.53
6673,John Harris,,Belarus,2025-10-28,Standard,2095.89
6674,Kristen Molina,pthomas@example.net,Malta,2020-09-20,Basic,1027.92
6675,Patrick Wilson,gomezgina@example.net,Nigeria,2023-03-06,Standard,4209.56
6676,Richard Jenkins,linda00@example.net,French Polynesia,2023-01-28,Standard,809.97
6677,Joyce Wade,brendafarrell@example.com,Singapore,2022-12-25,Basic,683.10
6678,Annette Wyatt,rebeccapark@example.net,Western Sahara,2026-08-14,Basic,1256.96
6679,Stephen Anderson,yfernandez@example.org,Oman,2020-04-08,Standard,4238.73
6680,Patrick Chavez,yhall@example.com,Denmark,2025-05-14,Premium,17661.07
6681,David Smith,award@example.com,Algeria,2025-09-30,Standard,3161.13
6682,Michael Ashley,kimberlyberry@example.org,Bahrain,2024-05-01,Standard,4089.63
6683,Rebecca Brewer,cochranpatricia@example.com,Nepal,2023-01-21,Standard,2162.76
6684,Samuel Mora DDS,hmartinez@example.org,Holy See (Vatican City State),2020-01-30,Basic,163.84
6685,Jeffery Williams,andreasmith@example.net,Anguilla,2022-10-04,Standard,4550.94
6686,Cassie Turner,shamilton@example.com,Greece,2020-12-17,Premium,14965.01
6687,Heather Reynolds,zhaney@example.com,Luxembourg,2020-08-12,Premium,11041.14
6688,Daniel Burnett,jamesduncan@example.org,Peru,2025-06-02,Premium,6638.44
6689,Marcus Joseph,kimwu@example.org,Korea,2024-11-09,Basic,89.41
6690,Justin West,gary35@example.net,Micronesia,2022-09-12,Basic,1225.74
6691,Meghan Frazier,ujohnson@example.com,Lao People's Democratic Republic,2026-05-10,Standard,4529.94
6692,Brandi Adams,zwatts@example.org,Namibia,2021-01-10,Basic,838.11
6693,Kirk King,mrodriguez@example.org,Reunion,2026-04-29,Basic,1156.32
6694,Katherine Hobbs,barberbrandon@example.org,United States Virgin Islands,2022-11-09,Basic,883.30
6695,James Pugh,williamsethan@example.org,Oman,2022-12-24,Basic,256.80
6696,Jessica Mejia,williamtaylor@example.com,Ghana,2026-02-13,Standard,893.85
6697,Eric Martin,teresa62@example.net,Niue,2021-03-15,Standard,4262.58
6698,Stephanie Jackson,zoe09@example.com,Botswana,2020-09-21,Basic,874.07
6699,Richard Cook,erik51@example.com,Singapore,2020-07-12,Basic,1230.20
6700,Louis Robinson,melanie50@example.net,Palau,2022-08-04,Basic,912.65
4260,Jorge Gilbert,fwood@example.org,Bahamas,2025-10-28,Premium,16968.10
6702,Cheryl Lam,heather06@example.org,French Southern Territories,2026-06-12,Premium,24852.21
6703,Jonathan Diaz,shawn99@example.org,Israel,2021-07-28,Standard,4443.61
6704,Kimberly Arnold,jeffreybridges@example.org,Bahamas,2023-12-23,Basic,479.93
6705,Kathleen Sandoval,donnaking@example.net,Zimbabwe,2021-09-18,Basic,268.21
6706,Janice Patel,irobertson@example.org,Comoros,2024-02-02,Basic,1355.14
6707,Robert Flynn,cwilliamson@example.com,Comoros,2023-12-26,Premium,6914.66
6708,Kathryn Jones,jason42@example.net,Korea,2026-05-26,Standard,2452.12
6709,Keith Barrera,gharris@example.org,Tonga,2024-04-08,Basic,911.32
6710,Dawn Finley,frederickvelez@example.net,Israel,2020-03-15,Basic,701.13
6711,Lisa Edwards,david04@example.org,Western Sahara,2024-11-06,Standard,4556.72
6712,Adrian English,ydiaz@example.org,Qatar,2021-05-13,Basic,1408.77
6713,Daniel Hoffman,gilbertkenneth@example.org,Ukraine,2026-01-16,Standard,2005.83
6714,Jessica Campbell,fedwards@example.org,Chile,2020-08-14,Standard,1421.10
6715,Mark Rodriguez,mjones@example.org,Christmas Island,2024-09-02,Standard,644.68
6716,Nicholas Ellis,johnnywells@example.net,Reunion,2021-11-11,Standard,4329.91
6717,Donald Perez,jasminewilliams@example.com,United States of America,2022-08-26,Standard,3608.93
6718,Mrs. Joann Burns,brian97@example.com,Estonia,2022-07-21,Standard,1852.07
6719,Catherine Lee DDS,brockmartha@example.org,United States Minor Outlying Islands,2020-10-11,Standard,3934.74
6720,Nicole Anderson,bradleyhernandez@example.org,Serbia,2026-08-11,Premium,19133.16
6721,Amanda Contreras,robinsonwhitney@example.com,Andorra,2021-06-29,Premium,22022.64
6722,Cheryl Ortiz,rlopez@example.com,British Virgin Islands,2023-04-21,Premium,16030.47
6723,Bruce Alexander,amandarogers@example.net,Hungary,2020-12-02,Premium,2568.36
6724,Barbara Strong,brewereric@example.net,Jamaica,2023-04-28,Standard,3314.98
6725,Elizabeth House,xosborne@example.net,India,2021-04-21,Standard,4114.27
6726,Brandi Larsen,wobrien@example.com,Slovenia,2026-07-02,Basic,868.79
6727,Ashley Horton,jason61@example.com,Hong Kong,2025-02-24,Basic,1029.43
6728,Juan Rogers,nwebster@example.com,Barbados,2025-05-21,Basic,1162.62
6729,Bianca Hernandez,smithgary@example.org,Micronesia,2020-10-02,Premium,16060.08
6730,Christopher Hayes,wflores@example.com,Guinea,2024-03-11,Basic,1172.74
6731,Erica Fernandez,caroline06@example.net,Australia,2020-04-14,Basic,249.97
6732,Kimberly Robertson,christy84@example.com,Tanzania,2022-01-13,Basic,1475.67
6733,Richard Riley,duncanmichael@example.com,Australia,2020-01-03,Basic,412.14
6734,Ashley Knight,lopezaaron@example.com,Lao People's Democratic Republic,2022-04-19,Standard,2391.19
6735,Tyler Shaw,riveraandrew@example.net,Cyprus,2023-04-27,Standard,609.74
6736,Rebecca Marshall,reedanne@example.net,Burkina Faso,2021-05-17,Premium,7107.92
6737,Ashley Osborne,gmatthews@example.org,Cambodia,2022-05-09,Basic,758.49
6738,Brenda Howard,kaylee04@example.org,Jamaica,2022-06-27,Standard,3673.02
6739,Chad Anderson,davismary@example.com,Gabon,2021-02-24,Standard,2816.35
6740,Thomas Goodwin,thomaskenneth@example.com,Qatar,2024-05-02,Standard,4401.45
6741,Andrea Collier,beardtroy@example.org,Tuvalu,2020-06-26,Standard,4650.11
6742,Sarah Burns,shepardcynthia@example.com,Wallis and Futuna,2023-03-17,Standard,1491.77
6743,Travis Long,flee@example.org,Azerbaijan,2020-08-19,Standard,1560.78
6744,Christopher Leonard,albert40@example.org,Cayman Islands,2022-01-17,Basic,703.97
6745,Tina Mccarty,rachelavila@example.org,Iran,2020-07-02,Basic,1315.91
6746,Roger Miller,kingchristopher@example.org,Marshall Islands,2020-06-17,Basic,1448.29
6747,Jessica Bryant,patrick69@example.net,Sierra Leone,2026-07-02,Basic,255.14
6748,Daniel Lutz,carrollalexandra@example.org,Ireland,2024-06-17,Basic,94.34
6749,Bradley Aguilar,wattsthomas@example.org,Bangladesh,2023-05-18,Basic,146.53
6750,Timothy Harrison,bowersjanice@example.com,Qatar,2025-01-12,Basic,946.41
6751,Beverly Lloyd,omedina@example.org,Gambia,2025-06-20,Premium,15033.66
6752,Diana Cook,romerozachary@example.org,Dominica,2026-06-13,Standard,3858.28
6753,Craig Jenkins,uyork@example.com,Saint Barthelemy,2020-12-09,Basic,825.20
6754,Katherine Avery,travisscott@example.net,Rwanda,2024-06-20,Basic,1383.68
6755,Marie Wright,kevinsmith@example.com,Barbados,2024-10-04,Standard,4699.32
6756,Maria Powell,randy27@example.com,Uzbekistan,2023-06-10,Standard,1369.80
6757,Mikayla Russell,elizabeth26@example.org,United States of America,2022-06-20,Basic,1134.80
6758,Kevin Gonzalez,courtneyboyd@example.org,Cape Verde,2025-09-11,Standard,3542.54
6759,Amber Flores,mjackson@example.com,Faroe Islands,2025-02-02,Basic,1317.83
6760,Nicholas Brown,josephroberts@example.net,Philippines,2023-03-01,Premium,11417.35
6761,Jay Pitts,scottkenneth@example.org,Turkey,2022-10-09,Standard,2841.32
6762,Eric Yoder,abonilla@example.com,Singapore,2024-10-14,Basic,1341.69
6763,Daniel Warner,stevenwoods@example.com,South Africa,2024-10-12,Basic,786.59
6764,Katherine Luna,kevinmcgee@example.com,Chile,2024-10-20,Premium,22318.42
6765,Michael Thompson,xbowman@example.org,Burkina Faso,2023-03-19,Standard,4633.81
6766,Jessica Garcia,mary99@example.net,Kyrgyz Republic,2025-01-07,Basic,1029.56
6767,Sarah Hopkins,aguilarheather@example.org,Ireland,2022-12-25,Standard,2266.62
6768,Ryan Reed,cummingskelly@example.org,Monaco,2024-09-14,Premium,9336.24
6769,Chelsea Morris,rgordon@example.net,Barbados,2022-10-31,Basic,1215.96
6770,Desiree Jones,zreed@example.net,Congo,2020-03-14,Standard,1100.07
6771,Rachel Nichols,estafford@example.org,Anguilla,2024-03-08,Basic,611.87
6772,Rick Shaw,wmason@example.com,Kyrgyz Republic,2022-03-28,Premium,14215.70
6773,Jason Perkins,samanthadyer@example.org,Panama,2025-02-05,Standard,2078.87
6774,John Johnson,kayla81@example.org,Sudan,2021-08-04,Premium,22598.10
6775,Theresa Norris,markhuffman@example.com,Pakistan,2023-02-21,Premium,4191.05
6776,William Collins,jrobinson@example.com,Taiwan,2026-03-13,Standard,1396.04
6777,Dylan Trevino,melissa04@example.com,Solomon Islands,2024-01-05,Standard,3132.28
6778,Alison Ross,aduran@example.com,Moldova,2020-08-01,Standard,1453.15
6779,Laura Davidson,bethbenjamin@example.net,Belize,2023-06-02,Standard,2764.32
6780,Kayla Martin,margaret02@example.org,Botswana,2022-03-29,Basic,212.85
6781,Jennifer Beck,martinamber@example.net,Wallis and Futuna,2022-09-27,Standard,3834.27
6782,Sarah Scott,bbarr@example.net,Namibia,2024-08-30,Standard,3948.93
6783,Miguel Arnold,vickie83@example.com,Spain,2024-05-27,Premium,2753.92
6784,Emily Grant,stacyprice@example.net,Thailand,2020-07-29,Basic,52.53
6785,Craig Owens,jeremy34@example.net,Cambodia,2025-02-22,Basic,696.66
6786,Kimberly Frank,laurie61@example.org,Seychelles,2022-11-11,Basic,601.81
6787,Justin Jones,mmora@example.com,Gambia,2022-03-11,Basic,279.53
6788,Jorge Atkinson,xjohnson@example.net,Belarus,2024-06-21,Basic,934.88
6789,Megan Dean,glennjustin@example.net,Latvia,2023-02-19,Basic,704.34
6790,Thomas Ball,stephenjimenez@example.net,Reunion,2021-07-07,Basic,214.56
6791,Kathleen Smith,lweber@example.com,Indonesia,2020-11-21,Basic,1481.84
6792,Renee Garcia,nancy65@example.net,Mozambique,2025-08-03,Premium,2532.99
6793,Deborah Pratt,thart@example.org,Portugal,2026-01-22,Basic,409.83
6794,Sonya Hill,nathaniel95@example.com,Yemen,2023-09-17,Premium,14345.85
6795,Rebecca Gibson,petersonroger@example.com,Morocco,2024-11-25,Standard,3167.25
6796,Maria Moreno MD,pmiller@example.org,Brunei Darussalam,2026-04-02,Basic,1261.30
6797,Shannon Logan,flewis@example.com,Rwanda,2026-08-01,Standard,2669.18
6798,Paula Porter,dlong@example.net,Puerto Rico,2024-03-15,Basic,636.55
6799,Jennifer Galloway,yrodriguez@example.org,Peru,2022-07-21,Standard,4071.91
6800,Darrell Williams,orodriguez@example.net,United Kingdom,2026-03-22,Basic,953.18
6801,Mark Cooper,laraleslie@example.org,Swaziland,2024-04-01,Standard,3663.78
6802,Amy Williams,johnsoncraig@example.com,Suriname,2025-04-30,Premium,22230.88
6803,Lucas Oliver,kmclean@example.com,Solomon Islands,2025-03-30,Premium,15303.28
6804,Sandra Allen,lisathompson@example.org,Liechtenstein,2026-08-04,Standard,3308.80
6805,Rebecca Thompson,robertporter@example.org,Saudi Arabia,2021-04-29,Basic,140.59
6806,Jeffrey Hawkins,dmoore@example.org,Heard Island and McDonald Islands,2020-11-03,Basic,364.79
6807,Margaret Ramsey,ashaffer@example.org,Cayman Islands,2026-06-04,Standard,4164.18
6808,Christine Lowe,gina41@example.com,Falkland Islands (Malvinas),2024-02-12,Premium,15274.78
6809,Mr. Andrew Reynolds,kreed@example.net,Greenland,2022-07-28,Standard,4612.19
6810,David Brooks,zferguson@example.com,Niger,2026-01-08,Basic,110.05
6811,Cameron Stevenson,smithpaul@example.com,Saint Helena,2021-03-19,Premium,21002.84
6812,Maria Torres,phillipsderek@example.org,Belize,2024-07-08,Basic,624.99
6813,Christine Mitchell,aarongray@example.net,Venezuela,2023-05-18,Premium,15611.75
6814,Carrie Glass,ramirezjennifer@example.com,Malta,2023-08-28,Basic,443.42
6815,Alyssa Stanley,lloydcheryl@example.org,British Virgin Islands,2026-08-14,Basic,514.98
6816,Brian Young,perry58@example.org,Turkmenistan,2020-07-14,Standard,4990.84
6817,Lee Smith,russellrobert@example.net,Suriname,2022-08-23,Basic,901.96
6818,Jennifer Russell,garymoyer@example.org,Mayotte,2024-07-20,Basic,943.39
6819,Alexander Garcia,fletchermichael@example.net,Vanuatu,2022-07-03,Standard,3079.02
6820,Kenneth Washington,patriciamoreno@example.org,Puerto Rico,2022-07-15,Basic,340.61
6821,Michael Mullins,jordanwallace@example.org,Saint Vincent and the Grenadines,2021-10-08,Basic,778.26
6822,Elizabeth Clark,justin17@example.com,Honduras,2023-02-12,Standard,981.87
6823,Ronald Burke,christopherjackson@example.org,Myanmar,2022-11-09,Premium,21191.72
6824,Alexandra Stark,fpatrick@example.org,Serbia,2026-03-25,Basic,635.45
6825,Jenna York,beltranstephen@example.com,Paraguay,2021-04-17,Basic,283.98
6826,Michael Hopkins,harveymegan@example.net,Croatia,2023-03-03,Premium,9914.61
6827,Albert Peterson,fosterpatricia@example.org,Netherlands Antilles,2026-03-10,Basic,831.11
6828,Dana Nelson,milleranna@example.net,Bahamas,2025-09-21,Basic,212.74
6829,Darren Miller,wwiley@example.com,Liechtenstein,2025-02-19,Basic,561.31
6830,Brian Dixon,jessica38@example.com,British Virgin Islands,2026-02-21,Basic,962.87
6831,Latasha Trujillo,erikbaker@example.org,Portugal,2020-05-12,Premium,11614.74
6832,Scott Johnson,freynolds@example.com,Montserrat,2025-10-29,Basic,759.53
6833,Brandy Liu,swilcox@example.net,Fiji,2024-03-10,Basic,1155.49
6834,Juan Goodman,michaelbeard@example.net,Namibia,2025-06-14,Basic,470.31
6835,Robert Pope,wjackson@example.com,Saint Pierre and Miquelon,2020-10-15,Basic,1047.37
6836,Jorge Brown,trandaniel@example.com,Wallis and Futuna,2020-05-27,Basic,937.50
6837,Tamara Gonzalez,susanhiggins@example.com,Tokelau,2023-06-01,Standard,2976.94
6838,Mrs. Amy Macdonald,steven36@example.com,Montenegro,2021-04-22,Standard,973.64
6839,Emily Johnson,kristinemendoza@example.net,Samoa,2025-02-06,Basic,378.40
6840,Melissa Erickson,mosleypamela@example.org,Saint Lucia,2023-10-30,Basic,400.13
6841,Marie Perez,whiteryan@example.org,Hungary,2022-11-29,Basic,989.47
6842,Michael White,jbrown@example.net,French Guiana,2023-04-04,Premium,15221.78
6843,Jennifer Davis,alexanderclark@example.org,Andorra,2020-07-11,Basic,716.60
6844,Lauren Torres,danahood@example.org,Mauritania,2025-01-31,Standard,2403.99
6845,Sarah Casey,veronicabyrd@example.net,Turkmenistan,2025-05-17,Basic,1080.12
6846,Anthony Short,hallsteven@example.net,Mauritius,2023-06-08,Basic,1093.22
6847,Kendra Spears,clarksherri@example.net,Armenia,2023-06-16,Premium,5572.34
6848,Katie Lambert,harmonadam@example.net,Wallis and Futuna,2022-01-05,Basic,609.99
6849,Judy Simmons,jenniferwalter@example.net,Antigua and Barbuda,2023-03-22,Standard,2450.67
6850,Richard Hernandez,megantate@example.net,Bahrain,2024-01-13,Standard,4646.73
6851,Sarah Fry,davidespinoza@example.net,Pakistan,2021-04-02,Basic,609.95
6852,Maria Stokes,popemichael@example.com,Yemen,2021-09-26,Standard,1767.84
6853,David Williams,jennifer85@example.com,United States Virgin Islands,2021-02-18,Basic,1209.68
6854,Lisa Schultz,wallacewendy@example.net,Papua New Guinea,2020-06-03,Basic,262.03
6855,Dana Morgan,zmitchell@example.net,Algeria,2023-01-06,Basic,1253.45
6856,Chad Wilkins,victor77@example.com,Dominica,2023-09-21,Premium,21310.38
6857,Kimberly Garner,xherrera@example.org,Bulgaria,2026-04-18,Premium,18977.21
6858,Rhonda Moran,booneelizabeth@example.org,South Africa,2021-10-31,Premium,22978.98
6859,Lawrence Carroll,sscott@example.com,Mozambique,2022-11-04,Basic,304.42
6860,Jason Schwartz,erica16@example.com,Nicaragua,2025-02-10,Basic,118.97
6861,Katherine Chen,matthew96@example.com,Switzerland,2020-10-06,Basic,1433.03
6862,Paul James,zbrown@example.net,American Samoa,2023-11-01,Basic,201.63
6863,Rachael Rubio,frank52@example.com,Togo,2020-10-05,Basic,1320.39
6864,Julie Greene,reyesrobin@example.net,Spain,2022-09-21,Premium,13452.40
6865,Dr. Melissa Johnson DDS,james89@example.net,Costa Rica,2021-12-21,Standard,1213.05
6866,Daniel Estrada,ruth13@example.org,Czech Republic,2021-01-28,Basic,1094.34
6867,Jennifer Harper,james32@example.com,Israel,2020-06-17,Basic,189.49
6868,Caleb Williamson,dianecrawford@example.com,Liberia,2023-10-10,Standard,2049.78
6869,Elizabeth Bradshaw,gchase@example.net,Mexico,2025-04-20,Basic,1277.03
6870,Ryan Mclaughlin,sstewart@example.com,Guyana,2024-07-08,Basic,352.71
6871,Shannon Martin,andrew34@example.com,Jersey,2024-11-18,Basic,481.65
6872,Patrick Benson,aaron68@example.net,Nauru,2026-03-24,Basic,1385.16
6873,Daniel Robertson,aperkins@example.net,Yemen,2024-11-03,Standard,3401.81
6874,Matthew Houston,pthompson@example.org,Montenegro,2023-09-07,Basic,1075.05
6875,Alan Martin,patricktammy@example.net,Oman,2023-08-14,Basic,633.43
6876,Carly Harris,aestrada@example.net,Australia,2022-04-10,Basic,1464.86
6877,Andrea Rodriguez,sherritate@example.com,Philippines,2020-07-04,Standard,2925.48
6878,Jason Cook,caseymichael@example.org,Malaysia,2021-10-20,Premium,21155.37
6879,Mathew Odonnell,michaelyoung@example.org,Malaysia,2025-06-14,Standard,1536.27
6880,Joe Carter,kwalker@example.net,Germany,2025-03-23,Basic,996.14
6881,Susan Underwood,robertpetersen@example.net,Albania,2022-05-12,Premium,23194.74
6882,Courtney Thomas,jimenezaudrey@example.org,Tuvalu,2026-05-08,Basic,1277.80
6883,Carrie Nichols,wrightlisa@example.com,Barbados,2020-09-13,Basic,1204.33
6884,Leroy Bell,bakeryesenia@example.net,Morocco,2020-02-19,Basic,476.72
6885,Gary Taylor,austinscott@example.net,Saint Vincent and the Grenadines,2022-10-17,Basic,1205.09
6886,Jennifer Robertson,jessica34@example.net,Hungary,2026-01-28,Basic,1318.74
6887,Erika Moore,jonathan37@example.org,Egypt,2025-04-25,Standard,4772.82
6888,Daniel Smith,qgarcia@example.com,Sudan,2021-06-17,Basic,113.65
6889,Zachary Thompson,julieguerra@example.org,United States of America,2025-11-12,Standard,1207.51
6890,Lori Davis,alexander01@example.org,Burkina Faso,2020-11-01,Standard,886.33
6891,John Sharp,nicholsjessica@example.com,Bolivia,2023-11-29,Standard,547.40
6892,Ronald Curtis,cwilliams@example.net,Eritrea,2022-01-07,Basic,990.21
6893,Matthew Lee,fpadilla@example.com,Dominica,2025-02-08,Standard,3667.85
6894,Frank Harmon,iyang@example.org,Pitcairn Islands,2022-06-27,Basic,180.11
6895,Judy Glass,njohnson@example.com,Gambia,2023-07-25,Standard,3260.70
6896,Laura Johnston,lucasoscar@example.net,Czech Republic,2025-03-16,Premium,24485.69
6897,Brian Davis,cindy40@example.org,Georgia,2022-06-27,Basic,201.99
6898,Regina Rogers MD,paul54@example.net,Faroe Islands,2026-05-07,Basic,586.17
6899,James Haynes,xrosario@example.com,Japan,2023-12-23,Standard,923.71
6900,Caitlyn Carter,terrellkari@example.com,Burkina Faso,2026-01-31,Standard,3927.69
6901,Edward Fuller,anthony62@example.net,Saint Barthelemy,2021-03-10,Standard,2516.06
6902,Brett Mcgee,ltaylor@example.org,Nauru,2025-05-23,Basic,1331.58
6903,Cody Holmes,kennethhancock@example.org,Peru,2021-12-31,Basic,1166.78
6904,Julie Luna,hclark@example.net,Saint Barthelemy,2023-12-26,Basic,172.88
6905,Daniel Robbins,fperez@example.org,Northern Mariana Islands,2021-08-05,Standard,633.89
6906,Kathryn Owens,lpalmer@example.com,Cote d'Ivoire,2021-05-30,Standard,4101.42
6907,Heidi Spears,amanda35@example.com,North Macedonia,2024-12-13,Standard,2950.97
6908,Barbara Nelson,john04@example.org,Mexico,2024-11-26,Basic,225.70
6909,Cynthia Rollins,angela60@example.com,Thailand,2023-04-13,Basic,262.27
6910,Tommy Evans,michaelmorton@example.net,Australia,2021-10-01,Basic,1112.05
6911,Lauren Wright,frivera@example.net,Pitcairn Islands,2023-10-12,Basic,1079.79
6912,Henry Smith,parrishjames@example.com,Mali,2020-04-28,Basic,1000.92
6913,Adam Flores,tanyamorrison@example.com,Dominican Republic,2021-12-01,Premium,3761.17
6914,Tami Wells,franklinmichael@example.com,Mexico,2023-03-19,Standard,4315.55
6915,Henry Holloway,joshuaduarte@example.org,Kuwait,2021-07-26,Premium,3124.84
6916,John Brown,gregory95@example.org,Dominican Republic,2022-05-30,Standard,4926.24
6917,David Stephens,austin11@example.org,Ethiopia,2024-03-10,Basic,242.60
6918,Kelly Burton,paul65@example.org,United States of America,2022-04-20,Basic,704.41
6919,Alicia Henderson,mbuck@example.com,Netherlands,2022-01-14,Basic,1454.00
6920,Anthony Newton,mcole@example.net,Morocco,2020-10-29,Basic,516.45
6921,Mark Lee,lindalee@example.net,Niue,2020-04-07,Basic,743.69
6922,Michael Parks,petersdavid@example.org,Cuba,2026-07-31,Standard,3150.82
6923,Timothy Rasmussen,beasleystacey@example.net,Luxembourg,2023-08-12,Basic,484.47
6924,Rachel Black,carnold@example.org,Puerto Rico,2025-03-17,Standard,1638.28
6925,Teresa Hicks,sarah31@example.com,Gibraltar,2026-02-26,Standard,4438.05
6926,Courtney Patel,tracykramer@example.net,San Marino,2020-03-19,Basic,80.44
6927,Debra Ward,wendyhall@example.com,Nigeria,2020-04-18,Basic,1156.06
6928,Karen Sanchez,john53@example.com,Christmas Island,2023-06-10,Basic,214.02
6929,Alexandria Fuentes,kelli58@example.com,Montserrat,2026-07-09,Standard,1153.19
6930,Amanda White,austinsmith@example.net,New Caledonia,2022-10-01,Standard,2850.00
6931,Toni Atkins,brucetravis@example.net,Guinea,2020-11-25,Standard,2527.04
6932,Hector Reed,petersensarah@example.com,Thailand,2022-02-24,Standard,3843.55
6933,Seth Turner,imoody@example.com,Gambia,2024-07-02,Standard,946.97
6934,Philip Smith III,millerwalter@example.org,Norfolk Island,2021-07-04,Standard,4280.10
6935,Jenna Hill,harrismarc@example.net,Lesotho,2025-11-26,Basic,928.56
6936,Kelly Howard,xadams@example.org,Liechtenstein,2021-09-20,Basic,206.71
6937,Jeremy Webster,smithkimberly@example.com,China,2022-04-03,Standard,2542.51
6938,James Shannon,qgonzalez@example.org,Thailand,2026-08-07,Standard,2024.55
6939,Angela Brown,glassgary@example.org,Angola,2022-01-17,Standard,4549.38
6940,Casey Murray,priceraymond@example.org,Holy See (Vatican City State),2026-01-30,Standard,979.71
6941,Peter Stephens,kenneth12@example.net,Macao,2024-06-16,Standard,2631.50
6942,Brandon Kaufman,wendytucker@example.net,Canada,2022-01-25,Basic,855.70
6943,Dawn Hopkins,toni78@example.net,Mongolia,2020-07-08,Standard,3597.97
6944,Christina Castillo,ajones@example.net,French Polynesia,2025-08-26,Standard,1772.81
6945,Kathy Curry,chenpatrick@example.org,Portugal,2025-01-20,Basic,359.45
6946,Jocelyn Wheeler,torresdeanna@example.com,Afghanistan,2023-07-15,Basic,152.08
6947,Phillip Gonzalez,morrisonadrienne@example.org,Cyprus,2023-12-06,Standard,750.38
6948,Michele Randall,kara70@example.com,Nicaragua,2025-09-09,Standard,1744.27
6949,Diamond Browning,zkoch@example.net,French Polynesia,2022-12-19,Basic,812.88
6950,Mr. Samuel Bradley,coreysmith@example.com,Brunei Darussalam,2022-07-19,Standard,4530.35
6951,Veronica Weber,bellkarla@example.com,Wallis and Futuna,2025-07-28,Premium,15165.14
6952,Craig Salinas,gcruz@example.net,Micronesia,2023-08-07,Basic,1479.34
6953,David Watson,wrightbrenda@example.net,Chad,2026-07-07,Basic,976.83
6954,Laura Flynn,shannon31@example.com,Iran,2021-02-23,Premium,10147.70
6955,Robert Wilkins,mariaramirez@example.org,Thailand,2023-08-19,Standard,2201.40
6956,Brett Miller,stacygonzales@example.com,Zambia,2023-03-15,Basic,692.22
6957,Donald Guerra,michelle17@example.org,Saudi Arabia,2021-11-01,Standard,1951.29
6958,Jason Wolfe,mary76@example.com,Kiribati,2024-04-08,Standard,3093.65
6959,Jacqueline Elliott,ymyers@example.com,Grenada,2023-07-14,Standard,2036.18
6960,Rachel Thomas,eking@example.org,Jordan,2024-03-26,Standard,3112.56
6961,Sean Torres,kpruitt@example.org,Suriname,2020-05-08,Basic,362.66
6962,Victoria Vazquez,mark19@example.com,Romania,2024-06-29,Basic,1247.16
6963,Douglas Roberts,kelleyalexis@example.com,Ethiopia,2025-05-13,Standard,4300.66
6964,Frederick Walker,ortegacatherine@example.org,Andorra,2025-09-11,Basic,1337.66
6965,Paige Sanders,hortonbrittany@example.net,Nicaragua,2025-03-14,Standard,4139.36
6966,Leslie Murphy,perezdaniel@example.com,Angola,2023-01-30,Standard,4567.92
6967,Kelly Stone,cookrebekah@example.net,Myanmar,2026-07-01,Basic,811.73
6968,Ryan Jones,ryan09@example.net,United Arab Emirates,2026-03-12,Basic,1042.06
6969,Ronald Nichols Jr.,bpierce@example.org,Moldova,2022-11-11,Basic,342.80
6970,Brianna Black,zsalazar@example.org,Bahrain,2026-08-12,Basic,744.09
6971,Thomas Mahoney,estradashelby@example.com,Malaysia,2025-10-15,Basic,662.19
6972,Ann Daniels,millererika@example.com,Tanzania,2025-03-23,Basic,500.33
6973,Jorge Brown,darryl49@example.com,Tonga,2023-07-24,Standard,2799.81
6974,Matthew Dominguez,sduncan@example.org,Burundi,2022-09-26,Standard,618.25
6975,Valerie Hodges MD,ginacastro@example.net,Palau,2021-04-11,Basic,745.83
6976,Luke Murray,lisareid@example.net,Svalbard & Jan Mayen Islands,2025-03-09,Basic,477.94
6977,Brian Payne,michael22@example.net,Faroe Islands,2022-05-08,Standard,4245.51
6978,Carrie Stone,istokes@example.net,Philippines,2025-11-20,Basic,713.51
6979,Joshua Barrera,dlong@example.com,Afghanistan,2026-05-12,Standard,3226.95
6980,Sherri Mclaughlin,kthomas@example.org,Canada,2023-10-26,Basic,1471.17
6981,Rachel Dawson,scottjackson@example.org,Saint Kitts and Nevis,2022-04-29,Basic,279.48
6982,Christina Baldwin,scotttaylor@example.org,Jersey,2023-10-06,Basic,837.72
6983,Donald Perkins,coxbarbara@example.org,Andorra,2022-08-22,Standard,2697.38
6984,David Rowe,tonya08@example.net,Maldives,2021-08-07,Basic,662.07
6985,Kristina Taylor,zachary70@example.com,Western Sahara,2021-05-10,Standard,1313.32
6986,Chase Evans,wcortez@example.org,United States of America,2023-11-08,Standard,514.61
6987,Terry Pitts,shannongilbert@example.org,Argentina,2023-11-21,Premium,13617.47
6988,Brianna Jackson,veronicalane@example.net,Uruguay,2021-10-16,Standard,4557.34
6989,Randall Pugh MD,hensleyleslie@example.org,Uganda,2025-10-04,Standard,4323.30
6990,Victoria Campbell,williamsstephanie@example.net,Montserrat,2024-12-14,Standard,4251.45
6991,Alex Lewis,qruiz@example.org,Argentina,2021-06-11,Basic,621.92
6992,Mrs. Patty Gross MD,leonzachary@example.org,Puerto Rico,2023-12-02,Basic,1121.09
6993,Terry Brown,jacob71@example.com,Swaziland,2025-09-28,Basic,794.01
6994,Claudia Williams,julie45@example.org,Somalia,2023-08-08,Basic,488.27
6995,Tammy Walsh,jstone@example.org,Nepal,2025-10-01,Premium,17659.39
6996,Juan Haynes,robert74@example.net,Turkmenistan,2026-05-22,Standard,2924.37
6997,Richard Ross,frederick50@example.com,Ireland,2021-01-14,Standard,4795.63
6998,Timothy Davies,ycarter@example.com,Suriname,2021-11-08,Basic,1104.79
6999,Rebecca Rocha,fgraham@example.org,Faroe Islands,2025-06-12,Premium,19802.81
7000,Jeffrey Johnson,mooredana@example.net,Thailand,2022-04-18,Basic,1496.79
7001,Ashley Vazquez,bryantgregory@example.org,Angola,2026-08-07,Basic,624.88
7002,Lisa Durham,rileywhite@example.com,Monaco,2023-11-21,Basic,1286.41
7003,Albert Williams,chadcollins@example.org,Uruguay,2021-10-21,Basic,102.87
7004,Daniel Richards,adam56@example.net,Reunion,2023-12-08,Basic,1209.85
7005,Kenneth Long,zimmermantravis@example.com,Somalia,2022-08-07,Basic,1177.42
7006,Richard Lara,carloshensley@example.net,Liechtenstein,2026-08-25,Basic,312.00
7007,Ellen Price,clarkjuan@example.com,Saint Martin,2020-03-31,Premium,11768.74
7008,Marcus Estrada,sgonzalez@example.org,Timor-Leste,2022-05-10,Premium,15595.02
7009,Tristan Garcia,fordangela@example.org,Tonga,2024-03-04,Basic,1334.21
7010,James Edwards,margaretsmith@example.org,Congo,2021-07-15,Premium,12658.19
7011,Justin Thompson,jeffersonjeffrey@example.com,Cambodia,2023-06-12,Basic,574.74
7012,Michael Evans,davidanderson@example.net,Kenya,2021-12-24,Basic,1246.93
7013,Jennifer Stephenson,leonjoshua@example.net,United Kingdom,2025-04-24,Basic,864.93
7014,Samantha Baker,jeffrey45@example.com,Gambia,2026-05-01,Standard,1368.74
7015,Larry Miller,pittmandonald@example.org,Hungary,2022-09-19,Premium,8960.70
7016,Travis Kelly,mharvey@example.com,Germany,2021-05-19,Premium,10390.28
7017,Jason Gray,zcrawford@example.com,Spain,2025-12-14,Basic,394.23
7018,Anna Turner,longbreanna@example.net,Zimbabwe,2021-09-13,Basic,1096.86
7019,Christopher Maxwell,danielchaney@example.com,Samoa,2021-11-07,Standard,715.46
7020,Shelby Campbell,hayley21@example.com,Iran,2022-05-08,Basic,1441.41
7021,Kenneth Lee,copelandmatthew@example.net,Bolivia,2020-08-19,Standard,1682.25
7022,Cheryl Diaz,richard05@example.net,Papua New Guinea,2025-02-01,Standard,4961.71
7023,Karen Gomez,cray@example.org,Gibraltar,2020-07-27,Standard,4991.84
7024,Pamela Davis,jimenezbarry@example.net,Greenland,2023-01-20,Standard,3917.55
7025,Christine Morris,daniel64@example.org,Brunei Darussalam,2020-05-23,Standard,629.95
7026,Elizabeth Schmitt,haleywilliams@example.net,Monaco,2024-10-29,Standard,1337.52
7027,Tommy Ewing,thomaskatherine@example.org,Guyana,2022-03-19,Basic,121.76
7028,Laura Bruce,ashley24@example.org,New Caledonia,2022-03-30,Standard,992.08
7029,James Morris,nicholaswilliams@example.net,Benin,2024-08-15,Standard,2821.00
7030,Aaron Anderson,lambertedward@example.com,Cook Islands,2020-09-22,Standard,1819.88
7031,Shawn Adams,harrisoneric@example.org,Palau,2023-07-30,Basic,887.46
7032,Ruben Benitez,baxtercory@example.com,Ukraine,2022-10-14,Basic,235.49
7033,Tiffany Gray,snydertimothy@example.org,British Virgin Islands,2026-07-24,Basic,1284.52
7034,Pamela Scott,hancockmichael@example.net,Myanmar,2022-06-30,Basic,275.30
7035,Courtney Gonzalez,hernandezjames@example.org,Saint Helena,2023-12-26,Basic,1171.82
7036,Craig Erickson,ygray@example.org,Switzerland,2025-12-21,Standard,2276.80
7037,Tammy Trujillo,christianperez@example.com,Zimbabwe,2024-01-09,Basic,627.51
7038,James Jones,robert12@example.org,Guam,2025-09-21,Basic,798.06
7039,Linda Campbell,nwatson@example.org,Jamaica,2024-10-13,Standard,3869.84
7040,Edward Rodriguez,melissalopez@example.org,Croatia,2026-01-15,Basic,602.85
7041,Jeffrey Howell,pittsmichael@example.net,Antarctica (the territory South of 60 deg S),2026-05-24,Basic,397.03
7042,Gregory Richardson,matthewmurphy@example.net,Saint Pierre and Miquelon,2024-06-25,Premium,18714.78
7043,Paul Stout,mdavis@example.net,Guam,2021-08-03,Standard,2963.43
7044,Mr. George Mendoza,bobbyrojas@example.org,Liberia,2025-02-08,Basic,1189.41
7045,Tina Chambers,paul36@example.com,Iraq,2025-10-05,Basic,344.76
7046,Thomas Avila,sgoodman@example.net,Indonesia,2022-12-10,Standard,1283.31
7047,Judy Parker,wilsonchristopher@example.org,France,2021-08-23,Standard,618.99
7048,Lisa Lindsey,paulaperez@example.com,Central African Republic,2021-04-23,Basic,864.16
7049,Ms. Nichole Hernandez,macknicole@example.com,Samoa,2025-12-25,Basic,1160.35
7050,Alexis Brown,dcampbell@example.com,United States Virgin Islands,2024-02-28,Premium,19993.74
7051,Blake Allen,kmills@example.net,Tanzania,2020-02-15,Basic,1248.36
7052,Sean Campbell,jessenguyen@example.org,Iraq,2023-12-02,Basic,1381.85
7053,Peter Wright,elizabethvelasquez@example.net,Iceland,2023-08-21,Basic,675.13
7054,Shelby Gonzalez,jerryrodriguez@example.org,Myanmar,2020-03-05,Standard,686.17
7055,Natasha Mcdaniel,yramirez@example.com,Spain,2021-12-19,Standard,4881.67
7056,Michelle Smith,elizabethbanks@example.net,Isle of Man,2022-05-24,Premium,6430.25
7057,Heather White,sara12@example.net,Norway,2023-05-11,Basic,57.58
7058,Theodore Stone,stevenmartinez@example.net,Saint Lucia,2022-09-29,Basic,1137.65
7059,Mark Hanson,daniel36@example.com,Georgia,2022-04-25,Basic,896.69
7060,Kenneth Wilson,michelle01@example.com,Kiribati,2024-07-09,Basic,1434.84
7061,Christopher Gonzalez,prodriguez@example.org,Guinea,2025-03-09,Basic,1497.76
7062,Melanie Black,rose27@example.org,Northern Mariana Islands,2023-05-29,Basic,670.63
7063,Deborah Nguyen,braysara@example.net,Mongolia,2025-05-14,Basic,652.70
7064,Mark Craig,worr@example.net,United States Minor Outlying Islands,2022-06-24,Basic,1302.08
7065,James Henderson,petermartinez@example.net,Cuba,2022-01-19,Basic,839.92
7066,Eric Williams,jameschavez@example.org,Palau,2025-03-19,Premium,14495.04
7067,James Hicks,oconnorderrick@example.org,Togo,2024-07-30,Basic,1302.56
7068,Phyllis Mcpherson,ndowns@example.net,Greenland,2026-07-20,Standard,2622.89
7069,Whitney Fleming,swalters@example.com,Holy See (Vatican City State),2020-07-20,Basic,152.71
7070,Jack Knight,jessecannon@example.net,Bahrain,2020-12-30,Standard,1448.73
7071,Mary Hunt,kimberly52@example.org,Netherlands Antilles,2025-04-04,Standard,1526.00
7072,Richard White,michael55@example.com,Burkina Faso,2021-01-13,Standard,1299.51
7073,Edward Rowland,ymahoney@example.net,Bouvet Island (Bouvetoya),2021-01-18,Premium,21485.36
7074,Melissa Vega,pwest@example.net,Haiti,2021-03-27,Basic,1274.83
7075,Joy Anthony,jfrancis@example.org,Austria,2024-07-01,Basic,95.36
7076,Bradley Hester,tammy57@example.com,Comoros,2020-01-09,Basic,425.48
7077,Mariah Wilson,wmartinez@example.net,Jamaica,2020-11-18,Basic,204.31
7078,Debra Grant,sharris@example.com,Austria,2024-03-24,Basic,85.34
7079,Jason Sanchez,dcontreras@example.org,Hungary,2021-07-29,Basic,1077.48
7080,Bruce Bryant,rebecca05@example.org,Serbia,2024-03-02,Premium,4878.91
7081,Jennifer Payne,jacobpalmer@example.com,Iceland,2020-06-11,Basic,1257.28
7082,Joel Tanner,smithnatalie@example.org,Afghanistan,2024-11-18,Standard,2723.72
7083,Terri Hawkins,pjohnson@example.com,Benin,2025-01-27,Basic,470.06
7084,Debra Curry,ascott@example.org,Netherlands,2023-03-05,Basic,1221.99
7085,Travis Shea,phamheather@example.net,Barbados,2023-03-04,Standard,3773.07
7086,Crystal Roberts,urodriguez@example.com,Niue,2024-04-05,Standard,2209.91
7087,Debbie Johnson,staceycastro@example.net,Saint Lucia,2022-03-23,Standard,2175.15
7088,Juan Wilson,englishterri@example.org,Nepal,2021-03-24,Standard,4275.11
7089,Randy Walsh,cynthia15@example.org,Cameroon,2022-05-02,Basic,1294.29
7090,Christine Murphy,deckerandrea@example.com,Antarctica (the territory South of 60 deg S),2025-11-21,Basic,742.28
7091,Rachel Strong,tracyfarley@example.com,Hungary,2024-07-28,Basic,726.34
7092,Shannon Golden,bfarmer@example.org,Vanuatu,2025-05-17,Basic,203.45
7093,Michelle Roberts,cody83@example.org,Micronesia,2022-04-15,Standard,3343.12
7094,Michael Davis,jessica07@example.net,Angola,2024-11-09,Standard,4520.29
7095,Wendy Barron,manuelgarcia@example.org,Saint Vincent and the Grenadines,2021-10-26,Standard,1076.17
7096,Brian Barrera,eric41@example.org,Egypt,2020-12-21,Premium,19678.59
7097,Shawn Colon,taylorjessica@example.net,Burkina Faso,2026-03-14,Basic,1155.55
7098,Joshua Robinson,thomasherrera@example.net,Pakistan,2025-10-23,Premium,16925.30
7099,Jonathan Nguyen,baldwinrobert@example.net,Ethiopia,2026-04-29,Premium,10177.89
7100,Mark Hill,yumelissa@example.org,Niger,2022-03-01,Standard,802.67
7101,Leah Rivera,whitecrystal@example.net,San Marino,2022-06-30,Standard,1598.96
7102,Robert Wong,christina07@example.net,Puerto Rico,2021-09-06,Basic,341.03
7103,Scott Shaw,caitlin02@example.org,Azerbaijan,2023-09-06,Basic,442.06
7104,Ashley Ferrell,diana50@example.net,Peru,2023-03-13,Premium,16018.52
7105,Alexis Jones,romerosean@example.net,Bangladesh,2026-03-12,Standard,2886.01
7106,Steven Payne,nealkatelyn@example.com,Marshall Islands,2020-03-17,Basic,1283.38
7107,Dustin Smith,joshua44@example.com,Togo,2020-05-13,Basic,179.00
7108,Sarah Anderson,fharrison@example.net,Bahrain,2025-11-02,Basic,1197.78
7109,Angela Ibarra,carrollmichael@example.net,Philippines,2023-09-30,Basic,1255.68
7110,Steven Fox,chadpeterson@example.org,French Southern Territories,2025-03-26,Basic,729.75
7111,Shawn Smith,smithzoe@example.net,San Marino,2025-05-12,Standard,1558.49
7112,Kaitlyn Fisher,parkerstephen@example.com,Chad,2023-06-20,Premium,24864.53
7113,Erika Bean,christiancampos@example.net,Djibouti,2021-01-24,Basic,287.54
7114,Andrea Williams,dharris@example.com,Tokelau,2022-05-13,Basic,179.93
7115,Andrea Leonard,youngsusan@example.com,Egypt,2026-02-25,Standard,3924.79
7116,Christopher Whitaker,kimberlyterrell@example.com,Togo,2020-08-02,Basic,678.41
7117,Gary Stephens,nealmichael@example.org,Niue,2026-01-28,Basic,89.41
7118,Matthew Simpson,epitts@example.org,Denmark,2021-12-19,Premium,15000.70
7119,Robin Mayer,garciatanya@example.org,Bhutan,2023-11-29,Premium,23036.32
7120,Amber Gray,nguyentiffany@example.net,Uruguay,2025-01-13,Standard,663.23
7121,Matthew Mcdaniel,cmcknight@example.com,Cambodia,2022-06-02,Standard,4430.83
7122,Susan Sullivan,pmendoza@example.org,Tajikistan,2022-06-14,Basic,1100.81
7123,James Johnson,lglover@example.net,North Macedonia,2022-06-26,Premium,8081.55
7124,Rebecca Combs,andreaward@example.org,Cape Verde,2023-02-15,Standard,3343.38
7125,Natalie Velasquez,ywhite@example.net,Ukraine,2020-10-08,Standard,1073.59
7126,Melissa Woods,gary90@example.net,Sri Lanka,2022-07-27,Premium,17165.70
7127,Frederick Parks,phillip06@example.net,Malta,2021-10-07,Premium,8168.33
7128,Valerie Franklin,traceyjones@example.org,Paraguay,2023-10-28,Standard,2165.64
7129,Chelsea Johnson,kenneth17@example.net,Greece,2025-07-05,Premium,16726.21
7130,Michael Maxwell,wking@example.net,American Samoa,2026-08-17,Basic,1408.38
7131,David Gates,gail41@example.com,Venezuela,2021-11-19,Basic,447.97
7132,Matthew Cortez,state@example.org,Libyan Arab Jamahiriya,2021-06-08,Basic,812.40
7133,Daniel Willis,tiffany74@example.org,Brazil,2020-05-13,Standard,4478.56
7134,Jessica Russo,rsmith@example.net,Anguilla,2020-11-18,Standard,3325.27
7135,Erika Watkins,goodwinjennifer@example.net,Mozambique,2024-08-13,Basic,1326.71
7136,Mr. Jonathon Smith PhD,edward07@example.com,Dominica,2020-08-23,Premium,13085.58
7137,Teresa Wallace,ythomas@example.net,Jamaica,2020-02-13,Basic,398.82
7138,Tara Perez,pamela86@example.org,Benin,2025-02-26,Premium,6611.72
7139,Amanda Watson,katherine91@example.net,French Guiana,2024-11-26,Standard,3743.59
7140,Jeffrey Crawford,susanthomas@example.org,Saint Helena,2024-08-03,Basic,347.21
7141,Brenda Davis,palmerthomas@example.net,Myanmar,2024-01-05,Basic,419.97
7142,Michael Francis,btaylor@example.org,Sierra Leone,2022-11-12,Basic,735.03
7143,Sherri Everett,omiller@example.org,Papua New Guinea,2022-11-28,Standard,2793.59
7144,Kevin Russell,angela13@example.org,Tajikistan,2022-03-03,Standard,2303.56
7145,Tonya Henson,tiffanymay@example.com,Montenegro,2020-03-27,Premium,16587.71
7146,Troy Schneider,adrianhawkins@example.org,Vietnam,2020-10-06,Basic,280.08
7147,Carmen Campbell,sandra61@example.org,Taiwan,2023-08-03,Premium,14563.71
7148,Michael Pineda,armstrongjulia@example.org,Somalia,2020-06-03,Basic,1398.51
7149,Christina Hernandez,bnguyen@example.com,Singapore,2022-07-02,Basic,904.92
7150,Michael Tran,dhansen@example.org,Suriname,2020-10-01,Standard,1376.41
7151,Christina Lucas,matthewmitchell@example.net,Palestinian Territory,2023-02-01,Basic,1168.58
7152,Brent Hahn,andersonbryan@example.net,Cayman Islands,2025-07-03,Basic,1096.92
7153,Matthew Weber,krystallewis@example.com,Costa Rica,2020-06-11,Standard,1955.88
7154,Amanda Young,lisalloyd@example.net,Kenya,2020-02-11,Standard,848.82
7155,Heather Murray,dnewton@example.com,Jordan,2024-01-03,Premium,22147.68
7156,Tara Rangel,smithbrittany@example.com,Heard Island and McDonald Islands,2026-04-28,Basic,1090.20
7157,Warren Rogers,julie37@example.com,Estonia,2020-12-01,Basic,381.48
7158,Cheryl Young,michaelwilliam@example.com,Saint Martin,2023-11-21,Standard,3594.84
7159,Thomas Carson,kelly94@example.org,Chile,2022-02-15,Standard,3747.58
7160,Dr. Deanna Orozco PhD,dylanibarra@example.net,Singapore,2023-05-23,Basic,122.88
7161,Daniel Lopez,alexpatterson@example.net,United Arab Emirates,2022-11-14,Standard,4036.27
7162,Michael Lyons,ntaylor@example.net,Trinidad and Tobago,2021-07-06,Basic,1254.16
7163,Michael Brown,juliamartinez@example.org,Saint Vincent and the Grenadines,2025-07-12,Premium,7373.21
7164,Casey Glass,cervanteschase@example.net,Myanmar,2025-10-13,Basic,363.26
7165,Cindy Simon,nrichards@example.org,Costa Rica,2020-03-13,Premium,24914.58
7166,Amy Black,mccoycatherine@example.com,Swaziland,2020-04-23,Basic,858.66
7167,Scott Carson,annarussell@example.net,Saint Martin,2026-03-07,Standard,1248.38
7168,Bryan Young,sandra86@example.org,Mauritius,2023-05-16,Premium,23001.55
7169,Kathy Hoffman,tiffany87@example.com,Palestinian Territory,2021-08-26,Premium,3625.46
7170,Kathryn Ellis,lcarroll@example.com,Finland,2026-05-01,Basic,177.36
7171,Timothy Douglas,rnelson@example.org,Portugal,2022-10-14,Basic,454.09
7172,Charlene Barton,gilmorebarbara@example.com,United States of America,2024-10-29,Standard,4242.41
7173,Dr. Tanya House,angela80@example.org,Gabon,2022-06-24,Basic,1337.29
7174,Krista Horn,mallorylee@example.net,New Caledonia,2023-02-01,Standard,4046.28
7175,Marcus Kelly,hbutler@example.net,Yemen,2025-01-07,Basic,1046.70
7176,David Nelson,paige45@example.org,Italy,2020-09-16,Basic,1191.12
7177,Sarah Pearson,rebeccalee@example.com,Guatemala,2023-01-10,Basic,1015.00
7178,Michael Jones,lhoward@example.com,Ireland,2024-07-16,Standard,2780.39
7179,Doris Keller,qbrooks@example.com,Vietnam,2025-05-11,Standard,1815.14
7180,Lisa Frost,thomas07@example.org,Hungary,2023-11-23,Standard,4027.83
7181,Adrian Thompson,margaretmorgan@example.net,Israel,2020-10-09,Premium,19936.48
7182,Kelly Dickerson,gregoryhodges@example.com,Angola,2020-01-28,Standard,1859.19
7183,Daniel Smith,amanda48@example.net,Reunion,2023-12-18,Basic,610.39
7184,Phillip Patel,cmitchell@example.net,Germany,2024-09-29,Basic,1289.35
7185,Beverly Curtis,rgeorge@example.org,North Macedonia,2022-12-08,Standard,2725.48
7186,Mary Hahn,deborahwilliams@example.com,Guinea,2020-03-29,Standard,1457.85
7187,Pamela Marshall,rodney43@example.org,French Southern Territories,2026-06-06,Premium,19183.60
7188,Melanie Brown,matthew01@example.net,Peru,2026-03-18,Standard,3059.01
7189,Robert Blackburn,michelle31@example.com,Saint Kitts and Nevis,2025-06-20,Basic,615.09
7190,Melissa Dean,gdominguez@example.net,Madagascar,2020-11-21,Premium,8928.62
7191,Alicia Thomas,mckenziebrandon@example.com,Samoa,2022-05-15,Standard,4488.93
7192,Seth James,jaredmiller@example.com,Reunion,2023-06-19,Basic,616.64
7193,Michelle Rangel,swells@example.net,Finland,2026-05-15,Standard,1240.90
7194,Jacqueline Roberts,bradychristopher@example.net,Italy,2022-10-15,Basic,1223.61
7195,Julie Ross,brandon88@example.org,Finland,2022-08-12,Basic,967.99
7196,Jessica Scott,underwoodhaley@example.org,Kyrgyz Republic,2023-10-06,Premium,9571.44
7197,Steven Goodman,hamptonkaren@example.net,Faroe Islands,2020-07-12,Standard,3056.95
7198,Kristina Taylor,rhale@example.org,South Africa,2023-07-02,Basic,351.17
7199,Jacob Gross,wwalsh@example.org,Ghana,2023-12-20,Basic,56.71
7200,David Owens,steven47@example.org,Kiribati,2026-08-05,Basic,1461.50
7201,Jordan Mclean,liudebra@example.net,Mauritius,2021-10-04,Basic,827.46
7202,David Coleman,suttonjennifer@example.com,Guinea,2020-03-03,Standard,2320.44
7203,Caitlin Robinson,briannavargas@example.com,Panama,2021-10-19,Premium,9946.80
7204,Michael King,samantha88@example.com,Belize,2024-09-01,Standard,1504.79
7205,Chris Richardson,rossdavid@example.net,Kuwait,2021-06-10,Standard,2982.59
7206,Terri Cortez,benjamin04@example.org,Bangladesh,2023-01-03,Premium,22011.00
7207,Rachel Carlson,hgarza@example.net,Grenada,2025-05-11,Basic,228.43
7208,Andrea Duncan,ysloan@example.net,Kenya,2023-01-21,Standard,2296.73
7209,Kylie Lopez,paulespinoza@example.net,Timor-Leste,2023-10-23,Basic,1040.40
7210,Linda Klein,ifitzgerald@example.net,Norfolk Island,2025-12-26,Basic,1067.60
7211,Matthew Daniel,staceylyons@example.net,Barbados,2021-03-20,Basic,70.46
7212,Peter Powell,juanhunter@example.org,Belgium,2025-11-08,Premium,13539.29
7213,Brittany Rasmussen,zgreen@example.com,France,2024-01-21,Standard,2913.00
7214,Jennifer Mcclure,duanenewman@example.net,Greenland,2025-10-27,Premium,19904.93
7215,James Doyle,vincent80@example.com,Morocco,2020-02-24,Basic,464.76
7216,Christopher Johnson,jeffreyyates@example.org,Panama,2022-03-16,Basic,999.93
7217,Tracy Lin,james88@example.org,Solomon Islands,2023-01-05,Standard,3556.55
7218,Julia Ellison,cathy88@example.com,Sweden,2020-10-25,Basic,388.04
7219,Laura Lawson,ostewart@example.net,Poland,2020-03-18,Basic,379.53
7220,John Skinner,thompsonedward@example.com,Burundi,2025-12-02,Basic,95.12
7221,Rebecca Frazier,riveraadam@example.org,Canada,2020-07-27,Standard,1445.56
7222,Crystal Davidson,youngmegan@example.org,Kyrgyz Republic,2021-10-16,Standard,3266.60
7223,Amy Medina,jensenrobert@example.org,Montserrat,2023-07-23,Basic,507.62
7224,Sarah Nguyen,gonzalesbrenda@example.org,Slovakia (Slovak Republic),2025-06-18,Basic,457.90
7225,Amanda Zimmerman,dominiquesolis@example.com,Ethiopia,2026-08-24,Standard,2601.79
7226,Barbara Williams,abridges@example.net,Heard Island and McDonald Islands,2024-07-14,Basic,1243.19
7227,Amy Martinez,ricksmith@example.com,Falkland Islands (Malvinas),2022-02-11,Standard,4797.43
7228,Brian Oneal,hunterroberts@example.org,Paraguay,2026-07-03,Standard,2722.70
7229,Nicholas Watson,johnsonjohn@example.org,Turkey,2024-09-27,Premium,14553.51
7230,Nicole Martinez,sarafernandez@example.net,Uganda,2024-12-02,Basic,967.39
7231,Mrs. Emily Jackson,reeveskimberly@example.net,Belize,2020-10-19,Standard,1789.94
7232,Michael Miller,jeffrey21@example.org,Greenland,2022-08-12,Standard,2830.34
7233,Elizabeth Bates,lisachase@example.net,Mauritius,2024-01-24,Premium,24590.75
7234,Matthew Wright,mary94@example.net,Romania,2020-08-03,Basic,1224.47
7235,Julie Obrien,washingtonjohn@example.net,Botswana,2020-10-23,Standard,4598.32
7236,Sarah Potter,baileylaurie@example.org,Saint Martin,2023-12-16,Basic,381.90
7237,Jeremy Williams,daniel04@example.net,United Arab Emirates,2020-10-04,Premium,17667.93
7238,Robin Russell,omar20@example.net,Anguilla,2025-05-31,Basic,546.66
7239,Christopher Simpson,jwang@example.net,Portugal,2024-02-06,Basic,964.08
7240,Lisa Anderson,brettlutz@example.com,Honduras,2024-06-12,Premium,19072.95
7241,Julie Moran,ewallace@example.org,Kyrgyz Republic,2022-05-02,Standard,3343.81
7242,Lisa Lara,davisandrew@example.net,Korea,2025-06-10,Basic,860.53
7243,Danielle Burgess,kelsey97@example.org,Kuwait,2020-11-13,Basic,1467.86
7244,Justin Delacruz,bmaynard@example.org,Morocco,2024-06-11,Premium,7271.22
7245,Amy Chambers,lorithomas@example.net,Guatemala,2021-03-20,Standard,1801.89
7246,Charles Christensen,yshields@example.net,Palestinian Territory,2021-12-03,Standard,3843.72
7247,Ariel Hogan,gabrielsalinas@example.com,Maldives,2021-09-13,Standard,860.28
7248,Jennifer Roberts,jasminedunn@example.com,United Arab Emirates,2020-10-06,Basic,483.59
7249,Matthew Hamilton,ebyrd@example.org,Mozambique,2023-02-25,Basic,545.31
7250,Jose Edwards,jeffreybest@example.com,Czech Republic,2020-10-28,Basic,357.68
7251,Daniel Carr,robertchavez@example.net,Pakistan,2021-04-11,Basic,773.41
7252,William Thompson,gordongrace@example.org,Norway,2021-04-24,Standard,3290.17
7253,Lucas Smith,jonathanwilliams@example.net,Sri Lanka,2022-06-02,Basic,492.51
7254,Luis Diaz,sburgess@example.org,Singapore,2022-05-20,Standard,1321.70
7255,Andrew Hinton,karen49@example.net,Tuvalu,2024-01-12,Standard,1213.44
7256,Alicia Watson,michael91@example.org,Saudi Arabia,2025-04-15,Basic,224.24
7257,Brent Chavez,sarah94@example.com,United States of America,2023-07-03,Basic,966.15
7258,Cynthia Hanson,elizabeth74@example.org,Kazakhstan,2020-11-15,Basic,1157.06
7259,Stefanie Petersen,afigueroa@example.com,Nicaragua,2026-04-29,Basic,1252.97
7260,Glenda Bradley,teresa86@example.net,Finland,2025-09-16,Basic,1471.50
7261,Joshua Decker,smithjennifer@example.com,Saint Helena,2020-06-12,Premium,2751.86
7262,Hannah Martin,,Turkey,2025-07-26,Premium,10060.70
7263,William Nixon,ygood@example.com,Switzerland,2021-11-17,Basic,1148.45
7264,Daniel Fuller,aarondonovan@example.com,Swaziland,2025-12-22,Premium,16020.25
7265,Francisco Farrell,millerrandy@example.com,American Samoa,2024-07-09,Premium,20160.63
7266,Holly Lucero,jennifer94@example.org,Estonia,2023-01-19,Standard,4115.81
7267,Susan Bright,christine28@example.org,Saint Helena,2026-03-14,Standard,1062.38
7268,Robin Richardson,qberg@example.net,Bolivia,2024-07-09,Premium,5869.79
7269,Robert Henderson,robert65@example.com,Iran,2024-05-15,Standard,4284.95
7270,David Howard,hwilson@example.org,Azerbaijan,2022-01-23,Basic,1488.80
7271,Julia Price,christinacosta@example.com,Uganda,2022-10-23,Basic,1073.58
7272,Christian Collins,rodneylowery@example.net,United States of America,2023-11-22,Basic,121.66
7273,Cody Rose,sgeorge@example.com,Kiribati,2022-02-06,Standard,4557.43
7274,Norman Walker,robertshepard@example.org,Austria,2024-03-13,Premium,9570.85
7275,Terri Woods,richardsonjustin@example.com,Argentina,2026-05-12,Premium,23318.14
7276,Sara Chan,pattersonjodi@example.net,Panama,2021-05-13,Standard,3420.78
7277,Nathan Fernandez,burtonphilip@example.net,Tanzania,2022-05-31,Premium,6503.90
7278,Richard Snyder,sheppardelizabeth@example.com,Togo,2022-01-27,Basic,148.53
7279,Jeffrey Copeland,melissawalter@example.org,Panama,2023-01-03,Basic,1410.25
7280,Joshua Jordan,douglasgarcia@example.net,Niue,2021-02-14,Basic,139.96
7281,Jason Adkins,tina67@example.org,New Caledonia,2020-12-10,Premium,4005.10
7282,Patty Williams,fleach@example.net,Lithuania,2020-05-15,Basic,590.51
7283,Mary Gutierrez,qjenkins@example.com,Qatar,2025-01-16,Standard,4107.85
7284,Robert Fritz,afuller@example.com,Antarctica (the territory South of 60 deg S),2022-11-17,Premium,15739.10
7285,Brian Reeves,lisascott@example.net,Romania,2025-12-22,Premium,8256.16
7286,Monica Thompson,brooke17@example.com,Faroe Islands,2021-09-12,Basic,295.65
7287,Jenny Turner,johnsoncaitlin@example.com,Uruguay,2023-07-31,Basic,1103.37
7288,Andrea Hoffman,apriljuarez@example.com,American Samoa,2024-04-17,Premium,18077.82
7289,Brian Long,amontes@example.com,Congo,2021-06-21,Basic,199.84
7290,Sandy Williams,christopher83@example.net,Philippines,2025-06-27,Basic,568.58
7291,James White,robert91@example.org,Armenia,2022-07-26,Standard,1271.16
7292,Joshua Kent,hbaxter@example.com,Croatia,2025-08-09,Basic,87.86
7293,Alyssa Green,kayla16@example.org,Indonesia,2023-09-11,Standard,4332.73
7294,Megan Harris,sandersmark@example.net,Guernsey,2022-09-13,Standard,2315.14
7295,Anita Lamb,robertszachary@example.org,Malaysia,2021-04-16,Basic,578.50
7296,Ryan Mendoza,wendy98@example.net,Rwanda,2023-09-27,Basic,1153.89
7297,Wendy Casey,,Macao,2023-03-24,Standard,1770.34
7298,Kimberly George,stephenbarker@example.com,Paraguay,2023-01-22,Basic,98.15
7299,Deborah Adams,petersonjessica@example.org,Pakistan,2021-11-14,Premium,20957.39
7300,Paul Morris,rjones@example.net,Guinea,2020-05-31,Standard,4208.57
7301,Joseph Greer,jessica66@example.org,Jordan,2025-04-12,Standard,3030.14
7302,Charles Rangel,cgonzalez@example.net,Myanmar,2021-06-04,Basic,121.43
7303,Valerie Allen,victoriacastro@example.com,Indonesia,2022-11-24,Basic,120.41
7304,Kenneth Walters,uwilliams@example.net,United Arab Emirates,2023-09-01,Basic,522.71
7305,Michael Skinner,josephwilson@example.com,Cape Verde,2020-05-25,Premium,11202.15
7306,Frank Lopez,joselee@example.com,Kiribati,2024-01-21,Basic,437.99
7307,Alice Rollins,icollins@example.org,Cyprus,2020-08-02,Basic,1486.12
7308,James Lopez,ymiranda@example.net,Panama,2024-04-04,Basic,490.69
7309,William Wood,lauren53@example.org,Peru,2023-05-27,Basic,371.33
7310,Mark Miles,xjohnson@example.net,Morocco,2025-08-10,Basic,1278.48
7311,Jessica Torres,dawnmorris@example.net,Seychelles,2022-07-26,Premium,19940.31
7312,Matthew Vasquez,russellemily@example.com,Turkey,2021-07-03,Standard,3053.46
7313,Christine Price,fshelton@example.org,Sao Tome and Principe,2024-04-29,Standard,1205.58
7314,David Martin,whiteandrew@example.com,Luxembourg,2024-08-19,Basic,1260.80
7315,Jessica Murillo,danielsrobert@example.org,Congo,2021-01-22,Basic,1242.66
7316,Paul Montes,rosswilliam@example.net,Guam,2022-04-12,Standard,2828.61
7317,Denise Carter,lisa11@example.net,Jersey,2024-11-10,Basic,1324.68
7318,Courtney Moore,wileykristine@example.net,Honduras,2023-07-01,Standard,4029.24
7319,Jesse Lee,paul76@example.net,Iran,2023-04-19,Basic,591.71
7320,Amy Johnson,aclark@example.org,United Arab Emirates,2023-07-14,Basic,196.50
7321,Johnny Boone,jesse50@example.net,Maldives,2023-05-12,Basic,906.29
7322,Jerry Campbell,kimberly42@example.net,Ecuador,2025-09-03,Standard,3003.37
7323,Tiffany Fuller,connorperkins@example.org,Togo,2022-06-11,Standard,994.84
7324,Douglas Hartman,julie98@example.org,Albania,2023-08-15,Basic,200.39
7325,Sandra Carson,ingramtaylor@example.net,Wallis and Futuna,2025-11-02,Premium,12655.53
7326,Mary Acosta,katie76@example.org,Zimbabwe,2021-06-19,Basic,161.24
7327,Darlene Mendoza,carriejenkins@example.com,French Guiana,2020-03-11,Basic,1160.16
7328,Sherry Richards,crystal38@example.net,Algeria,2024-11-25,Basic,200.35
7329,Timothy Jenkins,scott16@example.com,Macao,2026-02-02,Premium,21678.49
7330,Paula Chung,coopergina@example.net,Georgia,2020-04-09,Basic,907.42
7331,Laurie Wood,sherylcarpenter@example.com,Mayotte,2021-08-31,Basic,966.04
7332,Gabriel Thompson,connorjoseph@example.com,Mali,2020-01-17,Basic,696.50
7333,Joseph Aguirre,leah18@example.com,Tanzania,2025-11-30,Basic,422.54
7334,Jonathan Green,rmccullough@example.com,Serbia,2020-07-20,Premium,13262.05
7335,Megan Wilson,richard32@example.com,United Kingdom,2022-01-28,Premium,24544.49
7336,Daniel Bradshaw,sheilapeterson@example.net,Pitcairn Islands,2021-03-09,Standard,4653.82
7337,Norman Rogers II,aarnold@example.com,Kuwait,2024-03-31,Basic,1495.33
7338,Richard Robinson,michellerodriguez@example.net,Saint Barthelemy,2025-12-31,Basic,319.56
7339,Jeffrey Howard,timothy98@example.com,United Arab Emirates,2021-02-08,Basic,780.28
7340,Kimberly Bailey,shunt@example.org,Liberia,2021-10-07,Basic,639.36
7341,Rachel Hardin,dixonruth@example.com,Bouvet Island (Bouvetoya),2024-12-08,Standard,2060.82
7342,Alexandra Martin,hannahhicks@example.com,Kiribati,2020-03-08,Standard,3901.32
7343,Thomas Buchanan,davidlee@example.com,Uzbekistan,2024-09-17,Basic,657.43
7344,Michelle Garcia,kanderson@example.com,Uruguay,2022-02-06,Standard,4016.41
7345,Sarah Griffin,gordonchad@example.com,Paraguay,2024-12-14,Basic,1136.80
7346,John Wilson,darrenstewart@example.org,Malta,2026-01-14,Standard,4760.24
7347,Brenda Fitzgerald,zdixon@example.org,Bermuda,2020-05-02,Standard,4643.76
7348,Kylie Hansen,kendra40@example.org,Jordan,2023-06-14,Premium,12419.39
7349,Mary Eaton,marvinpeters@example.net,Mauritius,2024-04-07,Standard,4444.71
7350,Mark Lewis,bruce85@example.net,French Guiana,2024-12-19,Basic,1240.81
7351,Levi Cox,sandra28@example.com,Iceland,2021-01-21,Basic,97.60
7352,Jessica Stewart,hortiz@example.org,Georgia,2026-03-01,Basic,1444.17
7353,Mrs. Leslie Anderson MD,mercerwendy@example.org,Samoa,2026-06-14,Basic,258.15
7354,Cole Thompson MD,mary81@example.net,North Macedonia,2025-11-28,Standard,4193.51
7355,Kenneth Brown,andrewphillips@example.com,Djibouti,2021-12-28,Standard,1347.83
7356,Laura Anderson,thomas86@example.com,Romania,2022-05-16,Standard,4360.41
7357,Nicole Elliott,kmiller@example.org,Somalia,2021-11-02,Standard,2932.60
7358,Stephen West,wilsonbrandon@example.org,France,2026-05-26,Basic,607.06
7359,Brittany Frey,monicagomez@example.org,El Salvador,2022-11-03,Standard,522.68
7360,Robert Roberson,jenniferhardin@example.com,Italy,2021-12-07,Basic,705.23
7361,Thomas Keith,dpatton@example.org,Kazakhstan,2026-02-23,Standard,4540.11
7362,Austin Williams,teresa57@example.com,Djibouti,2026-06-19,Basic,996.71
7363,Tiffany Anderson,kimberly78@example.com,Portugal,2026-01-17,Basic,167.85
7364,Brian Holland,kirbyhaley@example.net,Guernsey,2021-05-15,Basic,65.01
7365,Jennifer Rodriguez,robbinsthomas@example.net,Belgium,2025-09-06,Basic,282.09
7366,Gary Robles DDS,andrea18@example.net,United Kingdom,2023-05-03,Basic,423.02
7367,Daniel Holmes,gordonsteven@example.net,Haiti,2022-11-09,Premium,15441.19
7368,James Calderon,kathleensmith@example.org,Switzerland,2023-03-05,Basic,1328.88
7369,Michelle Jones,bradley56@example.net,Guadeloupe,2020-02-15,Basic,341.59
7370,Anthony Santana,onealsarah@example.org,Vanuatu,2025-05-07,Basic,878.71
7371,Daniel Miller,kristystevens@example.com,China,2026-07-17,Standard,2536.31
7372,Katie Griffin,ptaylor@example.org,Saint Kitts and Nevis,2021-06-12,Basic,307.29
7373,Aaron Davis,phillipsmith@example.com,Turks and Caicos Islands,2025-10-10,Basic,997.19
7374,Susan Moore,richardchapman@example.org,Iceland,2022-09-16,Basic,314.92
7375,Dr. Crystal Thomas,kingwilliam@example.com,Jordan,2020-11-21,Standard,1056.17
7376,Kevin Long,virginiarodriguez@example.net,Andorra,2021-07-11,Standard,2768.41
7377,Melissa Daniels,michaeljones@example.net,Guernsey,2021-05-06,Standard,4023.93
7378,Jeffrey Jimenez,sean88@example.org,French Southern Territories,2026-03-01,Basic,1211.18
7379,Belinda Meyer,cummingsjason@example.org,Solomon Islands,2022-03-16,Standard,698.27
7380,Carlos Stone,christinepadilla@example.com,Ghana,2023-04-10,Standard,4133.74
7381,Sierra Kennedy,sandra44@example.org,South Georgia and the South Sandwich Islands,2022-01-14,Basic,914.58
7382,Katelyn Bell,kennethrodriguez@example.org,Italy,2026-03-02,Basic,1266.13
7383,Robin Johnson,jennyevans@example.net,Yemen,2026-07-26,Standard,789.43
7384,Alexandria Harrison,kennedyandrea@example.net,Mongolia,2020-10-12,Basic,1108.48
7385,Nancy Barker,smithmartha@example.com,Sao Tome and Principe,2022-10-19,Standard,4263.55
7386,Lawrence Taylor,jerry37@example.org,Chad,2026-07-28,Basic,942.02
7387,Melissa Russo,shannonscott@example.com,Montenegro,2026-01-03,Basic,484.83
7388,Barbara Lowery,uvelez@example.org,French Guiana,2026-04-26,Basic,1339.10
7389,Dana Harper,browncole@example.org,Guatemala,2024-04-27,Standard,3246.09
7390,Cynthia Collins,taylortodd@example.org,Malawi,2024-10-12,Standard,608.05
7391,Jordan Mueller,bjohnson@example.net,Eritrea,2026-02-21,Basic,897.18
7392,Scott Adams,jwhitaker@example.org,Japan,2020-03-26,Basic,939.37
7393,Jamie Martinez,vjones@example.net,United States Virgin Islands,2025-07-26,Basic,1365.78
7394,Dana Gardner,phillipskevin@example.com,New Caledonia,2023-10-21,Standard,3348.47
7395,Andrew Singh,kristen59@example.com,Netherlands,2021-11-23,Premium,4621.84
7396,Dana Rivera,stevensmith@example.com,Belarus,2020-02-01,Standard,3139.09
7397,Anthony Townsend,washingtondaniel@example.net,Niue,2020-02-13,Basic,1299.43
7398,Justin Davis,qcowan@example.org,Moldova,2022-06-02,Standard,3261.22
7399,Kara Alexander,charlesbecker@example.org,Guyana,2024-02-04,Premium,17869.16
7400,Tony Adkins,vevans@example.org,Portugal,2024-11-27,Standard,3023.73
7401,Kelly Young,crasmussen@example.net,Korea,2024-04-07,Basic,687.59
7402,Robert Kelley,kaylamcdaniel@example.net,Vanuatu,2021-09-04,Basic,1425.16
7403,Timothy Matthews,omorrow@example.net,Congo,2023-04-09,Basic,262.29
7404,Michael Reed,apoole@example.net,Bhutan,2020-05-06,Basic,1168.95
7405,Darlene Paul,maryjohnson@example.net,Costa Rica,2022-07-11,Premium,6250.34
7406,Jason Morales,fisherronnie@example.org,Nicaragua,2026-03-15,Standard,3570.73
7407,Richard Vargas,jennifer02@example.net,Reunion,2026-06-22,Standard,1695.81
7408,Linda Harris,thompsonlarry@example.net,Tunisia,2024-06-09,Basic,211.61
7409,Shawn Hansen,charlesrodriguez@example.org,Chile,2024-05-10,Standard,3837.73
7410,Richard Miller,lford@example.net,Oman,2024-12-12,Basic,1059.39
7411,Craig Young,ischmidt@example.org,Andorra,2021-03-24,Basic,1351.41
7412,Ryan Taylor,williamscynthia@example.net,Northern Mariana Islands,2022-03-02,Basic,697.86
7413,Steven Lowery,hlewis@example.net,Palestinian Territory,2020-09-17,Basic,602.17
7414,Lori Jackson,josephgonzalez@example.net,Somalia,2020-05-28,Standard,2229.36
7415,Cameron Holloway,jonesscott@example.net,Faroe Islands,2025-06-01,Standard,3027.73
7416,Amber Bailey,johnsonsamantha@example.org,Bangladesh,2022-03-19,Standard,4580.78
7417,Audrey Gordon,courtney11@example.com,Angola,2024-01-17,Basic,619.21
7418,Christopher Martin,brian11@example.org,United Kingdom,2024-06-02,Premium,15218.23
7419,Tasha Brown,randallpham@example.org,Mongolia,2023-05-09,Basic,808.98
7420,Mr. Jeffrey Lawrence,cassie37@example.org,Netherlands Antilles,2020-05-13,Basic,170.41
7421,Brian Martinez,gpadilla@example.org,Solomon Islands,2020-08-14,Basic,194.84
7422,Amy Knight,lauraphillips@example.net,Dominican Republic,2023-04-17,Basic,1411.77
7423,Rose Mcdonald,susanmcgee@example.com,Uzbekistan,2022-04-04,Basic,65.00
7424,Lisa Brown,kathyvega@example.net,Panama,2025-10-09,Basic,243.66
7425,Adam Ayala,englishandrea@example.com,Saint Martin,2024-10-18,Standard,549.39
7426,Jamie Randall,dukeselena@example.net,Heard Island and McDonald Islands,2022-10-22,Standard,1210.31
7427,Juan Garcia,michael71@example.com,Angola,2023-07-06,Standard,2985.07
7428,John Shea,dblankenship@example.org,Azerbaijan,2022-12-11,Premium,15670.89
7429,Ashley Johnson,kimberlyjohnson@example.org,Lebanon,2025-08-30,Basic,222.87
7430,Hannah Hoffman,michelejones@example.net,Switzerland,2021-05-17,Standard,624.19
7431,Alexandra Owens,bwu@example.net,Afghanistan,2026-05-19,Basic,266.58
7432,Danielle Klein,leonard74@example.net,Bolivia,2020-05-30,Standard,2184.45
7433,Cynthia Garza,robert92@example.com,Iran,2021-09-20,Standard,3963.41
7434,Linda Cooper,kleinjeremy@example.org,Comoros,2021-02-28,Basic,265.50
7435,Lisa Torres,floresmatthew@example.org,Montserrat,2021-11-09,Standard,2718.86
7436,Caitlin Murray,xdavis@example.net,Niger,2024-12-06,Standard,4817.22
7437,Jennifer Lowery,fjohnson@example.org,Bosnia and Herzegovina,2024-01-10,Basic,589.79
7438,Victoria Bowers,emason@example.net,Latvia,2020-10-10,Basic,641.74
7439,Mary Warren,ashleyallen@example.net,Azerbaijan,2024-05-19,Basic,1054.42
7440,John Fuentes,brandon09@example.net,Albania,2026-02-20,Basic,860.96
7441,Madeline Johnson,ricky66@example.org,Grenada,2025-09-12,Standard,1788.15
7442,Jennifer Bradley,lisafigueroa@example.net,Cayman Islands,2025-11-18,Premium,18581.14
7443,Nicole Gibson,qlittle@example.org,Kenya,2025-09-25,Basic,646.17
7444,Brian Johnson,lynn61@example.com,Kiribati,2024-05-20,Standard,4716.77
7445,Jonathan Schultz,antoniosingleton@example.com,United Arab Emirates,2026-08-24,Basic,937.17
7446,Paige Wilson,markcharles@example.net,Japan,2021-06-29,Basic,927.84
7447,Joseph Yang,brandon31@example.org,Slovakia (Slovak Republic),2021-11-17,Basic,87.81
7448,Patricia Carter,mary15@example.com,Guinea-Bissau,2022-12-29,Standard,3197.26
7449,Annette Burch,smithjonathan@example.net,Cyprus,2020-05-05,Standard,4193.33
7450,Joshua Serrano,thomasdrew@example.org,United States Minor Outlying Islands,2025-12-06,Premium,13972.14
7451,Timothy Thompson,rhopkins@example.com,Poland,2022-02-13,Premium,21762.48
7452,Robert Edwards,wgarcia@example.net,Jersey,2023-02-20,Premium,3379.91
7453,Joan Richardson,grahamcaitlin@example.org,Jamaica,2025-11-21,Basic,293.39
7454,Joan Love,bridget23@example.org,Norfolk Island,2022-04-13,Standard,2704.02
7455,Shawn Barajas,drakewilliam@example.org,Denmark,2022-04-22,Standard,2904.94
7456,Terrence Brown,heatherortiz@example.net,Bouvet Island (Bouvetoya),2022-03-13,Basic,411.96
7457,Jonathon Hunter,lindaflowers@example.org,Italy,2023-03-22,Basic,464.32
7458,Angela Crane,haley75@example.net,Estonia,2020-06-13,Basic,383.59
7459,Rebekah Mendoza,marymcclain@example.com,Zambia,2023-10-26,Premium,20968.12
7460,Christina Velazquez,kurt40@example.org,Turks and Caicos Islands,2020-05-21,Standard,1489.54
7461,William Edwards,brownstephen@example.org,Liechtenstein,2023-06-11,Premium,15337.34
7462,Nicholas Wright,mperkins@example.net,Madagascar,2022-02-01,Basic,204.34
7463,Joseph Martin,mcdonaldjessica@example.net,Saint Martin,2020-06-15,Standard,3743.31
7464,Dylan Wallace,martineztamara@example.net,Myanmar,2024-07-23,Standard,1377.86
7465,Maria Anderson,nrussell@example.net,Cyprus,2021-03-10,Basic,524.00
7466,Kara Becker,daviscurtis@example.net,Nigeria,2022-01-24,Basic,482.73
7467,Dean Gonzalez,sloankaren@example.org,Mayotte,2023-07-20,Standard,2480.40
7468,Gabriela White,awilson@example.com,Marshall Islands,2026-04-15,Premium,20123.82
7469,Sean Graham,qdiaz@example.org,Finland,2021-09-23,Basic,1476.82
7470,Taylor Miller,lewisscott@example.net,Wallis and Futuna,2021-03-22,Standard,1735.98
7471,Jack Simpson,moorechristian@example.org,French Southern Territories,2023-01-01,Standard,1390.73
7472,Jill Bowman,charles57@example.net,Svalbard & Jan Mayen Islands,2024-01-18,Standard,3460.63
7473,David Mclean,dominguezchristine@example.org,Myanmar,2024-06-14,Standard,4355.05
7474,Dana Garza,jacksonlauren@example.org,Morocco,2026-07-15,Basic,1361.02
7475,Mr. Raymond Simpson,carrillodawn@example.org,Yemen,2023-01-01,Premium,2746.30
7476,Michelle Lopez,lstone@example.com,Svalbard & Jan Mayen Islands,2022-06-08,Standard,3381.17
7477,Kathleen Harris,solson@example.com,Comoros,2024-01-18,Basic,1231.99
7478,Jesse Sampson,stephanie54@example.net,Senegal,2021-02-15,Basic,393.89
7479,Karen Esparza,ewilliams@example.net,China,2026-04-01,Premium,22626.19
7480,Jonathan Tucker,lholden@example.com,Faroe Islands,2025-12-27,Standard,2369.19
7481,Kristina Aguilar,shelbythompson@example.com,Armenia,2022-01-23,Basic,734.64
7482,Kevin Barrett,tanya47@example.org,Chad,2026-01-04,Premium,13820.15
7483,William Davis,herreraoscar@example.net,Cocos (Keeling) Islands,2020-04-30,Premium,22906.97
7484,Mark Wells,emyers@example.com,Congo,2021-10-18,Basic,959.66
7485,Lacey Walker,piercejacqueline@example.com,New Caledonia,2020-11-05,Standard,857.79
7486,Joseph Pugh,william46@example.com,Pitcairn Islands,2023-10-26,Basic,156.61
7487,Andrea Rice,randalljessica@example.com,Korea,2026-02-01,Premium,9039.66
7488,Brian Henderson,amberbaker@example.org,Malawi,2020-04-20,Standard,4525.56
7489,Jennifer Jimenez,conradscott@example.org,Monaco,2020-06-26,Basic,642.36
7490,Breanna Brown,kristophercooper@example.com,France,2022-06-23,Basic,1442.43
7491,Wanda Mendez,alvarezterri@example.com,Bahamas,2024-01-27,Basic,969.48
7492,Jesse Cox,brittany35@example.com,Mexico,2024-08-24,Standard,3058.36
7493,Tyler Mcmahon,joneslaura@example.com,Dominican Republic,2020-10-06,Basic,1257.48
7494,Kathleen House,maryjackson@example.org,United States of America,2021-04-15,Standard,970.45
7495,Michael Gross,riossusan@example.com,Uganda,2021-01-09,Basic,787.25
7496,Richard King,paulherrera@example.net,Norfolk Island,2024-05-05,Standard,1144.90
7497,Danny Tucker,kruegercrystal@example.org,Ghana,2021-09-05,Basic,786.92
7498,Leslie Hill,justinolson@example.org,Cayman Islands,2022-07-05,Basic,1184.26
7499,John Mason,darlenerobinson@example.net,Dominica,2026-01-03,Basic,190.36
7500,Raymond Glass,henryhernandez@example.com,Greenland,2021-01-20,Basic,1298.05
7501,Dr. Zachary Gomez II,emily17@example.org,Anguilla,2022-07-01,Basic,532.06
7502,Rebecca Dominguez,higginsautumn@example.org,France,2024-02-23,Standard,2863.55
7503,Brenda Rodriguez,carolzavala@example.com,Sudan,2024-11-13,Premium,4743.95
7504,Chad Horton,edwardhodges@example.org,Namibia,2024-01-04,Standard,4793.88
7505,Joshua Roth,cherylrussell@example.com,Martinique,2023-04-06,Standard,2407.88
7506,Todd Cooper,justin42@example.net,United Kingdom,2022-06-12,Basic,698.47
7507,Katherine Patterson,frankhall@example.com,Martinique,2024-04-19,Basic,1442.15
7508,Mr. William West,travispeterson@example.org,Nepal,2021-06-02,Standard,1656.41
7509,Ashley Kerr,hrivera@example.org,Tokelau,2021-04-21,Basic,1329.71
7510,Todd Neal,,Antigua and Barbuda,2026-02-08,Premium,15696.44
7511,Sean Davis,pearsonjeffrey@example.org,Somalia,2022-05-11,Standard,2431.45
7512,James Barton,matthew13@example.com,Serbia,2026-01-04,Standard,2881.66
7513,Raymond Mann,jessicamiller@example.org,Kazakhstan,2023-09-01,Basic,967.50
7514,Allison Stanley,davidmiller@example.com,Denmark,2021-04-13,Standard,4345.16
7515,Carrie Martinez,champton@example.com,Mauritania,2026-05-31,Standard,2685.48
7516,Virginia Dominguez,afisher@example.com,Andorra,2022-08-15,Premium,8614.12
7517,Renee Stephens,mlang@example.net,New Zealand,2024-02-27,Premium,3058.99
7518,Troy Castro,johnstoncolleen@example.com,Montserrat,2023-05-23,Standard,2314.93
7519,Wayne Anderson,bonnie38@example.org,Ghana,2025-03-14,Basic,312.21
7520,Brianna Ramos,davidball@example.net,French Guiana,2020-02-04,Standard,4315.16
7521,Cheryl Mcdaniel,brianhowe@example.org,Saint Kitts and Nevis,2025-08-23,Basic,991.74
7522,James Morris,jamesyoung@example.net,Zambia,2026-03-31,Standard,1148.65
7523,Lisa Petersen,rjames@example.org,Barbados,2022-08-10,Basic,615.52
7524,Janice Poole PhD,sandra59@example.org,Congo,2022-04-03,Standard,2758.99
7525,Tammy Larson,ryansmith@example.net,American Samoa,2024-02-20,Basic,51.14
7526,Curtis Martin,newtonmargaret@example.net,Sierra Leone,2020-01-09,Standard,2271.50
7527,Timothy Lopez,harrisvalerie@example.net,Kuwait,2025-09-23,Basic,516.17
7528,Samantha Rasmussen,annarice@example.net,Netherlands Antilles,2021-08-19,Premium,22653.67
7529,Lisa Smith,evan23@example.net,Italy,2021-06-22,Standard,2568.56
7530,Bradley Beck,jhernandez@example.net,Norfolk Island,2020-10-29,Standard,3224.26
7531,Carolyn Martinez,williamstammy@example.org,Albania,2026-04-23,Basic,107.00
7532,Sarah Greene,anna04@example.net,Northern Mariana Islands,2026-02-01,Basic,1436.23
7533,Jeffrey Foley,zbass@example.com,Paraguay,2021-01-10,Standard,4723.52
7534,Andrew Morrison,matthew19@example.net,Togo,2025-06-26,Premium,13763.18
7535,Diana Taylor,patrickpaul@example.org,Chad,2025-04-04,Premium,22294.95
7536,Scott Rowe,dawnreed@example.com,Western Sahara,2023-02-23,Basic,937.75
7537,Darren Anderson,xkent@example.org,Mozambique,2022-07-07,Basic,147.15
7538,Sabrina Knapp,christophervilla@example.net,France,2024-05-28,Basic,1307.57
7539,Cindy Perry,sanderssamuel@example.net,Lebanon,2024-12-20,Standard,4849.65
7540,Michelle Walker,housejames@example.org,Canada,2026-04-18,Basic,705.41
7541,Karen Gardner,richardgreene@example.com,Sweden,2025-08-05,Premium,22994.39
7542,Rachel Mendez,smithashley@example.com,Moldova,2020-03-20,Premium,5493.62
7543,Michael Randolph,ericadickerson@example.com,Marshall Islands,2023-06-17,Standard,4900.11
7544,William Thomas,jeremycarter@example.org,Cambodia,2022-11-09,Basic,1340.37
7545,Bryan Fields,jamessmith@example.com,Swaziland,2022-10-12,Premium,4223.06
7546,Jeffrey Fisher,orodriguez@example.org,Guinea-Bissau,2022-08-07,Basic,1101.01
7547,Mr. Christopher Johnson,jimmy98@example.net,Venezuela,2026-07-18,Basic,1359.58
7548,Tyler Johnson,grahamrobert@example.com,Jersey,2023-09-30,Basic,1440.23
7549,Tristan Mckenzie,uortega@example.net,Lebanon,2026-04-20,Premium,21815.13
7550,Ashley Sims,bserrano@example.net,Zambia,2021-12-10,Basic,1051.58
7551,Ashley Ramirez,jmorse@example.com,Solomon Islands,2026-08-11,Basic,103.59
7552,Jeffery Glover,samantharichardson@example.net,Uganda,2024-08-06,Basic,526.09
7553,Joshua Moore,awolfe@example.net,Sao Tome and Principe,2024-04-01,Basic,1450.52
7554,Catherine Klein,taylor34@example.com,Sudan,2021-11-06,Basic,776.18
7555,Carolyn Williams,tracyhughes@example.org,Guyana,2023-01-04,Basic,1031.78
7556,Tracy Figueroa,youngdavid@example.com,China,2026-02-28,Basic,971.84
7557,Dwayne Adkins,stephanieedwards@example.org,Palau,2025-11-02,Standard,1337.92
7558,George Sweeney,ytaylor@example.com,Korea,2023-04-12,Premium,6248.86
7559,Andrew Jefferson,jenniferwilliams@example.org,Ethiopia,2023-10-23,Premium,20366.72
7560,Richard Ford,bowendana@example.org,United States Minor Outlying Islands,2021-04-09,Standard,562.94
7561,Cory Sanchez,bryan99@example.com,Heard Island and McDonald Islands,2020-08-04,Basic,168.77
7562,Jessica Martin,grantbrent@example.org,Barbados,2022-04-02,Standard,2625.46
7563,Donald Daniels,uprice@example.com,Faroe Islands,2023-12-19,Basic,55.54
7564,Mark Pope,ortegatheresa@example.net,Italy,2024-09-12,Standard,4170.93
7565,Bradley Forbes,molly47@example.org,Liberia,2022-02-23,Standard,3886.16
7566,Matthew Hartman,coxjoe@example.com,Kazakhstan,2020-03-31,Basic,235.99
7567,Katherine Brown,smithalyssa@example.com,United States Minor Outlying Islands,2026-04-09,Standard,2924.81
7568,Kyle Shaffer,qross@example.org,Malaysia,2022-04-20,Standard,2450.07
7569,Cory Nguyen,sonya33@example.com,Aruba,2025-09-27,Standard,1162.54
7570,Daniel Rowland,andersonleah@example.net,Luxembourg,2026-05-31,Premium,4886.17
7571,David Foster,allenryan@example.net,Norway,2020-03-18,Basic,631.40
7572,Miguel Smith,bschneider@example.org,Guadeloupe,2022-12-11,Basic,372.98
7573,Nancy Silva,ashley34@example.com,New Zealand,2022-03-25,Basic,970.54
7574,Matthew Miller,lopezanita@example.net,Qatar,2024-09-21,Basic,1146.73
7575,Matthew Taylor,matthew57@example.com,Turkmenistan,2023-09-26,Basic,563.07
7576,Debbie Cooper,boydstephanie@example.org,Jordan,2025-03-07,Premium,15110.08
7577,David Smith,mckinneyoscar@example.org,United States Minor Outlying Islands,2022-07-22,Standard,1577.13
7578,David Hurst,johngonzalez@example.com,South Africa,2022-10-08,Basic,1057.10
7579,Debra Robinson,joyhughes@example.com,Ethiopia,2025-04-19,Basic,201.25
7580,Anna Turner,robert15@example.org,North Macedonia,2025-06-03,Basic,989.86
7581,Erin Peck,wardsteven@example.net,Sao Tome and Principe,2023-05-11,Premium,3957.06
7582,Dr. David Davis,hendersonelizabeth@example.net,Bolivia,2020-02-14,Basic,345.15
7583,Antonio Johnson,stephaniebaker@example.net,Myanmar,2020-12-04,Basic,1194.75
7584,Erik Williams,mfreeman@example.com,Suriname,2025-12-08,Standard,4193.59
7585,Renee Rowe,whitedaniel@example.net,Samoa,2022-03-11,Basic,777.32
7586,Raymond Benson,laura70@example.net,Georgia,2022-12-31,Basic,237.84
7587,Allen Powell,tjones@example.com,Isle of Man,2024-08-03,Standard,1780.93
7588,Kevin Brown,carl28@example.net,Norfolk Island,2020-11-22,Premium,14279.22
7589,Brian Brock,harold28@example.net,French Guiana,2020-03-12,Standard,1761.23
7590,John Cooper,clarksusan@example.org,New Caledonia,2023-04-28,Basic,812.57
7591,Alison Hill,,Mexico,2021-10-28,Standard,3344.02
7592,Natasha Banks,iblevins@example.net,Bermuda,2026-05-25,Basic,1084.27
7593,Brian Rodriguez,chelseaspence@example.com,Mali,2022-12-21,Standard,936.61
7594,Doris Silva,stephanieschultz@example.net,Vanuatu,2023-05-05,Standard,1055.65
7595,Patricia Clark,vickiturner@example.com,Jamaica,2021-02-13,Basic,115.86
7596,Michelle Moore,sherry21@example.net,Panama,2020-03-07,Basic,808.92
7597,Carla Martin,davidjones@example.org,Thailand,2021-07-28,Basic,1397.61
7598,Shane Collins,asoto@example.com,Tunisia,2021-06-30,Standard,2617.42
7599,Laura Ferguson,christianatkins@example.org,Andorra,2024-02-25,Basic,266.49
7600,Roger Aguilar,,Guatemala,2022-07-09,Standard,1754.14
7601,Carlos Harper,amandahorton@example.net,Faroe Islands,2025-08-08,Basic,377.89
7602,Eduardo Hurst,sydney87@example.com,Syrian Arab Republic,2021-05-05,Basic,1279.17
7603,Aaron Smith,brettmullins@example.net,Monaco,2021-11-14,Premium,21782.56
7604,Richard Walsh,dylanduncan@example.com,Azerbaijan,2025-11-04,Standard,865.16
7605,Ryan Galvan,parsonsamber@example.org,Vietnam,2020-07-12,Premium,7041.82
7606,Christopher Stone,oware@example.net,Norway,2025-11-12,Basic,1370.07
7607,Chris Gordon,jordanrebecca@example.com,Norway,2024-10-18,Basic,941.59
7608,Isaiah Wood,theresa00@example.org,Jordan,2020-05-15,Standard,1092.50
7609,Jason Gibson PhD,rstewart@example.net,Timor-Leste,2024-07-17,Standard,564.43
7610,Shawn Shelton,edavis@example.net,Ireland,2023-10-08,Standard,4536.87
7611,Douglas Klein,denisewilson@example.com,Morocco,2023-12-06,Basic,1455.57
7612,Amber Johnson,erica49@example.org,Cayman Islands,2021-03-14,Standard,1689.42
7613,Robert Arnold,gmorales@example.com,Swaziland,2026-01-08,Basic,1162.61
7614,Joseph Ford,davisandrew@example.net,Cayman Islands,2022-09-26,Basic,152.68
7615,Karen Ramos,wmorales@example.net,United Arab Emirates,2020-05-25,Basic,1313.65
7616,Lisa Galloway,timothy90@example.org,Estonia,2025-05-04,Standard,4009.28
7617,Jason Edwards,fcruz@example.net,United States of America,2020-06-17,Basic,1215.22
7618,Teresa Valdez,deborahhernandez@example.com,Chile,2025-09-28,Standard,1594.67
7619,Michelle Sanders,maxbenson@example.org,Cayman Islands,2022-04-17,Basic,113.61
7620,Angela Noble,obrienteresa@example.org,China,2025-02-19,Standard,1031.97
7621,Catherine Luna,alexandra61@example.org,Poland,2024-02-27,Standard,2893.88
7622,Stephen Odonnell,gibsonmindy@example.org,Azerbaijan,2020-07-21,Premium,24978.17
7623,Anthony Jennings,maureen93@example.net,Lebanon,2025-12-12,Standard,1342.24
7624,Tamara Perez,marco54@example.com,Mayotte,2024-01-17,Standard,1412.35
7625,Janet Wilcox,smithmichelle@example.org,India,2026-03-07,Standard,2080.26
7626,Melanie Roberson,crandolph@example.net,Bangladesh,2021-04-23,Basic,358.66
7627,Sandra Mckinney,isimpson@example.org,Croatia,2022-03-16,Basic,449.79
7628,Jennifer Roberts,randy55@example.com,Guernsey,2025-02-17,Standard,1555.97
7629,Steve Peck,jcline@example.net,Romania,2025-12-09,Basic,284.91
7630,Catherine Flores,hillcaitlin@example.org,Christmas Island,2022-12-13,Standard,1301.10
7631,Manuel Shelton,james97@example.net,El Salvador,2026-08-26,Standard,3453.45
7632,Austin Mora,andrea66@example.net,Tokelau,2021-10-31,Premium,15927.08
7633,Rose Wallace,michaelrivera@example.org,Tunisia,2025-09-13,Standard,500.68
7634,Misty Olsen,anthony23@example.org,Mali,2023-07-11,Standard,3786.40
7635,Michelle Taylor,james71@example.net,Germany,2024-11-20,Basic,275.63
7636,Charles Blackwell,ashleywilson@example.net,Bulgaria,2026-07-17,Basic,1264.76
7637,Amy Carroll,martinezmargaret@example.net,Eritrea,2024-06-23,Standard,3002.42
7638,Latoya Mcintosh,donaldknight@example.org,Bouvet Island (Bouvetoya),2024-02-25,Standard,4198.33
7639,Stacey Monroe,zjohnson@example.org,Tuvalu,2020-01-15,Basic,1060.72
7640,Paul Lane,lauragriffith@example.net,Moldova,2021-12-20,Basic,531.95
7641,Charles Sosa,julie67@example.net,Cote d'Ivoire,2025-02-08,Basic,1209.22
7642,Julia Wilson,lbridges@example.org,Oman,2026-01-30,Basic,784.55
7643,Brandy Munoz,kleinbrian@example.net,Malaysia,2023-11-25,Basic,782.12
7644,Jennifer Thompson,therring@example.com,Panama,2024-04-30,Basic,1066.91
7645,Michael Diaz,flee@example.org,Trinidad and Tobago,2022-12-10,Basic,1452.94
7646,Logan Edwards,uharrison@example.com,South Africa,2021-06-06,Standard,4443.94
7647,Zachary Wilson,reginarodriguez@example.net,Holy See (Vatican City State),2026-05-05,Basic,284.51
7648,Jason Lopez,tiffanyhardy@example.net,Russian Federation,2026-03-16,Basic,623.96
7649,Jeffrey Bond,paul74@example.org,Latvia,2020-03-24,Basic,407.60
7650,Kelsey Camacho,changdaniel@example.com,Nigeria,2020-11-20,Premium,17075.78
7651,Dr. John Jacobs,fernandezjonathan@example.org,Ghana,2024-02-19,Basic,945.06
7652,Katherine Horton MD,trevorpark@example.com,North Macedonia,2026-03-18,Premium,8687.69
7653,Peter Miller,jacobtorres@example.com,Tajikistan,2024-11-16,Basic,522.86
7654,Christopher Hughes,mayjennifer@example.net,Sri Lanka,2021-08-30,Standard,2688.23
7655,Taylor Miller,mccormickjason@example.com,Denmark,2025-06-08,Basic,745.52
7656,Robert Hampton,hellis@example.net,Kazakhstan,2026-08-05,Basic,266.92
7657,Rachel Wheeler,jamesrichard@example.com,Bhutan,2023-12-04,Premium,21504.07
7658,Robert Thompson,beverly00@example.com,Cuba,2025-01-15,Premium,15145.34
7659,Susan Lutz MD,contrerassandra@example.org,Sudan,2026-03-15,Standard,4019.91
7660,Rebecca Preston,lawsonrichard@example.org,Kuwait,2022-05-11,Basic,98.75
7661,Karen Decker,angelagreen@example.com,Libyan Arab Jamahiriya,2021-06-16,Basic,384.49
7662,Samantha Porter,albert48@example.com,Uzbekistan,2023-06-17,Standard,2995.04
7663,Alan Rodriguez,ehunt@example.org,Latvia,2026-07-11,Standard,1687.34
7664,Luke York,swebb@example.net,Haiti,2020-01-31,Basic,228.47
7665,Lisa Kirby,gpeters@example.net,Cameroon,2023-07-03,Standard,3801.53
7666,Cynthia Robbins,garzapaige@example.net,Mozambique,2024-07-29,Basic,1356.96
7667,Susan Adams,stewartchristopher@example.net,Burkina Faso,2021-06-04,Basic,429.20
7668,Zachary Matthews,cummingsallison@example.org,Lesotho,2024-09-14,Standard,761.41
7669,Thomas Lee,tiffanypatterson@example.net,Niue,2023-03-30,Basic,852.41
7670,Brooke Webster,wanda26@example.net,Israel,2023-02-09,Standard,1613.26
7671,Alexis Baker,loripeterson@example.org,Libyan Arab Jamahiriya,2025-02-18,Standard,1706.80
7672,Cynthia Johnson,vjones@example.net,Iraq,2024-06-29,Basic,1207.97
7673,Jennifer Green,aimee05@example.com,El Salvador,2020-12-10,Standard,2510.84
7674,Bobby Johnson,xlong@example.org,Saint Kitts and Nevis,2026-08-02,Basic,1220.85
7675,Kathleen Gilbert,david56@example.org,Netherlands Antilles,2021-01-08,Basic,815.06
7676,David Meyer,dspencer@example.com,Niue,2023-12-10,Standard,3854.77
7677,Natasha Parks,darlenemonroe@example.net,Slovenia,2022-04-03,Standard,3930.51
7678,Darrell Morris,wendy43@example.org,Zimbabwe,2020-12-23,Premium,16176.10
7679,William Olson,rachael24@example.org,Honduras,2021-03-25,Premium,10432.75
7680,Tiffany Cervantes,jennifer87@example.net,Austria,2025-12-30,Basic,1177.01
7681,Albert Little,williamsmark@example.com,Armenia,2025-04-22,Basic,492.58
7682,Todd Rodriguez,usimpson@example.net,Bulgaria,2024-12-06,Standard,1842.34
7683,Joshua Miles,stewartmelissa@example.net,Heard Island and McDonald Islands,2021-11-28,Standard,1524.06
7684,Gary Bonilla,kevin63@example.net,Cocos (Keeling) Islands,2026-08-01,Basic,1059.77
7685,Barbara Long,melaniebaldwin@example.org,Togo,2020-08-21,Basic,1478.54
7686,Jacob Garner,garzacharles@example.com,Australia,2021-11-18,Standard,3681.69
7687,Charles Simmons,regina67@example.net,Niger,2020-05-02,Basic,1173.07
7688,Eric Chase,wukristin@example.net,Bahrain,2021-01-16,Premium,20366.62
7689,Nancy Medina,uward@example.net,Vanuatu,2025-08-26,Standard,4338.35
7690,Jason Hernandez,holtmelanie@example.org,Svalbard & Jan Mayen Islands,2023-09-19,Basic,297.31
7691,Nicole Mendoza,jacksonglenn@example.net,Lebanon,2024-07-11,Basic,830.05
7692,David Parker,ipratt@example.com,Mongolia,2022-11-08,Basic,613.18
7693,Steven Williams,fernandezwilliam@example.com,Burundi,2021-12-21,Premium,20770.37
7694,Rebekah Hall,cynthia14@example.org,Lao People's Democratic Republic,2024-09-29,Standard,700.54
7695,Bradley Miller,sarahbrown@example.com,Solomon Islands,2020-03-17,Premium,15149.69
7696,Crystal Rogers,jenniferroberts@example.org,Tokelau,2024-05-13,Standard,4078.88
7697,Christopher Sandoval,uhoffman@example.com,Isle of Man,2022-10-27,Basic,121.61
7698,Amanda Cline,ericksonzachary@example.com,South Africa,2025-03-16,Standard,4592.40
7699,Billy Wilson,anthonyhoward@example.org,Slovenia,2022-01-08,Basic,791.36
7700,Samuel Wood,jennifer77@example.net,Tuvalu,2022-07-02,Standard,860.85
7701,Steven Collins,derek88@example.com,Ireland,2020-08-09,Basic,1271.28
7702,Todd Smith,zimmermanjohnny@example.net,Puerto Rico,2021-12-06,Standard,2349.25
7703,George Mcdowell,marie64@example.org,Tonga,2022-02-17,Basic,392.77
7704,Ralph Rodriguez,garyjones@example.com,Moldova,2021-05-05,Basic,731.75
7705,Jennifer Gordon,charlenerichardson@example.net,Guam,2023-07-20,Standard,1096.73
7706,Michele Paul,zmurphy@example.org,Togo,2025-01-10,Basic,465.04
7707,Pamela Johnson,reeddonald@example.net,French Guiana,2022-09-28,Basic,1355.96
7708,Sherry Lloyd,pagerachel@example.org,Romania,2021-11-20,Standard,2606.75
7709,Ruben Faulkner,christinasanchez@example.net,Greece,2020-08-14,Basic,872.86
7710,Marcia Davis,ydavis@example.org,Algeria,2024-11-04,Basic,544.90
7711,Jon Burton,davidhernandez@example.org,Niger,2026-01-03,Basic,560.56
7712,Kayla Hughes,steeletyler@example.net,Greece,2022-10-16,Standard,2588.73
7713,Ivan Stafford,staylor@example.org,Morocco,2022-12-23,Basic,148.03
7714,Eric Ortiz DVM,doylemary@example.com,Malawi,2024-07-20,Standard,2457.12
7715,Melissa Gamble,rileydavid@example.net,Mexico,2025-04-17,Basic,1265.16
7716,Erik Montgomery,howardandrew@example.org,Swaziland,2026-02-22,Basic,1376.99
7717,Sara Duran,jessicapeterson@example.org,Azerbaijan,2020-11-07,Basic,1213.26
7718,David Hicks,allenaaron@example.org,Falkland Islands (Malvinas),2021-07-20,Basic,430.36
7719,Jennifer Weber,jspencer@example.com,Saint Martin,2022-09-24,Basic,913.37
7720,Ann Romero,smithdiana@example.net,Nicaragua,2020-01-13,Basic,1396.07
7721,Christopher Carrillo MD,darrell70@example.org,Eritrea,2024-11-18,Basic,226.65
7722,Kenneth Gonzales,beckbrian@example.net,Niue,2021-05-08,Premium,4368.37
7723,Traci Williams,denisemaynard@example.net,South Africa,2026-04-30,Standard,1525.49
7724,Diana Garrett,travis06@example.org,Iran,2022-01-18,Standard,1544.39
7725,Christine Hanson,williamgriffith@example.com,Vietnam,2025-12-27,Standard,2637.11
7726,Tammy King,maddoxlindsay@example.org,Guinea-Bissau,2023-11-16,Premium,6438.81
7727,Marie Gomez,reynoldsmegan@example.org,Romania,2022-10-14,Basic,818.57
7728,Haley Brown,xhudson@example.org,Falkland Islands (Malvinas),2021-07-06,Basic,1454.75
7729,Seth Thompson,matthewfarmer@example.org,United States Virgin Islands,2023-05-27,Premium,24767.32
7730,Kevin Walters,joshuaschroeder@example.org,Lebanon,2024-02-27,Basic,156.14
7731,Michael Patterson,tallen@example.com,South Africa,2023-02-25,Basic,1335.92
7732,Austin Peterson,mirandalaura@example.net,Uzbekistan,2021-12-08,Basic,1241.39
7733,Nichole Mcclure,lsmith@example.com,Armenia,2024-03-02,Basic,245.83
7734,Lisa Cox,claytonsalinas@example.net,Thailand,2023-02-16,Premium,15239.31
7735,Joshua Mays,mlee@example.com,Bolivia,2023-10-13,Standard,3876.91
7736,Robert Parrish,tblake@example.com,Egypt,2020-12-08,Standard,4077.51
7737,Amanda Foster,derrickgutierrez@example.net,Singapore,2023-02-05,Standard,2225.91
7738,Troy Rodriguez,parsonsyolanda@example.com,Estonia,2022-06-03,Standard,2143.18
7739,Thomas Collins,brian27@example.net,Faroe Islands,2020-11-17,Basic,350.87
7740,David Moore,ashley27@example.org,United Arab Emirates,2020-09-06,Premium,10710.00
7741,Alexandra Turner,lambertkelly@example.net,Hungary,2024-02-25,Standard,530.58
7742,Michelle Romero,tonyawalsh@example.com,Gibraltar,2021-02-01,Premium,20567.43
7743,Christopher Armstrong,bullockryan@example.org,Togo,2021-04-12,Standard,549.39
7744,Michael Miranda,rojasangela@example.org,Saint Pierre and Miquelon,2021-10-17,Standard,1328.11
7745,Amanda Harrison,tapiaheather@example.net,Tokelau,2022-10-25,Basic,487.62
7746,Stephanie Owens,jonathon00@example.org,Ghana,2021-10-04,Standard,1199.13
7747,Maria Mccann,davidmarquez@example.com,French Southern Territories,2021-09-08,Standard,2938.24
7748,Christopher Martin,kimberly50@example.org,Macao,2023-11-18,Standard,1019.60
7749,John Valdez,isaac32@example.com,Cook Islands,2023-11-06,Standard,4776.21
7750,Edward White,eblake@example.com,France,2024-11-04,Basic,283.09
7751,Gregory Mitchell,jessica62@example.com,Armenia,2023-08-26,Premium,4553.12
7752,Travis Barry,amber59@example.net,Bolivia,2022-02-23,Standard,3175.75
7753,Kendra Chang,robinsonjoseph@example.com,Poland,2024-11-19,Basic,919.96
7754,Luis Bailey,jason91@example.org,Sao Tome and Principe,2026-03-17,Standard,1076.46
7755,Courtney Brown,dustinhuff@example.org,United Arab Emirates,2025-09-30,Standard,4839.32
7756,Patricia Garcia,wbarnes@example.org,Senegal,2021-03-29,Basic,890.45
7757,Ryan Garcia,hernandezdana@example.net,Maldives,2025-04-06,Standard,1440.15
7758,William Thomas,sarah28@example.org,Afghanistan,2024-03-26,Standard,890.44
7759,Diane Castaneda,ajones@example.com,Equatorial Guinea,2026-08-09,Basic,127.84
7760,Richard Brennan,brownsarah@example.com,Isle of Man,2023-06-25,Standard,3415.57
7761,Angela Charles,stephaniegray@example.org,Turkey,2022-03-15,Basic,104.52
7762,Taylor Daugherty,bhill@example.net,Guernsey,2025-10-30,Standard,4461.80
7763,Jessica Ward,alexisturner@example.net,Malta,2021-10-12,Basic,312.95
7764,Daniel Richardson,ortizdonna@example.net,Pitcairn Islands,2022-05-30,Premium,4176.31
7765,Mr. Jason Anderson,jasonanderson@example.net,New Zealand,2020-05-18,Basic,1028.79
7766,Jesse Stafford,matthewjohnson@example.org,Bangladesh,2024-05-01,Premium,24245.26
7767,Samuel Mitchell,hdiaz@example.net,Central African Republic,2020-11-24,Standard,1478.52
7768,Michael Hunt,nicolesimpson@example.com,Madagascar,2020-11-12,Standard,2341.78
7769,Tara Harris,murillojesse@example.com,United States Minor Outlying Islands,2023-02-18,Basic,794.50
7770,Jessica Odonnell,nancypreston@example.org,Kenya,2023-03-11,Basic,664.65
7771,John Thomas,harrisscott@example.org,Russian Federation,2023-10-07,Basic,749.78
7772,Laura Cohen,margaret12@example.org,Guadeloupe,2026-03-30,Standard,683.77
7773,Christopher Bowman,terri97@example.org,Uzbekistan,2023-03-20,Basic,649.07
7774,Jeffrey Bennett,erica64@example.com,Barbados,2023-08-10,Standard,1615.11
7775,Rebecca Alexander,matthew94@example.org,Macao,2021-10-21,Premium,18306.34
7776,Peter Smith,willisjames@example.org,Kazakhstan,2023-07-27,Premium,4388.61
7777,Nathaniel Cannon,alvarezmichael@example.com,Bulgaria,2023-12-25,Basic,760.73
7778,Crystal Sanford,kathrynbender@example.com,Burundi,2025-06-03,Standard,3946.57
7779,Alexander Dillon,stephenshaley@example.com,Uzbekistan,2026-02-03,Standard,2326.42
7780,Sheila Williams,thomasholmes@example.org,Zimbabwe,2021-05-02,Standard,3119.22
7781,Brandi Moody,nancy83@example.net,Iraq,2021-04-28,Standard,3012.06
7782,Sean Martinez,alicia67@example.com,Czech Republic,2021-05-21,Basic,1227.04
7783,Edgar Cohen,johntaylor@example.net,Poland,2026-05-22,Standard,4872.31
7784,Jessica Pruitt,hamiltonmelissa@example.net,Nauru,2024-04-26,Standard,4534.14
7785,Vanessa Brown,craigpeter@example.net,Norway,2021-12-14,Standard,2922.65
7786,William Miller,blackwelljoshua@example.net,Ireland,2024-08-02,Premium,20973.41
7787,Alan King,isingh@example.com,French Polynesia,2022-12-25,Basic,435.25
7788,Steven Reese,jacksonstephen@example.net,Equatorial Guinea,2022-08-03,Basic,524.87
7789,Gabriel Dillon,jeffreygreene@example.com,Saint Barthelemy,2024-02-15,Standard,4520.13
7790,Mario Mitchell,boydkathleen@example.com,Israel,2020-12-18,Standard,2177.62
7791,Steven Patel,danieljimenez@example.net,Australia,2025-08-20,Basic,375.81
7792,Thomas Frazier,vparrish@example.net,Myanmar,2020-03-25,Premium,11763.76
7793,Logan Howard,gonzaleztracy@example.com,Haiti,2024-05-30,Basic,372.00
7794,Madison Gonzalez,daniellehuber@example.com,Oman,2020-12-23,Standard,846.19
7795,Juan Perkins,margaretmoore@example.org,South Georgia and the South Sandwich Islands,2025-10-04,Basic,687.04
7796,Christine Crawford,courtneyjones@example.net,Ireland,2024-10-31,Basic,262.89
5452,Lawrence Maxwell,ogarcia@example.com,Oman,2025-03-27,Standard,4853.68
7798,Kimberly Guerrero,jacobharrington@example.org,Poland,2025-05-12,Basic,1139.80
7799,Curtis Ryan,erikacraig@example.com,Dominican Republic,2022-10-22,Basic,1231.73
7800,Brandon Stein,jessicabailey@example.org,Malawi,2025-12-11,Basic,215.34
7801,Amy Stevens,fjones@example.net,Western Sahara,2025-05-13,Standard,1360.14
7802,Teresa Lawrence,davidhill@example.com,Equatorial Guinea,2020-09-03,Standard,4476.68
7803,Nicholas Caldwell,adkinserin@example.net,Bouvet Island (Bouvetoya),2020-11-30,Basic,779.66
7804,Brian Hill,thomascox@example.com,Guadeloupe,2026-02-28,Basic,779.56
7805,Jeff Jones,nicole63@example.com,Azerbaijan,2022-11-30,Basic,557.96
7806,Cody Meadows,hcurtis@example.com,Turkey,2024-07-07,Premium,14237.46
7807,Willie Mullen,matthew82@example.org,Anguilla,2020-06-17,Basic,220.56
7808,Austin Martinez,jon16@example.org,Nepal,2024-07-18,Premium,3950.29
7809,David Marshall,jeffhunt@example.com,New Caledonia,2022-01-16,Basic,1032.17
7810,Regina White,gavinmoss@example.org,Rwanda,2025-05-22,Standard,3483.48
7811,Ryan Harper,james42@example.com,Puerto Rico,2022-07-14,Standard,1242.60
7812,Bryan Patrick MD,gregorydavid@example.com,Uruguay,2025-02-25,Standard,1012.65
7813,Chad Hansen,michellegolden@example.net,Latvia,2025-01-21,Basic,1464.67
7814,Brian Davis,parkersherri@example.org,Bosnia and Herzegovina,2020-10-26,Basic,1066.63
7815,Sean Guerrero,lmartinez@example.net,Qatar,2024-09-04,Basic,853.14
7816,Bryan Zimmerman,jessicawaters@example.com,Latvia,2024-04-01,Standard,2855.10
7817,Michael Harrison,leeashley@example.org,Bosnia and Herzegovina,2021-10-12,Basic,203.40
7818,Kirk Lewis,amy55@example.com,Georgia,2022-11-25,Basic,1098.84
7819,Jessica Downs,cmiller@example.org,Ghana,2023-11-01,Standard,4752.74
7820,Kenneth Bennett,elijahreeves@example.com,Namibia,2022-03-23,Premium,16413.99
7821,Joseph Walters,samantha99@example.com,Afghanistan,2022-07-28,Standard,2737.98
7822,William Welch,mharris@example.org,Netherlands Antilles,2023-11-26,Standard,1272.22
7823,Robert Hunt,andrew52@example.org,Korea,2020-12-29,Basic,248.33
7824,Amber Hopkins,nallen@example.net,Niue,2025-02-07,Standard,4598.75
7825,Annette Keller,angela99@example.net,Reunion,2021-03-20,Standard,4738.09
7826,Sheryl Young,leekari@example.net,Kiribati,2024-09-10,Basic,893.48
7827,Ashley Ryan,dawn84@example.org,Kuwait,2025-03-05,Standard,3890.54
7828,Crystal Armstrong,courtney34@example.com,Niger,2021-08-10,Basic,1279.51
7829,Sherri Koch,vzimmerman@example.net,Mexico,2026-06-13,Basic,1417.43
7830,Brandon Rivera,sandra27@example.org,Niger,2025-06-06,Premium,17273.79
7831,Holly Alvarez,austinhodge@example.org,Saint Helena,2026-05-23,Basic,808.95
7832,Richard Patrick,spencerryan@example.org,Germany,2022-02-19,Basic,992.49
7833,Danielle Gardner,garciataylor@example.com,Korea,2026-01-28,Basic,1284.45
7834,Richard Adams,jessica15@example.org,Norfolk Island,2024-08-19,Basic,1382.17
7835,Brittany Snyder,ballardjames@example.com,Iran,2020-01-06,Premium,7785.63
7836,Jennifer Lara,tylergreen@example.com,Korea,2021-03-10,Basic,1356.15
7837,Lauren Hines,xruiz@example.org,Korea,2026-03-13,Premium,24845.20
7838,Kevin Shannon,dean55@example.com,Puerto Rico,2020-06-06,Standard,2174.58
7839,Tara Russell,rodriguezmary@example.org,Argentina,2024-03-17,Basic,332.44
7840,Frank Stewart,brandonbeck@example.org,Liberia,2025-10-16,Standard,4698.99
7841,Mark Larson,qmoore@example.com,Togo,2025-04-24,Basic,678.04
7842,Heather Robbins,michaelvaldez@example.org,France,2020-01-24,Premium,9243.36
7843,Danielle Winters,johnhernandez@example.net,American Samoa,2021-02-10,Premium,16910.41
7844,Andrew Harris,norrisstephanie@example.net,Jersey,2020-08-23,Basic,118.85
7845,Dana Clark,kayla34@example.net,Grenada,2023-06-23,Basic,1106.68
7846,Mr. Casey Hansen Jr.,katherinebaker@example.org,Trinidad and Tobago,2026-04-07,Basic,331.27
7847,Julie Smith,bradleylisa@example.net,Pakistan,2022-06-13,Premium,11095.15
7848,Patrick Murphy,brett62@example.org,Tajikistan,2023-01-26,Standard,1036.11
7849,Michael Coffey,sherrytran@example.net,Mayotte,2021-08-22,Standard,3415.82
7850,Christine Frazier,qharris@example.org,Greece,2021-07-24,Standard,4247.17
7851,Ronnie Dunn,ashley81@example.com,Zimbabwe,2024-12-17,Basic,1313.26
7852,Tony Cook,matthew74@example.com,Gabon,2023-06-11,Standard,537.22
7853,Catherine Gonzalez MD,peterford@example.com,Sri Lanka,2020-11-20,Basic,315.59
7854,Ruben Moreno,schmittsara@example.net,Ukraine,2023-06-27,Premium,23619.73
7855,Charles Carter,scott33@example.net,Palestinian Territory,2026-06-19,Basic,751.34
7856,Laura Allen,spearskimberly@example.org,Brazil,2023-01-11,Basic,657.48
7857,William Jordan,hendricksbrittany@example.net,Ukraine,2021-08-15,Basic,447.54
7858,Karl Smith MD,brobinson@example.net,Austria,2020-08-26,Basic,768.65
7859,Benjamin Perez MD,rebeccarichardson@example.net,Finland,2024-11-13,Standard,591.16
7860,Danielle Anderson,wilsonmakayla@example.net,Malawi,2020-06-23,Basic,1476.84
7861,Nichole Peters,egrimes@example.org,Nicaragua,2022-11-02,Premium,4574.84
7862,Paul Morris,qmoore@example.org,Uzbekistan,2025-04-16,Basic,1338.42
7863,Jordan Guerrero,michael36@example.net,Malawi,2022-09-26,Standard,4796.76
7864,Andrew Ayers,jessicaparker@example.com,Cyprus,2026-07-04,Basic,660.63
7865,Laura Merritt,bobfernandez@example.org,Latvia,2021-12-15,Premium,11271.45
7866,Rachel Hall,richard13@example.net,Papua New Guinea,2024-10-28,Standard,1101.48
7867,Michael Price,melissa53@example.net,Czech Republic,2020-03-05,Standard,3968.29
7868,Nicholas Watkins,alexanderandrea@example.org,Palau,2024-02-03,Basic,697.23
7869,Brett Lopez,shaunolson@example.net,Central African Republic,2024-10-02,Basic,1204.40
7870,Christina Gill,drodriguez@example.org,Hong Kong,2024-11-10,Basic,540.09
7871,William Flowers,alicia78@example.org,Antarctica (the territory South of 60 deg S),2023-09-28,Basic,108.92
7872,Mathew Flores,leecase@example.net,Croatia,2025-03-06,Basic,934.74
7873,Paul Donovan,nicolepearson@example.net,Guadeloupe,2022-06-09,Basic,1228.29
7874,Anna Nixon,andrew57@example.net,Montenegro,2023-02-24,Basic,1357.17
7875,Connie Keith,franciscopage@example.net,Belize,2023-03-31,Basic,948.14
7876,Elizabeth Bell,,Algeria,2020-09-24,Premium,16998.38
7877,Adriana Henderson,pgibbs@example.org,Comoros,2021-03-12,Basic,183.30
7878,Roy May,earlramirez@example.org,Eritrea,2021-01-15,Basic,847.13
7879,Wendy Mason,brandon13@example.com,Liberia,2021-01-15,Basic,136.42
7880,Justin Young,mathisallison@example.net,Portugal,2020-12-01,Basic,313.40
7881,Jessica Thomas,ernestobrien@example.com,Panama,2023-08-30,Standard,3424.32
7882,Alejandro Chapman,anthonyburns@example.net,Guam,2022-06-30,Standard,4481.44
7883,Ian Wilson,wwu@example.com,Burkina Faso,2026-02-10,Basic,218.62
7884,Carolyn Riley,qjensen@example.net,Croatia,2020-02-01,Basic,809.04
7885,Alan Baker,ashaw@example.org,Kiribati,2021-02-27,Basic,1012.96
7886,John Ramirez,antonio16@example.net,Sri Lanka,2022-05-06,Premium,7133.84
7887,Barbara Ellis,upatterson@example.org,Paraguay,2024-08-14,Basic,915.55
7888,Kristin Wilson,smithashlee@example.net,Pakistan,2026-08-03,Basic,992.02
7889,Julia Brown,scott59@example.com,French Polynesia,2026-03-30,Premium,17887.01
7890,Andrew Fernandez,nicole37@example.org,Bangladesh,2025-10-25,Standard,4954.07
7891,Alyssa Roy,meyerkenneth@example.org,Namibia,2026-02-06,Standard,1324.42
7892,Michael Barnes,burnettandrea@example.org,Timor-Leste,2025-02-15,Premium,24959.11
7893,Christopher Diaz,shall@example.org,Netherlands,2023-08-31,Basic,770.54
7894,Dr. Charles Bell,williamcooper@example.com,Lebanon,2025-11-12,Premium,7591.03
7895,Christopher Newman,susan75@example.com,Dominica,2022-01-16,Basic,158.87
7896,Heidi Graham,heather41@example.org,Somalia,2025-04-02,Basic,946.84
7897,Steven Bowman,monica32@example.net,Libyan Arab Jamahiriya,2023-10-29,Basic,760.29
7898,April English,sharimartinez@example.org,Dominica,2023-10-14,Basic,939.38
7899,Matthew Sandoval,cynthiasantos@example.org,Malta,2024-07-06,Standard,996.56
7900,Molly Pope,wendymclaughlin@example.org,Azerbaijan,2023-05-04,Premium,22329.42
7901,Jay Hodges,fischeralexandria@example.org,Turkey,2024-03-23,Standard,4539.30
7902,Paige Browning,pwells@example.com,Guadeloupe,2020-02-28,Basic,837.79
7903,Joshua Lee,zruiz@example.net,French Polynesia,2021-04-02,Basic,777.06
7904,George Hays,kmartin@example.net,Saint Helena,2020-12-19,Standard,3806.73
7905,Nathaniel Padilla,randydavis@example.net,French Polynesia,2024-06-04,Basic,913.48
7906,Daniel Kerr,fmorrison@example.net,Belize,2026-05-10,Standard,3963.65
7907,Kimberly Blankenship,luis27@example.com,Northern Mariana Islands,2023-06-24,Basic,865.28
7908,Stacy King,rangelglen@example.org,Cyprus,2021-04-28,Basic,543.61
7909,Kristina Mitchell,jonesnicole@example.org,Liechtenstein,2025-08-19,Basic,448.46
7910,Tracy Wheeler,santiagostephanie@example.net,United States of America,2023-02-20,Basic,686.09
7911,Lauren Trujillo,cjoseph@example.org,Jamaica,2026-06-11,Basic,827.29
7912,Brittany Santos,burkecharles@example.org,Mauritius,2023-07-06,Basic,1059.08
7913,Adam Todd,justin70@example.org,Ukraine,2022-04-27,Basic,411.80
7914,Kathleen Webb,timothy90@example.com,New Zealand,2023-09-11,Premium,15211.30
7915,Jacob Young,jwright@example.org,Anguilla,2021-03-19,Basic,163.77
7916,Jennifer House,warnersteven@example.com,United States Virgin Islands,2024-08-11,Basic,788.39
7917,Dana Gilmore,lauren52@example.net,Pakistan,2022-09-14,Standard,1448.43
7918,Brenda Walker,sarah39@example.com,Western Sahara,2020-09-03,Standard,3196.96
7919,Cody King DDS,lawrencestephanie@example.org,South Georgia and the South Sandwich Islands,2024-07-10,Basic,426.49
7920,Randall Hampton,twalker@example.com,French Southern Territories,2021-09-09,Premium,22143.34
7921,Brian Smith,wendy58@example.net,Iceland,2023-09-25,Premium,7639.74
7922,Mallory Henry,andreahinton@example.com,Norway,2020-01-27,Premium,12047.06
7923,Joshua Johnson,vlee@example.net,Portugal,2025-01-09,Premium,7455.15
7924,Caleb Marshall,ahunt@example.com,Gibraltar,2024-12-16,Basic,703.87
7925,Eric Anderson,chasemercado@example.net,French Polynesia,2025-08-19,Basic,1045.01
7926,Adam Griffin,veronica96@example.com,Saudi Arabia,2025-04-04,Basic,1468.06
7927,Melissa Evans,heather77@example.net,Hong Kong,2023-01-11,Basic,776.32
7928,Michael Carroll,cnunez@example.net,United Arab Emirates,2024-12-20,Premium,23165.03
7929,Vincent Smith,susan97@example.com,Singapore,2026-06-11,Standard,3664.30
7930,Maria Hartman,kingmichael@example.org,Indonesia,2022-09-23,Basic,338.88
7931,Linda Bailey,currycassandra@example.net,Venezuela,2025-03-31,Premium,7104.70
7932,Jake Cooper,christinataylor@example.net,Moldova,2020-10-29,Premium,13434.80
7933,Charles Maldonado,ingramjoseph@example.com,Latvia,2020-10-29,Basic,1279.10
7934,Cristian Young,kristin02@example.net,Yemen,2026-02-12,Basic,1239.24
7935,Matthew Moore,rharris@example.org,Estonia,2023-02-01,Standard,4331.42
7936,Patrick Johnson,uwarren@example.org,French Southern Territories,2026-01-30,Basic,1063.99
7937,Ryan Jones,cruzstacy@example.org,Tunisia,2025-06-11,Premium,11756.67
7938,Michael Gibson,sara76@example.org,Brazil,2022-10-12,Basic,875.84
7939,Diane Frye,gtate@example.com,Algeria,2022-03-23,Premium,24589.76
7940,Ronald Kelly,christopherbaker@example.net,Ukraine,2020-01-08,Basic,1155.41
7941,Karen Gray,austinpaul@example.com,French Guiana,2023-03-09,Basic,288.67
7942,Curtis Perez,williamsscott@example.net,Sweden,2022-05-08,Standard,1253.35
7943,William Miller,mwallace@example.net,Heard Island and McDonald Islands,2022-01-03,Standard,4232.42
7944,Deborah Nelson,christopher75@example.com,Suriname,2021-08-22,Basic,1150.52
7945,Alexis Ellis,brianlynch@example.net,Congo,2025-07-16,Basic,251.91
7946,Andrea Smith,wbenitez@example.com,Georgia,2022-03-15,Basic,1273.37
7947,Seth Brown,thomas87@example.org,Svalbard & Jan Mayen Islands,2026-03-18,Basic,980.31
7948,Rachel Stone DVM,rjohnson@example.org,Vanuatu,2026-06-12,Basic,345.96
7949,Craig Barnes,davisalyssa@example.org,Bosnia and Herzegovina,2026-08-13,Basic,318.23
7950,Timothy Walters,bvillegas@example.org,Sri Lanka,2022-06-22,Premium,13154.09
7951,Andrew Patel,kristiecisneros@example.com,Belize,2024-11-02,Premium,4567.67
7952,Sean Collins,patrickjose@example.com,Finland,2024-01-01,Basic,521.13
7953,Ian Riley,garydennis@example.net,Congo,2022-08-03,Basic,1314.75
7954,Dr. Stephen Cooper,jakebrooks@example.net,Ethiopia,2023-10-20,Basic,339.25
7955,John Hubbard,iyoung@example.net,Myanmar,2020-09-30,Standard,3415.68
7956,James Saunders,robert79@example.com,Turks and Caicos Islands,2026-02-21,Standard,3807.36
7957,Julie Carlson,patrick80@example.net,Western Sahara,2024-08-13,Basic,1292.37
7958,Linda Fritz,hbailey@example.com,Timor-Leste,2023-06-12,Standard,3492.89
7959,Miss Elizabeth Alvarez,hcurry@example.org,British Virgin Islands,2025-12-18,Basic,1228.86
7960,Marie Wagner,dorisbrock@example.com,British Virgin Islands,2020-05-05,Basic,1064.23
7961,Robert Williams,marcroberson@example.com,North Macedonia,2024-12-06,Premium,13823.75
7962,Alison Patel,dennis27@example.org,Zimbabwe,2023-03-04,Basic,441.46
7963,Catherine Sanders,grahamheather@example.org,Indonesia,2026-02-14,Standard,4582.95
7964,Dr. Angela Santiago PhD,monicabonilla@example.org,Niger,2020-12-19,Basic,602.03
7965,Theresa Lynch,rhonda06@example.net,Montserrat,2026-05-04,Standard,3226.95
7966,Danielle Moss,phenry@example.com,Qatar,2024-01-21,Basic,373.89
7967,Tristan Williams,elewis@example.org,Sierra Leone,2022-04-06,Standard,3036.99
7968,Brenda Marshall,danielallen@example.org,Liechtenstein,2021-02-17,Basic,937.68
7969,Anna Wheeler,whitneycarroll@example.net,Korea,2021-12-19,Standard,1327.60
7970,Dr. Alexis Joseph,ssanchez@example.com,Myanmar,2021-08-12,Premium,11372.10
7971,Janet Salinas,jtaylor@example.net,Saint Lucia,2021-03-26,Basic,653.50
7972,Jessica Macdonald,lweiss@example.org,Trinidad and Tobago,2023-12-12,Standard,1400.88
7973,Matthew Henderson,warrenburton@example.org,China,2025-08-18,Standard,4391.54
7974,Alyssa Lopez,dawnbrown@example.net,Saint Lucia,2020-12-26,Basic,1448.04
7975,Robert Joyce,charlesjones@example.net,Ecuador,2025-10-07,Basic,1386.00
7976,Brian Young,jamesdavis@example.net,Equatorial Guinea,2024-08-05,Basic,621.90
7977,Mary Nolan,fbell@example.net,Slovenia,2022-04-14,Standard,4174.99
7978,David Moreno,ann72@example.com,Angola,2024-07-14,Standard,3821.97
7979,Janet Dawson,donaldcamacho@example.org,Korea,2026-05-25,Premium,11907.62
7980,Tonya Riley,danielparker@example.com,Georgia,2025-06-10,Basic,226.76
7981,Adam Miller,jeffreyorozco@example.net,Czech Republic,2021-12-09,Basic,334.42
7982,Melissa Li,nward@example.org,British Indian Ocean Territory (Chagos Archipelago),2025-08-02,Standard,2926.54
7983,Kathy Pearson,danaevans@example.net,Trinidad and Tobago,2021-02-28,Basic,537.40
7984,Samuel Williams,hughessarah@example.net,Nauru,2025-05-17,Standard,3263.92
7985,Christina Ortiz,jameslauren@example.com,Guatemala,2020-06-14,Basic,1085.47
7986,Michael Vasquez,thomas67@example.org,Croatia,2022-08-19,Basic,583.03
7987,Jeffrey Payne,ecrawford@example.com,Uruguay,2022-01-08,Standard,3829.29
7988,Jason Dunn,czimmerman@example.org,Sweden,2026-07-29,Basic,243.11
7989,Beth Medina,acostawilliam@example.net,Turkmenistan,2024-11-06,Premium,4216.85
7990,Thomas Wagner,jenniferray@example.net,Samoa,2021-05-11,Basic,1279.20
7991,Elizabeth Frazier,riverarichard@example.org,Korea,2022-06-22,Basic,778.04
7992,Ronald Foster,susan52@example.net,United Arab Emirates,2021-06-29,Standard,1557.70
7993,Michele Velazquez,john03@example.com,British Indian Ocean Territory (Chagos Archipelago),2026-04-07,Standard,885.55
7994,Derrick Graham,petersenmartin@example.org,Wallis and Futuna,2020-01-22,Basic,512.05
7995,Michelle Peterson,weberlaura@example.net,Latvia,2020-02-25,Premium,14454.29
7996,Jason Cole,wleach@example.org,Thailand,2021-02-16,Basic,161.88
7997,Tammy Murillo,mary15@example.com,Saint Martin,2020-01-24,Premium,17653.47
7998,Debbie King,jkaiser@example.net,Greece,2021-01-17,Standard,3409.50
7999,Scott Zimmerman,bwebster@example.com,Benin,2023-08-07,Standard,1629.35
8000,Michael Brooks,ritarodriguez@example.com,Antarctica (the territory South of 60 deg S),2023-10-28,Basic,660.01
8001,Justin Spencer,emily97@example.net,Switzerland,2025-04-12,Standard,3015.29
8002,Michael Mcintyre,russellperez@example.net,Guinea-Bissau,2026-05-16,Basic,905.32
8003,Sherri Shaw,michelledavis@example.org,Panama,2020-11-20,Premium,10627.57
8004,Vincent Bailey,smithdavid@example.net,Saudi Arabia,2025-10-22,Basic,576.82
8005,Amanda Martin,jberry@example.org,Mauritius,2024-08-07,Basic,761.61
8006,Ethan Green,lsandoval@example.net,Zimbabwe,2023-03-08,Basic,213.52
8007,Nicole Santos,ejones@example.org,British Indian Ocean Territory (Chagos Archipelago),2022-12-14,Basic,1193.86
8008,Julia Rose,hamiltonivan@example.com,Vietnam,2024-04-30,Standard,3588.13
8009,Debra Barron,natashawiley@example.org,Uruguay,2022-09-05,Basic,374.41
8010,Valerie Torres,ricardo17@example.net,Saint Lucia,2026-07-12,Standard,501.05
8011,Kirk Richardson,rvelasquez@example.org,Kazakhstan,2025-01-17,Standard,1612.75
8012,Travis Schneider,debra15@example.org,Hungary,2025-03-10,Basic,1166.66
8013,Scott Mcdaniel,charlesclayton@example.org,Bhutan,2026-08-22,Premium,4241.74
8014,Melissa Pratt,turnerbrandy@example.com,India,2025-07-30,Standard,1891.06
8015,Anthony Tucker,ybrown@example.net,Pitcairn Islands,2025-07-23,Standard,2436.45
8016,Shawn Carter,davidsonroger@example.org,Turkey,2025-11-01,Basic,1445.60
8017,Tammy Arellano,stephanie51@example.net,Spain,2020-05-05,Basic,1210.26
8018,Wendy Harrington,christymcguire@example.net,Niger,2020-11-22,Standard,4476.92
8019,Jay Ellison,lisa97@example.org,Paraguay,2023-08-16,Basic,291.15
8020,Rebecca Stewart,tyler85@example.net,Botswana,2021-10-17,Standard,952.69
8021,Christine Porter,jeffreyrichardson@example.net,Colombia,2025-01-05,Basic,1013.15
8022,Joseph Shaw,sandersjohnny@example.net,Kazakhstan,2025-03-09,Standard,2952.51
8023,Stephen Austin,karenfuller@example.org,Georgia,2025-02-05,Basic,1451.51
8024,Joseph Kennedy,taylor97@example.com,Tajikistan,2024-04-20,Basic,776.84
8025,Franklin Ramirez,rodneyrios@example.org,Bosnia and Herzegovina,2024-03-17,Standard,4169.69
8026,Adam Hernandez,lori94@example.com,Lao People's Democratic Republic,2021-06-11,Basic,731.57
8027,Jonathan Collins,elizabeth69@example.net,Myanmar,2024-03-05,Standard,3694.89
8028,Emily Garcia,allison33@example.net,Cyprus,2023-07-22,Standard,940.51
8029,Christine Knight,eosborn@example.com,Western Sahara,2022-08-24,Standard,2370.83
8030,Troy Singh,esimpson@example.net,Eritrea,2021-10-22,Basic,387.93
8031,Marcus Barajas,cmiller@example.net,Uganda,2026-03-03,Premium,16587.02
8032,Eric Hull,dakota26@example.com,Swaziland,2025-09-15,Basic,1449.71
8033,Danielle Cox,megantaylor@example.com,Iraq,2020-03-11,Basic,1190.72
8034,Mr. Anthony Floyd,davidjordan@example.com,Suriname,2023-11-27,Standard,2598.79
8035,Beverly Graham,dwilliamson@example.com,Montserrat,2026-05-05,Basic,405.63
8036,Lisa Reed,gabrielfletcher@example.net,South Africa,2023-10-05,Basic,332.44
8037,Heather Hartman,twilliams@example.com,Vanuatu,2020-08-31,Standard,2167.62
8038,Kendra Hayden,garrettlisa@example.com,Palau,2026-07-16,Standard,2374.97
8039,Nancy Holland,samanthavincent@example.org,Sierra Leone,2020-11-10,Basic,1440.42
8040,Paul Berg,qmiller@example.org,San Marino,2023-11-07,Basic,537.07
8041,Tammy Carey,bsanchez@example.net,Montenegro,2025-04-11,Basic,967.24
8042,Susan Brooks,brandon74@example.net,Venezuela,2022-09-13,Premium,23001.20
8043,Nicole Jones,jshields@example.org,Fiji,2025-08-25,Standard,4834.36
8044,Anna Kidd,wrobinson@example.com,Saudi Arabia,2021-06-08,Basic,1090.37
8045,Sabrina Parrish,pherrera@example.com,Comoros,2023-02-01,Basic,296.00
8046,Julie Nelson,ybailey@example.org,Faroe Islands,2023-03-08,Standard,864.18
8047,Ronnie Ramsey,careysarah@example.net,Heard Island and McDonald Islands,2020-03-01,Standard,3061.03
8048,Edward Williams,andrea87@example.com,Comoros,2021-06-05,Premium,20992.41
8049,Matthew Weber,hectorreid@example.com,Honduras,2024-09-01,Premium,10020.21
8050,Laura Thomas,walshtimothy@example.org,Mexico,2025-06-27,Basic,1387.60
8051,Sandra Wilson,brian34@example.net,Qatar,2021-03-30,Basic,1098.47
8052,Mark Jensen,jasonramos@example.net,Djibouti,2023-03-12,Basic,620.27
8053,Diane Hill,chambersrobert@example.net,Tonga,2022-05-18,Premium,7646.33
8054,Michael Snow,hannahgarcia@example.net,Saint Lucia,2023-06-30,Standard,1310.44
8055,Miguel Frank,cpowers@example.com,Papua New Guinea,2020-08-28,Standard,3254.65
8056,Danielle Sanchez,hgray@example.net,Paraguay,2023-06-20,Basic,865.75
8057,Susan Martin,zsmith@example.net,Turks and Caicos Islands,2025-12-26,Basic,140.21
8058,Kathryn Tucker,patellarry@example.org,Mozambique,2024-03-13,Basic,1061.09
8059,Antonio Rivas,fieldsjason@example.net,Benin,2025-03-23,Premium,17155.76
8060,Deanna Henderson,paulsanchez@example.net,Andorra,2024-06-21,Standard,4350.22
8061,Robin Bennett,charlessimon@example.org,Saint Martin,2020-08-01,Standard,1684.84
8062,Zachary Reid,qlopez@example.net,Eritrea,2021-03-03,Standard,777.84
8063,Mary Marks,deannamccall@example.net,Ghana,2024-11-08,Standard,4337.59
8064,Gary Shepard,pittmanadam@example.net,Croatia,2024-07-09,Premium,24914.60
8065,Maria Garcia,hudsonrobert@example.org,Georgia,2020-08-12,Basic,1491.29
8066,Troy Dunn,julia59@example.com,Slovenia,2026-02-25,Basic,426.75
8067,Kelly Ortiz,mthomas@example.net,Australia,2021-06-30,Basic,940.95
8068,Kristen Rosales,rlee@example.com,Syrian Arab Republic,2020-09-08,Basic,771.00
8069,Nancy Perez,rossrobert@example.org,Sao Tome and Principe,2022-04-21,Premium,5464.45
8070,Sandra Meyer,gabrielle17@example.net,Latvia,2022-02-19,Basic,931.53
8071,Jessica Mcfarland,jeremyrhodes@example.net,Solomon Islands,2021-03-18,Basic,198.03
8072,Eric Butler,clopez@example.com,Ecuador,2022-09-28,Standard,3582.82
8073,Nicholas Mccoy,pgriffin@example.com,Norfolk Island,2020-03-02,Basic,926.19
8074,Mark Cortez,steven66@example.net,Netherlands Antilles,2020-01-13,Basic,1308.65
8075,Gregory Bennett,jyu@example.com,United Kingdom,2025-06-22,Basic,922.68
8076,Krista King,sreyes@example.org,Turkey,2026-03-22,Standard,616.85
8077,Jane Lopez,kathleen18@example.org,Comoros,2020-03-11,Basic,974.40
8078,Kelli Holloway PhD,crystal37@example.org,Bahamas,2026-06-18,Standard,2143.25
8079,Emily Mills,zbrown@example.net,Argentina,2026-01-02,Basic,889.10
8080,Jesse Brown,jrogers@example.org,Suriname,2025-10-28,Premium,18192.99
8081,Jennifer Snyder,melissa18@example.net,Cook Islands,2020-06-28,Standard,1995.04
8082,Jennifer Norris,rshaw@example.org,Trinidad and Tobago,2020-01-28,Standard,4638.49
8083,Thomas Allen,samuelpayne@example.net,Bhutan,2025-08-13,Standard,3919.59
8084,Steven Shannon,kcox@example.com,Cameroon,2026-06-27,Basic,842.79
8085,Ashley Hardy,emily47@example.com,Colombia,2023-08-30,Basic,452.31
8086,Katrina Moore,mbrown@example.com,Ireland,2025-05-16,Standard,4998.12
8087,Michael Miller,ribarra@example.org,Maldives,2020-06-18,Basic,1162.12
8088,Amber Henson,hernandezdonna@example.org,Japan,2020-10-27,Basic,414.95
8089,Bridget Johnson,catherineburke@example.net,Albania,2025-12-16,Basic,897.79
8090,Christy Evans,juliewilliams@example.net,Jordan,2025-03-22,Basic,330.89
8091,Nicholas Henderson,ncooper@example.com,Holy See (Vatican City State),2023-04-06,Premium,18184.92
8092,Wanda Haney,moniquecamacho@example.org,Liberia,2021-05-25,Basic,1477.60
8093,Angelica Hall,christinaramos@example.com,Svalbard & Jan Mayen Islands,2022-01-03,Premium,22105.60
8094,Alexis Glass,jasonbennett@example.org,United Kingdom,2020-01-03,Standard,4927.69
8095,Russell Burns,bellchristopher@example.net,Mauritius,2020-09-07,Basic,203.10
8096,Stephanie White,kwilliams@example.net,Syrian Arab Republic,2024-07-02,Standard,4511.25
8097,Lisa Young,torresjames@example.com,Guatemala,2021-02-16,Standard,2275.78
8098,Jessica Murillo,ashleyturner@example.net,Belize,2022-06-16,Standard,4049.17
8099,Gary Hunter,jenna27@example.com,Heard Island and McDonald Islands,2023-10-20,Standard,3525.71
8100,Jodi Lopez,stevenhenson@example.org,Belize,2023-12-12,Basic,154.25
8101,Matthew Ford,timothy96@example.org,Ecuador,2026-06-02,Standard,1452.26
8102,Theresa Jones,luisdillon@example.org,Micronesia,2023-02-27,Standard,3618.04
8103,Erik Rice,mcdonaldjames@example.net,Kazakhstan,2023-01-12,Basic,208.19
8104,Christopher Hernandez,pattersonnicole@example.com,Dominican Republic,2022-08-19,Standard,2172.12
8105,Deanna Cooper,cynthiashepherd@example.com,Burkina Faso,2025-05-06,Premium,18061.23
8106,Jessica Wolf,lmccoy@example.net,Samoa,2021-11-07,Basic,1343.83
8107,Douglas Kaufman,wendysalazar@example.org,Liberia,2020-11-19,Standard,2718.81
8108,Catherine Byrd,qferguson@example.com,Algeria,2024-01-23,Standard,4536.74
8109,Scott Miller,matthew65@example.org,Belgium,2022-07-11,Premium,9452.63
8110,Cynthia Diaz,solisamy@example.org,Peru,2022-04-21,Basic,239.75
8111,Amber Ross,kellymelinda@example.com,Lesotho,2026-05-18,Basic,796.67
8112,Brian Stuart,williamslaura@example.net,Saint Helena,2024-05-19,Standard,2030.00
8113,Sylvia Strong,ucherry@example.net,Netherlands,2025-09-13,Standard,2127.22
8114,Chad Potts II,smitherin@example.net,Uganda,2025-12-16,Standard,3022.62
8115,Caroline Liu,cochranjames@example.org,Portugal,2023-04-29,Premium,17585.44
8116,Ashley Rivera,bstephens@example.com,Sweden,2024-05-23,Standard,2186.29
8117,Curtis Ruiz,smithjared@example.net,Korea,2023-03-16,Basic,829.57
8118,Mr. Cody Williams,sheena50@example.net,Turks and Caicos Islands,2025-10-31,Standard,556.41
8119,Terri Riley,delgadosarah@example.net,New Caledonia,2020-09-21,Basic,782.32
8120,Carlos Reed,nichole33@example.com,New Caledonia,2025-02-04,Standard,2730.25
8121,Carrie Logan,ericagonzalez@example.org,Cambodia,2021-02-19,Standard,898.53
8122,Susan Sanchez,robinsoncristina@example.org,Burkina Faso,2022-03-15,Basic,1356.56
8123,Jay Riley PhD,qgould@example.com,Luxembourg,2020-12-05,Premium,7591.45
8124,Alexandra Chen,martinezanthony@example.net,Kenya,2025-12-28,Standard,3496.02
8125,Alexis Chandler,ybarnes@example.com,Marshall Islands,2026-01-19,Basic,1204.29
8126,Timothy Roberts,jessicabell@example.com,Malaysia,2022-01-11,Standard,3956.71
8127,Richard Shelton,gonzalezjudith@example.com,Trinidad and Tobago,2021-12-23,Basic,739.54
8128,John Cooley,fisherlawrence@example.org,Ecuador,2020-07-22,Basic,315.00
8129,Anne Dunlap,fosterlauren@example.net,Panama,2026-05-15,Basic,1390.77
8130,Stephanie Roberts,erin73@example.com,Sudan,2025-02-20,Basic,386.06
8131,Ryan Smith,ebony26@example.org,Chile,2025-10-15,Basic,542.27
8132,Tim Morales,sherrycole@example.net,Maldives,2022-12-06,Basic,964.72
8133,Larry Mcgee,matthewstracy@example.org,Tanzania,2023-02-01,Basic,480.89
8134,Cody Young,tonya99@example.com,Guinea,2025-12-16,Basic,149.89
8135,Kristin Ellison,vhill@example.com,New Caledonia,2022-10-13,Premium,22711.76
8136,Mary Blake,cbrown@example.org,Central African Republic,2026-06-21,Basic,468.95
8137,Justin Evans,danielgardner@example.net,Costa Rica,2025-12-10,Basic,577.98
8138,David Clayton,hensondeborah@example.com,Saint Martin,2021-06-12,Basic,277.34
8139,Jaime Lee,caitlynfleming@example.net,Guadeloupe,2026-02-12,Standard,608.10
8140,Clayton Jackson DDS,eric02@example.com,Guinea-Bissau,2025-10-17,Basic,610.41
8141,Jorge Reynolds,omccarthy@example.net,Solomon Islands,2022-08-12,Basic,1451.65
8142,John Turner,ayork@example.com,Denmark,2020-10-11,Premium,9221.50
8143,Bonnie Freeman,alexisfitzgerald@example.com,Hong Kong,2026-06-28,Basic,1057.36
8144,Madison Nguyen,msandoval@example.com,United Kingdom,2025-02-01,Standard,1151.56
8145,Deanna Kelley,stacydavis@example.org,Tunisia,2022-07-26,Basic,759.44
8146,Heidi Long,bryan43@example.org,Taiwan,2020-01-20,Premium,23108.58
8147,Kevin Hoffman,evan95@example.org,Russian Federation,2021-12-23,Standard,2714.81
8148,Julia Robertson,pam28@example.com,American Samoa,2025-03-13,Basic,1226.08
8149,Kim Frank,robert38@example.org,Cocos (Keeling) Islands,2025-04-09,Basic,870.23
8150,Brittany Hernandez,williamsjustin@example.org,Iraq,2024-05-20,Standard,3474.17
8151,Sarah Ward,callahanmicheal@example.net,Togo,2021-10-10,Standard,4344.61
8152,Karen Johnson,sarahholmes@example.org,Dominican Republic,2022-09-12,Basic,1359.50
8153,Molly Kelley,fred35@example.net,Estonia,2024-01-31,Standard,2006.90
8154,Andrea Johnston,whiteheadandrea@example.org,Guam,2020-01-22,Premium,24853.60
8155,Michael Cruz,douglascohen@example.com,Sierra Leone,2024-03-06,Basic,625.64
8156,Jack Martinez,idouglas@example.org,Guadeloupe,2021-03-22,Standard,4501.28
8157,Vanessa Anderson,stephanie84@example.com,Vanuatu,2024-05-21,Basic,1125.55
8158,Andrew Gomez,sandra46@example.org,Korea,2023-12-17,Basic,783.14
8159,Anthony Mccarthy,sheryl70@example.com,Saint Kitts and Nevis,2021-06-27,Basic,862.50
8160,Lee Brown,paulhernandez@example.net,Korea,2024-08-19,Basic,1052.50
8161,Nicholas Gaines,rodriguezroy@example.com,Malawi,2026-02-06,Basic,933.44
8162,Paula Thomas,emily86@example.net,Nigeria,2020-05-08,Standard,1133.10
8163,Taylor Brown,mitchellkevin@example.net,Netherlands,2025-05-14,Basic,1499.44
8164,Sandra Baker,whitewanda@example.org,Cambodia,2022-01-25,Basic,583.73
8165,Amy Cannon MD,kristenwilson@example.net,Cayman Islands,2023-12-26,Premium,14103.48
8166,Samantha Watts,hjordan@example.org,Croatia,2024-12-08,Premium,17746.52
8167,Jennifer Morris,xjenkins@example.net,French Guiana,2025-04-25,Basic,334.81
8168,Courtney Hawkins,matthew71@example.org,Sierra Leone,2024-07-22,Standard,2967.71
8169,Melissa Campbell,morenoscott@example.com,Congo,2023-06-22,Basic,1059.12
8170,Sara Green,ahernandez@example.com,Saint Helena,2021-06-13,Basic,162.29
8171,Nicole Rodriguez,qjones@example.net,Nicaragua,2021-05-29,Standard,774.88
8172,John Myers,halecrystal@example.org,Yemen,2021-06-24,Standard,3903.40
8173,Ronald Johnson,crystal95@example.net,Nicaragua,2024-06-22,Basic,1006.05
8174,Diana Davidson,joshuagreene@example.net,Botswana,2022-09-20,Standard,4261.22
8175,Robert Mitchell,adamschristopher@example.com,Mali,2024-10-29,Premium,16754.84
8176,Dawn Frank,kingkevin@example.net,Venezuela,2020-12-26,Basic,893.98
8177,Joseph Acosta,tiffanybailey@example.org,Congo,2020-12-26,Premium,4774.80
8178,Heather Turner,jenniferdaniels@example.com,Mozambique,2021-09-02,Basic,441.36
8179,Heather Hensley,scottbarnes@example.com,Liberia,2021-11-19,Premium,6838.56
8180,Denise Collier,ocarter@example.com,New Zealand,2024-04-21,Standard,1859.62
8181,Maria Young,larrywhite@example.com,Bangladesh,2020-09-16,Basic,558.92
8182,Joyce Rasmussen,kathrynadkins@example.net,Bosnia and Herzegovina,2026-08-02,Basic,1033.60
8183,Christopher Edwards,bsmith@example.org,Cayman Islands,2023-01-18,Premium,21677.03
8184,Karen Pittman,rebecca27@example.org,Norway,2025-01-03,Basic,1034.23
8185,Willie Bell,davislaura@example.net,Switzerland,2025-12-26,Basic,763.90
8186,Joseph Butler,michaeldelgado@example.com,Puerto Rico,2023-04-05,Standard,4794.43
8187,David Peters,qnelson@example.com,North Macedonia,2025-08-17,Standard,2707.84
8188,Diane Nguyen,vsmith@example.com,Venezuela,2024-06-03,Basic,1412.64
8189,Crystal Mcknight,mwilkins@example.org,Monaco,2026-05-02,Standard,1067.39
8190,Zachary Mccarty,cochrancharles@example.net,Cook Islands,2024-03-09,Basic,939.74
8191,Gregory Roberts,hallstefanie@example.org,Puerto Rico,2026-02-02,Basic,1199.09
8192,Nichole Kim,luke78@example.org,Ukraine,2020-12-09,Standard,3453.62
8193,Lacey Smith,flawson@example.org,Dominican Republic,2025-05-01,Standard,4989.49
8194,Ronald Matthews,sullivanteresa@example.com,Saint Barthelemy,2020-04-07,Standard,3538.07
8195,Jennifer Williams,ascott@example.net,Cote d'Ivoire,2020-01-04,Standard,974.22
8196,Erica Alexander,carteralexander@example.net,Saint Vincent and the Grenadines,2025-01-20,Standard,3164.18
8197,Gregory Moore,flewis@example.com,Argentina,2021-01-08,Premium,3854.39
8198,Mary Rodriguez,joseph41@example.org,Serbia,2025-06-08,Standard,980.82
8199,Beverly Weaver,jenniferparsons@example.com,Guam,2023-07-05,Standard,4490.54
8200,Daniel Nichols,mooneypatrick@example.org,Lithuania,2020-12-17,Standard,1769.18
8201,Kristy Campbell,amandamiller@example.org,Algeria,2023-03-09,Basic,1133.23
8202,Ethan Carlson,anthony61@example.com,Albania,2022-08-22,Standard,3273.12
8203,Katie Rodriguez,ecarlson@example.org,Togo,2024-06-19,Standard,1006.41
8204,Brian Greene,williamsdaniel@example.com,Netherlands,2021-07-01,Basic,320.55
8205,Autumn Reyes,nicole98@example.net,Fiji,2024-10-19,Standard,2564.12
8206,Joseph Davidson,qstark@example.com,Netherlands,2023-01-30,Basic,458.42
8207,Miss Alexis Simmons MD,aprilmoore@example.org,Pitcairn Islands,2020-01-28,Standard,2246.35
8208,Michelle White,jason55@example.net,Luxembourg,2025-08-21,Premium,12435.07
8209,Andrew Salazar,anthony18@example.net,Taiwan,2026-07-14,Standard,892.92
8210,Jason Morales,fcrawford@example.net,Sierra Leone,2023-07-25,Standard,1631.14
8211,Rachael Ruiz,melissahunt@example.com,Svalbard & Jan Mayen Islands,2025-11-28,Basic,673.47
8212,Jon Smith,myersronald@example.org,Niger,2026-05-04,Standard,2352.06
8213,Kimberly Bennett,xcollins@example.net,Senegal,2022-03-24,Basic,857.21
8214,John Cervantes,reynoldscameron@example.net,Thailand,2025-03-14,Premium,17277.58
8215,Alejandra Robinson,cainnicole@example.net,Azerbaijan,2024-12-21,Premium,9209.87
8216,Kimberly Davis,chadmaynard@example.org,Algeria,2021-09-17,Standard,3288.03
8217,Christine Santiago,grace58@example.com,Solomon Islands,2025-01-02,Basic,181.46
8218,Benjamin Sexton,cuevasscott@example.net,Gabon,2021-03-23,Basic,1139.85
8219,Rebecca Price,schroederjulie@example.org,Colombia,2021-06-15,Premium,15125.08
8220,Kenneth Montes,scarlson@example.net,Saudi Arabia,2025-03-08,Basic,427.86
8221,Brittany Craig,lhodges@example.org,Saudi Arabia,2021-07-16,Basic,96.44
8222,Peter White,scottleah@example.net,Russian Federation,2024-07-28,Basic,577.42
8223,Dana Berry,jessica89@example.net,Belgium,2020-01-18,Premium,17621.37
8224,Donna Espinoza,lisa45@example.com,Rwanda,2024-09-14,Standard,2361.79
8225,Matthew Edwards,crystal22@example.net,Iraq,2022-01-25,Standard,4623.28
8226,Kevin Dawson,dakotawilliams@example.org,Mauritania,2025-01-18,Basic,493.76
8227,Brandy Vega,warnerjeffrey@example.net,Antigua and Barbuda,2022-07-17,Basic,1431.88
8228,Robert Bell,wjohnson@example.com,France,2020-07-04,Premium,12301.04
8229,David Thomas,karla02@example.com,Nicaragua,2025-04-24,Standard,1688.04
8230,Holly Herman,rachel39@example.org,New Caledonia,2022-02-27,Premium,4039.07
8231,William Smith,michael26@example.org,Senegal,2023-04-02,Basic,669.63
8232,Laurie Rodriguez,meganstewart@example.net,Svalbard & Jan Mayen Islands,2025-07-15,Basic,744.90
8233,Emma Guzman,marshallevan@example.org,Latvia,2022-05-26,Standard,2758.81
8234,John Grant,thomasprice@example.org,Bhutan,2020-05-29,Standard,4061.84
8235,Kaitlyn Webb,taylorrobbins@example.org,British Virgin Islands,2022-04-18,Basic,697.12
8236,Johnny Riley,howardautumn@example.net,Thailand,2023-07-16,Standard,4383.74
8237,Alexander Horn,matthewmorris@example.net,Korea,2021-11-21,Basic,1006.28
8238,John Cherry,andrewmoore@example.org,Zimbabwe,2023-05-26,Basic,222.85
8239,Danielle Soto,bobby53@example.org,Poland,2021-07-16,Standard,2720.23
8240,April Kaufman,yramirez@example.net,Kuwait,2024-07-13,Standard,2069.56
8241,Antonio Page,weberjennifer@example.org,Luxembourg,2023-08-13,Basic,1250.56
8242,Heather Mccall,smithjennifer@example.net,Zambia,2020-06-16,Basic,967.24
8243,Donna Morris,elliottkatie@example.org,China,2024-12-17,Basic,1017.92
8244,Thomas Gibbs,evilla@example.com,Chile,2026-06-07,Basic,1123.86
8245,Angela Cochran,golson@example.net,Kenya,2024-07-21,Basic,475.04
8246,Victor Owens,smithvictoria@example.org,Burundi,2023-10-03,Basic,704.18
8247,Amanda Pineda,ecook@example.com,Poland,2022-02-22,Standard,4251.76
8248,Linda Spence,jameshart@example.org,Ireland,2021-11-16,Basic,597.47
8249,Margaret Washington,wkaufman@example.net,Andorra,2025-11-11,Standard,4613.22
8250,Ian Jensen,david39@example.net,Egypt,2022-10-16,Standard,1222.21
8251,Caitlin Singleton,donaldvelasquez@example.net,Romania,2026-06-11,Standard,4417.58
8252,Adam Reynolds,francescohen@example.com,Guatemala,2023-12-24,Basic,1319.15
8253,Jennifer Lewis,sanchezanthony@example.net,Paraguay,2020-06-20,Premium,9149.19
8254,Frank Martinez,mcbridedominic@example.net,Korea,2021-11-15,Basic,1148.76
8255,David Obrien,vincentcraig@example.net,Hong Kong,2024-03-26,Basic,57.21
8256,Douglas Fernandez,ktaylor@example.net,Germany,2022-05-06,Standard,3324.87
8257,Kathleen Cook,kbrown@example.com,Bahamas,2025-04-25,Standard,3601.30
8258,Cheryl Fields,kristinasmith@example.org,Sudan,2025-08-06,Basic,526.67
8259,Rebecca Smith,kristidavila@example.com,Guadeloupe,2022-10-11,Standard,4074.41
8260,Christine Berry,madeline75@example.org,Tajikistan,2025-04-03,Basic,1416.39
8261,James Miller,clarkeric@example.org,Malta,2025-08-20,Standard,2373.50
8262,Francisco Sherman,nathanchase@example.org,Ecuador,2022-09-30,Basic,333.55
8263,Lori Oliver,chelseawhite@example.net,Ireland,2020-04-24,Standard,1191.23
8264,Pamela Smith,robinsonmatthew@example.org,Barbados,2021-12-07,Standard,1378.72
8265,John Scott,rosssandra@example.net,Turkmenistan,2022-05-15,Basic,460.19
8266,Dr. Richard Torres,kingjoseph@example.net,Australia,2022-05-17,Standard,530.35
8267,Scott Fox,chelseaturner@example.net,Nicaragua,2022-11-22,Basic,542.16
8268,Jeffrey Jones,clinemiranda@example.com,Tunisia,2023-05-04,Basic,767.78
8269,Derrick Mejia,smithchristopher@example.org,Cape Verde,2020-05-19,Basic,167.83
8270,Ashley Wood,zmurray@example.com,Colombia,2025-10-23,Basic,1095.44
8271,Christie Harvey,connienavarro@example.com,Slovakia (Slovak Republic),2020-10-07,Basic,147.07
8272,Joanne Lucero,stephen89@example.org,South Georgia and the South Sandwich Islands,2022-05-13,Standard,3435.58
8273,David Nichols,xhenry@example.net,Ukraine,2022-02-08,Standard,3851.56
8274,Brandi Pennington,crawfordkenneth@example.org,Brazil,2024-06-09,Premium,23669.44
8275,Virginia Deleon,laurensmith@example.org,Gabon,2021-01-27,Premium,24031.18
8276,Cassandra Anderson,blakedennis@example.org,Estonia,2022-02-21,Standard,2929.13
8277,Mr. Kenneth Robinson,james71@example.net,Malawi,2025-01-03,Basic,245.77
8278,Lawrence Sanchez,daniel49@example.org,Palau,2022-01-08,Premium,5701.49
8279,Veronica Wright,oliviastevenson@example.com,Qatar,2021-05-21,Standard,2295.58
8280,Amy Hayes,jonesmary@example.net,Isle of Man,2023-02-24,Premium,16096.73
8281,Melinda Mahoney,ihoward@example.com,Djibouti,2023-04-05,Standard,663.54
8282,Michelle Huffman,lopeztiffany@example.net,Cuba,2026-04-21,Premium,24232.15
8283,Pam Hill,sclark@example.org,Saint Martin,2023-06-27,Basic,932.83
8284,Heather Jones,ohowell@example.org,Colombia,2022-05-11,Premium,24448.56
8285,Michaela Kelley,martinnancy@example.org,New Caledonia,2024-01-20,Standard,3425.30
8286,Kristy Miller,fwolfe@example.net,Tajikistan,2026-06-15,Standard,1062.98
8287,John Lucas,bryantmatthew@example.com,Maldives,2024-07-30,Standard,2730.36
8288,Jessica Sanders,moorejennifer@example.com,Rwanda,2022-03-12,Basic,1167.44
8289,Nicholas Collins,mary57@example.com,Croatia,2024-11-24,Premium,24884.12
8290,Shirley Stafford,virginia98@example.org,French Polynesia,2026-04-22,Standard,1166.68
8291,Charles Ryan,wagneralexis@example.org,Cocos (Keeling) Islands,2026-04-03,Basic,1455.97
8292,Jonathan Contreras,seth35@example.org,Iceland,2024-02-06,Basic,859.55
8293,Ashley Cortez,melissa91@example.org,Botswana,2021-10-02,Basic,421.00
8294,Nathaniel Thomas,brian45@example.com,El Salvador,2020-04-10,Standard,4600.39
8295,Andrea Thompson,younglisa@example.com,Ghana,2022-02-19,Standard,672.91
8296,Dawn Lopez,richardwalker@example.com,Antigua and Barbuda,2020-08-29,Basic,746.62
8297,Amanda Bailey,robinsonfelicia@example.org,Philippines,2026-01-03,Basic,168.41
8298,Brittney Cortez,jgarcia@example.com,Slovakia (Slovak Republic),2025-05-17,Standard,4646.43
8299,Anita Mahoney,lsteele@example.org,Dominican Republic,2021-01-02,Standard,1307.16
8300,Daniel Miller,georgeolson@example.com,Anguilla,2020-10-18,Standard,3737.69
8301,Alyssa Ramos,danielmichelle@example.org,Ethiopia,2021-04-30,Standard,2277.00
8302,Darryl Morales,rsosa@example.net,Tanzania,2025-07-02,Basic,1020.58
8303,John Wilson,dennis76@example.com,Central African Republic,2026-05-12,Basic,330.05
8304,Mary Potter,david26@example.org,Libyan Arab Jamahiriya,2025-06-07,Premium,11984.54
8305,Heather Fernandez,jcollier@example.com,Reunion,2024-08-05,Basic,367.63
8306,Logan Calderon,walkermelissa@example.com,British Virgin Islands,2024-09-25,Basic,956.70
8307,Ashley Rodriguez,burnskevin@example.com,Rwanda,2020-04-10,Basic,930.97
8308,Mary Solis,thomasdixon@example.com,Burkina Faso,2025-12-16,Basic,1201.39
8309,Monica Anderson,kstark@example.com,Seychelles,2020-10-13,Standard,1237.21
8310,Jennifer Perez,hendersonbeth@example.net,Western Sahara,2026-04-26,Basic,56.63
8311,Taylor Mendoza,fdouglas@example.com,Liechtenstein,2020-06-07,Standard,1850.21
8312,Andrea Powell,sullivanamy@example.net,Pitcairn Islands,2025-10-12,Standard,526.08
8313,Kimberly Mitchell,joseph24@example.com,Azerbaijan,2025-06-15,Basic,1155.27
8314,Nicole Dixon,melissa38@example.com,Monaco,2025-12-31,Standard,4006.38
8315,Emily Jackson,nicole76@example.com,Yemen,2026-08-01,Standard,3500.50
8316,Cynthia Rodriguez,george41@example.net,Lao People's Democratic Republic,2026-05-30,Basic,1183.97
8317,Susan Davis MD,tranzachary@example.org,Tanzania,2025-07-10,Standard,4094.65
8318,Gabriel Yu,robert97@example.com,Bahrain,2026-08-08,Standard,3178.49
8319,Wesley Wagner,ryanhale@example.com,Christmas Island,2020-01-04,Standard,762.46
8320,Ian Lopez,bsmith@example.com,Burkina Faso,2025-06-08,Standard,4685.92
8321,Jennifer Alvarez,markblackburn@example.com,British Indian Ocean Territory (Chagos Archipelago),2022-04-28,Premium,18679.34
8322,Mark Smith,,Cape Verde,2023-05-16,Basic,1379.14
8323,Richard Mcdonald,caseydaniel@example.org,Latvia,2022-09-30,Standard,4775.90
8324,Daisy Fletcher,johnsoncody@example.net,Philippines,2022-06-28,Standard,3800.03
8325,Juan Reed,christinacontreras@example.com,Slovakia (Slovak Republic),2024-01-28,Standard,2680.65
8326,Kimberly Jackson,jerrylarsen@example.org,Dominican Republic,2021-11-20,Basic,1260.35
8327,Dawn Brooks,jyoung@example.org,Papua New Guinea,2022-02-14,Premium,19620.17
8328,Antonio Roberts,longtara@example.net,Thailand,2024-05-11,Basic,826.19
8329,Jeffrey Lee,dmullins@example.net,Georgia,2020-10-28,Standard,3662.77
8330,Phillip Dickerson,robertsjoseph@example.org,Gibraltar,2023-02-22,Premium,14206.29
8331,James Valentine,jamesconner@example.com,Lesotho,2026-05-25,Standard,2077.09
8332,Kimberly Marquez,williamrich@example.com,Nauru,2020-08-12,Premium,11869.15
8333,Joseph Atkins,jmarshall@example.com,Nicaragua,2024-02-05,Basic,1018.24
8334,Alexander Brennan,vbray@example.org,French Southern Territories,2026-04-01,Basic,846.87
8335,Scott Mitchell,dleblanc@example.net,Luxembourg,2020-01-02,Standard,1209.45
8336,John Reynolds,shannon52@example.com,Turks and Caicos Islands,2024-01-02,Basic,82.20
8337,Jeanette Lam,schwartztammy@example.org,Saint Pierre and Miquelon,2022-06-02,Standard,697.46
8338,Patricia Decker,johnathan85@example.org,Belize,2023-06-11,Standard,3367.01
8339,Marie Rodriguez,barbara46@example.org,Comoros,2024-11-14,Standard,3222.90
8340,Thomas Kennedy,dylan69@example.org,Bolivia,2021-08-24,Basic,809.52
8341,James Schneider,sharon37@example.org,Poland,2023-02-09,Standard,4257.27
8342,Jamie Morrison,enavarro@example.com,Northern Mariana Islands,2020-10-27,Basic,1396.47
8343,Jennifer Jordan,kmarquez@example.org,Guatemala,2025-12-31,Standard,2082.92
8344,Benjamin Williams,,Mauritania,2022-01-28,Basic,359.14
8345,Alexandra Marsh,gpatrick@example.net,Egypt,2025-03-19,Standard,3067.81
8346,David Leach,vwilliams@example.com,Mozambique,2025-05-24,Basic,578.91
8347,Mark Sellers,wblack@example.com,Faroe Islands,2023-01-23,Standard,4452.18
8348,Melissa Edwards,tammy33@example.com,Martinique,2021-09-19,Standard,1279.61
8349,Francis Russell,smithgregory@example.org,Papua New Guinea,2025-12-02,Standard,2933.72
8350,James Harris,xroach@example.net,Tuvalu,2024-01-28,Basic,1003.24
8351,Brandi Lambert,nbaker@example.org,French Southern Territories,2024-02-07,Basic,100.16
8352,Ryan Gardner,keithmccall@example.net,Trinidad and Tobago,2026-04-08,Basic,697.99
8353,Gilbert Long,ehunt@example.com,Denmark,2023-02-18,Standard,3371.62
8354,Marvin Garcia,noah93@example.org,Brunei Darussalam,2026-04-03,Premium,13369.70
8355,Robert Bennett,cindycampbell@example.org,Solomon Islands,2023-03-23,Standard,1871.34
8356,Richard Morgan,laurencastillo@example.net,British Indian Ocean Territory (Chagos Archipelago),2020-10-19,Standard,3005.11
8357,Cassie Hamilton,walshmelissa@example.net,Malaysia,2025-09-24,Basic,354.33
8358,Kelsey Bell,austinmyers@example.net,Niue,2020-09-19,Basic,1133.29
8359,Robert Huffman,browntodd@example.net,Samoa,2024-01-12,Basic,364.01
8360,Cindy Mack,moralesnicole@example.com,Cocos (Keeling) Islands,2021-09-19,Standard,976.26
8361,Brandi Bryant,wilsonkevin@example.com,Guadeloupe,2026-04-03,Standard,3604.23
8362,Michelle Hawkins,sanchezbruce@example.org,Eritrea,2026-07-11,Basic,465.15
8363,Mr. Justin Flores,katherine43@example.org,Cambodia,2020-01-08,Standard,3839.15
8364,David Graves,adam43@example.com,Mexico,2021-09-23,Standard,1579.04
8365,Bruce Brooks,orobbins@example.com,Ukraine,2020-09-02,Premium,23261.64
8366,Melissa Holden,billy13@example.org,Aruba,2020-05-02,Basic,757.98
8367,Keith Harris,hcherry@example.net,Chile,2022-04-29,Basic,1484.63
8368,Jennifer Wilson,carlacarpenter@example.net,United Kingdom,2021-07-05,Basic,1202.73
8369,John Cook,mitchelllisa@example.net,Saint Barthelemy,2024-08-21,Premium,21517.95
8370,Steven Moore,edwardsbrandon@example.org,Paraguay,2021-08-21,Basic,836.82
8371,Stephen Ho,zparker@example.net,Western Sahara,2024-03-20,Basic,1304.55
8372,Brandi Snyder,michael13@example.com,Austria,2026-04-22,Basic,105.88
8373,Robert Perkins,icamacho@example.net,United States of America,2021-05-22,Basic,1352.10
8374,Mark Roberts MD,eferrell@example.net,Pakistan,2020-02-09,Basic,492.27
8375,Stephanie Graham,ashleyrojas@example.net,Namibia,2025-03-17,Basic,830.66
8376,Cathy Anderson,patriciamartin@example.org,Gabon,2024-05-31,Standard,3581.86
8377,Barbara Cardenas,frice@example.org,Turks and Caicos Islands,2023-08-06,Premium,23503.88
8378,Toni Barber,johnlewis@example.com,Congo,2023-07-21,Standard,859.82
8379,Donna Taylor,heather24@example.net,Congo,2024-07-24,Standard,917.79
8380,Amanda Ramirez,zsanders@example.net,Uruguay,2023-03-31,Basic,149.51
8381,Theresa Garcia,wrightadam@example.org,Isle of Man,2022-03-19,Premium,24364.54
8382,Derek Perez,qmolina@example.com,Bulgaria,2021-10-29,Standard,1339.81
8383,Kristi Kim,hillmegan@example.net,Namibia,2020-10-07,Basic,861.48
8384,Jose Jones,jacksonnicholas@example.com,Venezuela,2020-07-13,Basic,1471.89
8385,Nicole Jones,udeleon@example.com,Paraguay,2021-11-29,Basic,459.41
8386,Alicia Salazar,vharmon@example.com,Malta,2020-07-11,Standard,3564.47
8387,Darryl Walker,jeffrey29@example.org,Tajikistan,2025-07-01,Basic,1367.70
8388,Lindsey Kline,kimberlyclark@example.net,New Zealand,2020-08-16,Basic,906.55
8389,Steven Mendoza,kendrapatterson@example.net,Faroe Islands,2025-08-28,Standard,2078.66
8390,Kristopher Mcgee,fisherpatricia@example.org,Kenya,2025-07-27,Standard,4484.81
8391,Jessica Francis,adamalvarez@example.org,Peru,2024-06-26,Standard,4980.39
8392,James Warren,smithhaley@example.net,Zimbabwe,2021-09-04,Standard,3684.94
8393,Mrs. Jessica Adams,dcaldwell@example.com,Haiti,2022-05-13,Premium,6033.05
8394,John Porter DDS,ericrodriguez@example.org,Costa Rica,2026-04-18,Standard,1939.60
8395,Gary Carter,greenjames@example.org,Barbados,2024-03-26,Premium,22049.40
8396,Aaron Reilly,jonathansmith@example.org,Myanmar,2024-11-25,Basic,1263.40
8397,Katie Casey,paulstuart@example.com,Hungary,2021-02-03,Basic,1048.25
8398,Riley Grimes,grayashley@example.net,Austria,2022-10-29,Standard,4319.77
8399,Logan Smith,testes@example.com,Ireland,2026-03-15,Standard,2770.76
8400,Joel Washington,heatherhaas@example.org,Burundi,2025-08-29,Standard,3655.57
8401,Richard Lane,rhondaadams@example.com,Greenland,2023-07-02,Basic,600.98
8402,Amanda Collins DDS,lisagregory@example.org,Tunisia,2022-03-08,Premium,12449.10
8403,John Carpenter,joseph00@example.org,Afghanistan,2023-08-17,Premium,24992.71
8404,Joseph Berger,dwells@example.org,Wallis and Futuna,2025-11-19,Standard,1257.93
8405,David Lozano,itorres@example.net,Cape Verde,2026-05-19,Standard,3009.84
8406,James Russell,heatherreynolds@example.com,Myanmar,2025-07-23,Premium,13105.43
8407,Lauren Randall,christine35@example.com,Brunei Darussalam,2025-05-22,Basic,866.13
8408,Christina Miller,kiarapowers@example.org,Guyana,2020-11-08,Basic,1217.88
8409,Dustin Jones,hflores@example.org,Argentina,2024-07-31,Standard,1605.44
8410,Eric Ward,josewatson@example.org,Lesotho,2020-07-07,Basic,686.51
8411,Debra Weiss,thomasadam@example.net,Czech Republic,2024-07-07,Basic,963.67
8412,Kathleen Schneider,ramosalexandra@example.net,Togo,2021-02-12,Basic,1375.43
8413,Joseph Sawyer,lauraalvarado@example.org,Holy See (Vatican City State),2022-07-23,Premium,12513.77
8414,Ashley Richardson,shaun22@example.org,Colombia,2024-06-05,Standard,1872.14
8415,Stephen Davis,justin69@example.net,Russian Federation,2021-08-12,Basic,461.72
8416,Christine Brown,tayloredward@example.com,Micronesia,2023-07-14,Basic,841.23
8417,Nina Johnson,hmiller@example.com,Sierra Leone,2021-04-02,Standard,1101.22
8418,Karen Gonzales,timothy02@example.net,Vietnam,2022-03-17,Premium,16412.75
8419,Leslie Carter,timothy71@example.com,India,2024-10-05,Standard,1423.61
8420,Kevin Ramsey,davidadkins@example.org,Bouvet Island (Bouvetoya),2023-02-18,Standard,616.10
8421,Karla Smith,theresakim@example.com,Northern Mariana Islands,2023-06-23,Standard,3675.08
8422,Derrick Green,chungkaren@example.net,Kiribati,2025-09-29,Basic,1057.11
8423,Pamela Bernard,theresa50@example.org,Bhutan,2024-05-03,Standard,2902.30
8424,Tammy Franklin,christopherturner@example.com,Belize,2023-05-28,Basic,911.65
8425,Danielle Ortiz,dunnkevin@example.org,Norfolk Island,2023-03-01,Basic,610.47
8426,Chloe Davila,mitchellrivera@example.net,Saint Kitts and Nevis,2025-04-17,Standard,2285.25
8427,Catherine Hammond,,Israel,2022-05-26,Basic,1107.31
8428,Sarah Smith,melissaabbott@example.net,Liechtenstein,2024-09-18,Basic,564.70
8429,Jennifer Pham,fpratt@example.org,Iceland,2025-05-20,Standard,1004.60
8430,Brett Campos,crystalsmith@example.org,Central African Republic,2024-09-12,Standard,4585.02
8431,Danielle Mckinney,jamessnyder@example.com,Ghana,2021-05-28,Basic,1092.86
8432,Ryan Ross,peterbush@example.org,Timor-Leste,2021-05-20,Basic,411.25
8433,Connie Romero,leon62@example.org,Zimbabwe,2021-02-22,Basic,645.86
8434,Makayla Thomas,jeff60@example.net,United Kingdom,2026-05-22,Basic,1338.20
8435,Rebecca Aguilar,smithstephanie@example.com,Norfolk Island,2023-12-01,Basic,716.66
8436,Mark Brown,gutierrezmargaret@example.com,Cook Islands,2020-03-15,Premium,4817.48
8437,Michael Patel,ayaladawn@example.org,Niue,2024-08-07,Basic,568.92
8438,Luis Hansen,john24@example.net,Netherlands,2025-09-03,Basic,1204.33
8439,Emma Church,brownlisa@example.com,Taiwan,2022-03-16,Basic,365.97
8440,Trevor Edwards,lbauer@example.org,United Kingdom,2023-07-05,Standard,2938.12
8441,Jamie Howell,mwatts@example.org,Zambia,2025-09-07,Standard,2132.64
8442,Christina Rice,ghicks@example.org,Russian Federation,2023-06-26,Standard,4400.87
8443,Lisa Decker,floressean@example.com,United Kingdom,2022-10-21,Basic,1057.02
8444,Lisa Parker,marydavis@example.net,Uganda,2025-04-06,Basic,283.24
8445,Bradley Moore,ugibbs@example.net,Bahrain,2021-04-11,Standard,4710.70
8446,Sarah Moore,hhuffman@example.org,Jordan,2023-03-23,Standard,4004.77
8447,James Smith,brendaperez@example.com,Guinea-Bissau,2024-02-05,Basic,359.28
8448,Christopher Poole,tiffany03@example.com,United Arab Emirates,2025-08-16,Basic,220.86
8449,Aaron Nunez,fwilson@example.com,Lesotho,2020-08-23,Basic,1397.38
8450,James Johnson,rnicholson@example.org,Aruba,2025-08-10,Premium,2589.86
8451,Jessica Powell,tristan86@example.org,Haiti,2024-05-24,Basic,1472.01
8452,Danielle Park,flynndavid@example.net,Gabon,2024-08-25,Premium,21137.35
8453,Frank Hess,gordonlisa@example.org,Oman,2020-10-13,Basic,837.13
8454,Andrew Dunn,rebeccabrown@example.com,Tonga,2026-05-15,Basic,124.46
8455,Marc Walker,joshuamccarthy@example.net,Taiwan,2020-12-03,Standard,3306.23
8456,Stacy Jimenez,alyssabaker@example.org,Ireland,2026-04-28,Premium,10157.81
8457,Peter Flores,williamhill@example.org,Burundi,2020-12-06,Basic,1180.51
8458,Christine Hernandez,nvincent@example.net,Cocos (Keeling) Islands,2023-10-16,Premium,12297.89
8459,Victoria Frost,vincent06@example.com,Wallis and Futuna,2025-04-18,Standard,3552.26
8460,Jacqueline Rivera,taylorbonnie@example.com,Iraq,2021-06-02,Standard,3026.45
8461,Kelly Johnson,lauriesmith@example.com,India,2024-09-03,Premium,7970.35
8462,Elizabeth Bennett,andrew73@example.net,Botswana,2023-11-22,Premium,3561.43
8463,Stacy Young,pstevens@example.org,Guernsey,2023-08-24,Standard,4341.18
8464,Mandy Hudson,wendy33@example.org,Oman,2023-12-17,Standard,2253.87
8465,Danielle Mooney,monique69@example.net,Sierra Leone,2021-10-08,Basic,1457.69
8466,Daniel Holmes,martinrachel@example.com,San Marino,2021-12-06,Standard,2380.97
8467,Kara Stephens,wgray@example.com,Micronesia,2020-08-05,Standard,4323.64
8468,Jennifer Webb,krobertson@example.com,San Marino,2022-06-06,Standard,2968.53
8469,Eugene Hernandez,singhdakota@example.net,Costa Rica,2026-04-20,Basic,640.30
8470,Trevor Perez,ssmith@example.net,Uzbekistan,2022-10-20,Premium,8819.17
8471,Howard Page,cookcolleen@example.com,Christmas Island,2024-11-02,Basic,50.17
8472,Kimberly Jones,leslie94@example.org,Czech Republic,2026-02-18,Standard,2982.90
8473,Brittney Kelly,adamsarthur@example.net,Algeria,2024-03-30,Basic,1390.61
8474,Laura Cooper,jessica28@example.org,Italy,2026-06-27,Basic,429.13
8475,Michael Cherry,johnsonjessica@example.net,Czech Republic,2022-01-11,Standard,1883.51
8476,Kent Casey,tlee@example.com,Guinea-Bissau,2026-01-19,Basic,859.47
8477,Juan Roberts,sgrant@example.net,Tajikistan,2022-02-13,Standard,4799.47
8478,Dawn Lawrence,edwardwood@example.org,Poland,2022-02-07,Standard,4063.22
8479,Zachary Patterson,emily67@example.com,Turkey,2020-07-27,Premium,19813.04
8480,Lauren Williams,cmorales@example.com,Guam,2023-04-16,Standard,1674.69
8481,Richard Dean,jennifer19@example.org,Thailand,2022-04-23,Premium,11889.05
8482,Shawn Davis,lindseyharris@example.org,Burkina Faso,2022-07-19,Basic,1353.18
8483,Valerie Hansen,michelleandrews@example.org,Mauritania,2026-07-16,Standard,4143.78
8484,Sophia Harmon,xmorgan@example.org,Niue,2023-03-03,Basic,1336.74
8485,Hector Garcia,chankimberly@example.net,Saint Vincent and the Grenadines,2023-01-08,Basic,582.39
8486,Kaitlyn Hester,thomas78@example.com,French Southern Territories,2022-07-11,Basic,509.65
8487,Kevin Stout,christinahill@example.org,Colombia,2024-03-27,Basic,1151.24
8488,Elizabeth Russell,deborahdaniels@example.org,Honduras,2026-04-27,Basic,250.60
8489,Christopher Grimes,rsosa@example.com,Gambia,2023-10-25,Basic,875.44
8490,Michael Walker,alexander60@example.com,Haiti,2020-01-14,Premium,2722.65
8491,Samuel Romero,ibarnett@example.org,Lesotho,2023-04-04,Basic,587.07
8492,John Young,hmorales@example.com,Jordan,2024-11-08,Standard,1807.93
8493,Hannah Todd,harveyjustin@example.org,Luxembourg,2021-09-07,Standard,4669.06
8494,Sherry Davis,sfreeman@example.com,Malta,2024-08-03,Basic,571.54
8495,Michael Randolph,sandovalryan@example.org,Moldova,2023-10-05,Standard,3561.12
8496,Dalton Doyle,michellecortez@example.org,Afghanistan,2020-01-29,Basic,942.87
8497,Kaitlin Tyler,bburton@example.org,United Kingdom,2020-04-24,Basic,212.20
8498,Troy Walker,penahelen@example.net,Comoros,2024-10-12,Standard,2921.74
8499,John Sherman,joyzhang@example.net,British Virgin Islands,2021-11-13,Basic,381.32
8500,Lisa Phillips,wilsonamy@example.org,Mauritius,2021-08-20,Basic,330.50
8501,Heather Lopez,daniel26@example.org,Anguilla,2026-07-13,Premium,13568.27
8502,Jessica Russo,radams@example.net,Hungary,2026-03-07,Basic,1119.89
8503,Madison Shea,katherinereyes@example.com,Mauritania,2020-06-27,Standard,1127.97
8504,Stacy Ho,karenthomas@example.org,Slovakia (Slovak Republic),2023-07-23,Standard,2945.12
8505,Evan Moore,jaime84@example.net,Bahamas,2024-12-30,Basic,1180.57
8506,Harold Cooper,myersnancy@example.org,Netherlands,2021-07-21,Standard,2205.81
8507,Jim Lopez,juareznicole@example.com,Botswana,2022-04-04,Basic,1117.60
8508,Jill Poole,clarkteresa@example.net,Paraguay,2023-08-21,Basic,563.09
8509,David Roberts,iross@example.com,Mauritania,2022-04-18,Premium,5400.67
8510,Rachael Morris,kelli76@example.org,Afghanistan,2024-08-15,Standard,1087.69
8511,Crystal Holland,kimberly67@example.org,Korea,2022-10-31,Basic,788.68
8512,Ashley Carlson,epope@example.com,Cook Islands,2020-02-11,Basic,140.61
8513,Nathan Miller,laurenlopez@example.com,British Indian Ocean Territory (Chagos Archipelago),2020-12-02,Premium,17460.66
8514,Tammie Murphy,danielsbrenda@example.net,American Samoa,2021-12-12,Premium,4148.20
8515,Brian Jackson,mollyaguilar@example.org,American Samoa,2024-01-26,Basic,859.31
8516,Lindsay Johnson,ashleynelson@example.net,Egypt,2024-06-10,Standard,4810.09
8517,Lindsay Henderson,chavezthomas@example.org,United Kingdom,2022-01-12,Basic,995.42
8518,Casey Suarez,qwilliams@example.com,Azerbaijan,2023-07-20,Standard,2405.03
8519,Sarah Soto,elizabethjackson@example.com,United States of America,2024-07-01,Standard,1453.59
8520,Diane Calderon,christinawolf@example.com,French Guiana,2022-08-29,Basic,980.80
8521,John Frey,albertgates@example.org,Bosnia and Herzegovina,2021-03-15,Basic,497.85
8522,Christopher Pratt,garyrobinson@example.org,Bangladesh,2021-10-29,Basic,1222.72
8523,Reginald Snow,derrickowens@example.org,Egypt,2025-08-13,Standard,4333.77
8524,Kyle Roberts,fgarcia@example.com,Iceland,2022-04-15,Basic,1193.70
8525,Joshua Wright,shirley31@example.net,Vietnam,2020-12-01,Basic,737.82
8526,Dawn Russo,tgreene@example.net,Malta,2025-08-28,Basic,77.11
8527,Travis Burns,htran@example.org,Botswana,2021-05-03,Basic,637.79
8528,Brandon Nixon,zfritz@example.com,Eritrea,2025-09-17,Standard,4166.93
8529,Alexander Thomas,richard41@example.com,Serbia,2020-04-06,Premium,9283.33
8530,Ryan Chase,pageandrew@example.com,Ecuador,2020-03-23,Basic,234.38
8531,Angelica Ramos,jennavance@example.net,Norfolk Island,2022-03-15,Basic,1145.53
8532,Brittany Hernandez,brownpamela@example.org,Kazakhstan,2023-04-08,Basic,1368.27
8533,Stacy Hunter,chelsea91@example.net,Nicaragua,2022-12-20,Basic,531.51
8534,Megan Wilson,lhamilton@example.com,South Georgia and the South Sandwich Islands,2021-02-27,Basic,871.08
8535,Tracy Kane MD,rhernandez@example.com,Solomon Islands,2020-05-21,Standard,3905.32
8536,Gary Holland,patelandrew@example.org,Dominica,2020-07-22,Premium,23655.34
8537,Robert Simon,hubervictor@example.com,Bangladesh,2022-03-05,Basic,1486.19
8538,Tyler Scott,bjordan@example.org,Gabon,2026-05-03,Premium,8309.30
8539,Andrew Anderson,timothyevans@example.com,Somalia,2026-05-21,Basic,1248.36
8540,Matthew Reed,bgreen@example.org,Bermuda,2021-11-18,Basic,264.83
8541,Nancy Dunlap,juliaflores@example.org,American Samoa,2023-10-01,Premium,2515.24
8542,Dawn Ramos,ljones@example.org,Guyana,2020-07-01,Basic,1112.36
8543,Jimmy King,marksjustin@example.net,Suriname,2023-03-21,Basic,1285.56
8544,Jennifer Harris,crosskatie@example.org,Lao People's Democratic Republic,2023-01-14,Standard,1570.43
8545,Ryan Alexander,maldonadowendy@example.org,Guatemala,2022-07-22,Standard,3049.54
8546,Kayla Bullock,richard10@example.org,Nauru,2021-11-04,Basic,1104.04
8547,Bryan Brown,larrypeterson@example.net,Comoros,2025-11-10,Standard,1592.68
8548,Nathan Thomas,lcox@example.net,Bhutan,2020-09-26,Standard,4223.67
8549,Peggy Parsons,mayspaul@example.net,Kenya,2020-07-25,Basic,124.12
8550,Linda Wright,ilawson@example.org,Iceland,2024-06-07,Premium,12731.01
8551,Janet Gardner,alexa72@example.net,Lithuania,2025-11-30,Basic,596.44
8552,Michael Paul,markryan@example.org,Fiji,2020-09-09,Standard,3977.30
8553,Nicholas Dudley,schwartzmichelle@example.net,Cocos (Keeling) Islands,2024-06-05,Standard,1832.76
8554,Caroline Davis,lance70@example.net,Panama,2023-07-31,Basic,640.81
8555,Susan Clark,moorebridget@example.com,Palau,2022-02-17,Basic,249.81
8556,Charles Horton,jean92@example.org,Bahamas,2025-05-26,Basic,400.26
8557,Marilyn Rodriguez,riverapatricia@example.net,Myanmar,2026-08-02,Standard,4435.12
8558,Michelle Simon,manninghailey@example.org,Iraq,2023-09-16,Standard,4309.56
8559,David Cannon,richardsanchez@example.org,Saint Pierre and Miquelon,2024-03-06,Standard,854.76
8560,Jose Brown,keithlewis@example.com,Lesotho,2026-04-07,Basic,316.58
8561,Andrea Roberts,prestonkevin@example.org,Kenya,2025-12-01,Basic,964.38
8562,Craig Burns,martineztodd@example.org,Saint Barthelemy,2021-11-04,Basic,1237.90
8563,Seth Smith,kennethvargas@example.org,China,2022-03-03,Basic,128.92
8564,Theresa Martin,gabrielatyler@example.com,Bouvet Island (Bouvetoya),2025-11-06,Basic,1494.83
8565,Jeffrey Owens,idunlap@example.org,Lao People's Democratic Republic,2023-08-13,Standard,4171.90
8566,Amanda Sloan,davidsonsara@example.com,Holy See (Vatican City State),2023-07-13,Basic,1210.43
8567,Richard Norman,heatheredwards@example.org,Bosnia and Herzegovina,2022-04-26,Premium,19074.18
8568,Aaron Williams,molinajanet@example.com,Nicaragua,2021-03-09,Basic,576.07
8569,Tyler Jennings,donglenn@example.org,Sao Tome and Principe,2021-07-27,Premium,22964.48
8570,Andrew Fernandez,haynesamy@example.com,Vanuatu,2026-08-01,Premium,5368.37
8571,Jaime French,matthewwall@example.net,Faroe Islands,2020-04-29,Premium,7271.25
8572,Nathaniel Turner,david86@example.org,Iraq,2025-10-09,Premium,6080.95
8573,Brandon Rodgers,travis07@example.com,Netherlands Antilles,2023-07-26,Basic,1294.73
8574,Charles Lawson,donna89@example.com,Iran,2024-06-12,Basic,606.92
8575,Jamie Williams,fcarroll@example.net,Italy,2025-12-04,Standard,2835.12
8576,Allison Stafford,david95@example.org,Saudi Arabia,2022-03-03,Basic,1051.62
8577,Scott Phillips,owallace@example.com,Cyprus,2025-05-22,Standard,4468.07
8578,James Strickland,deanna81@example.net,Wallis and Futuna,2020-03-04,Premium,12894.16
8579,Ryan Bowman,tinaflores@example.net,Vanuatu,2024-03-06,Basic,363.24
8580,Sergio Martinez,ggreen@example.net,Rwanda,2024-05-13,Basic,804.86
8581,Patrick Weber,glenn05@example.com,Papua New Guinea,2020-08-31,Standard,4076.99
8582,Kenneth Duncan,dustinduarte@example.org,Morocco,2022-10-02,Premium,23042.46
8583,James Long,nathangeorge@example.org,Sierra Leone,2023-01-27,Basic,200.33
8584,Anna Hale,airwin@example.net,Bermuda,2023-07-02,Standard,3219.78
8585,Sharon Clarke,andersonbenjamin@example.com,Saint Barthelemy,2021-06-21,Basic,703.71
8586,Joseph Perkins,ucook@example.org,Armenia,2022-01-27,Premium,8296.44
8587,Vanessa Brown,patelstephen@example.net,Cayman Islands,2024-11-25,Basic,668.04
8588,Charles Smith,zkelly@example.org,Korea,2022-02-09,Basic,767.58
8589,Valerie Williams,karen37@example.net,Zambia,2023-04-26,Standard,3653.53
8590,Mary Hughes,cohensamuel@example.com,Ecuador,2020-08-13,Basic,1360.98
8591,Jacqueline Hampton,elawrence@example.com,Moldova,2021-02-22,Standard,4958.70
8592,April Ward,alexandriamiller@example.net,Marshall Islands,2026-03-13,Standard,4315.65
8593,Richard Gallegos,bmorgan@example.net,Cayman Islands,2020-10-31,Standard,2219.19
8594,Lindsay Graham,alexandraweiss@example.com,Bosnia and Herzegovina,2025-02-09,Standard,1980.53
8595,Melissa Bolton,zmason@example.net,Uzbekistan,2025-06-11,Premium,20291.65
8596,Joshua Dixon,markhudson@example.com,Tuvalu,2020-04-15,Basic,273.22
8597,Edward Valenzuela,keith15@example.com,Bangladesh,2022-12-05,Basic,1302.79
8598,Keith Ford,lindsayhaney@example.org,Guyana,2023-03-01,Basic,1221.85
8599,Hannah Bond,bakerrhonda@example.net,Namibia,2023-03-26,Standard,532.42
8600,Curtis Brown,jeremy18@example.net,Tunisia,2023-05-14,Basic,843.31
8601,Matthew Cox,brandonortega@example.net,Vanuatu,2025-08-08,Premium,16578.56
8602,Deborah Clark,elizabethhoffman@example.com,Luxembourg,2022-07-14,Premium,21922.72
8603,Dustin Cox,palmerdonna@example.net,Lao People's Democratic Republic,2020-09-21,Standard,4990.17
8604,Jamie Rocha,xgarcia@example.com,Palau,2024-12-16,Basic,608.56
8605,Elizabeth Cabrera,austinholly@example.net,Honduras,2022-06-05,Standard,4508.58
8606,Mary Norman,joshuaruiz@example.net,Papua New Guinea,2020-09-19,Basic,532.95
8607,Amanda Williams,michelle85@example.net,Azerbaijan,2023-11-12,Basic,1365.34
8608,Amanda Smith,pharding@example.net,Nepal,2020-01-24,Standard,3112.11
8609,James Larsen,umiller@example.com,Ghana,2023-06-16,Standard,2920.63
8610,Lindsey Shepherd,lorraine48@example.com,Netherlands,2023-08-18,Basic,829.75
8611,Michael Jones,hsmith@example.com,Antarctica (the territory South of 60 deg S),2026-02-26,Basic,774.78
8612,Samantha Cannon,ramirezdaniel@example.org,United States Minor Outlying Islands,2021-07-10,Basic,1054.65
8613,Michael Strickland,sarahacosta@example.com,Niger,2022-07-31,Standard,828.18
8614,Roy Schneider,vsmith@example.com,South Georgia and the South Sandwich Islands,2022-12-08,Basic,1167.06
8615,Gregory Holland,maciassusan@example.org,Marshall Islands,2021-12-26,Standard,4179.81
8616,Aaron Ross,mckaydavid@example.net,Algeria,2024-05-08,Basic,1492.22
8617,Kristin Andrade,aguilarlaura@example.org,Ecuador,2025-04-07,Standard,3499.58
8618,Mark Gutierrez,michael45@example.org,North Macedonia,2020-12-29,Standard,2348.73
8619,Michele Vargas,linda59@example.org,Brunei Darussalam,2024-02-29,Standard,3732.97
8620,Darren Day,krista07@example.com,United Arab Emirates,2020-02-07,Basic,845.25
8621,Danielle Bradley,michaelmcfarland@example.net,Malawi,2021-09-28,Basic,1342.82
8622,Melissa Harrison,bowersshawn@example.com,Gambia,2025-03-14,Basic,477.54
8623,Suzanne Henderson,mitchellmark@example.net,Malaysia,2022-01-25,Standard,2488.53
8624,Samantha Sims,timothy16@example.net,Sao Tome and Principe,2022-01-13,Standard,3903.13
8625,Jennifer Chandler,yrhodes@example.net,Chile,2024-04-21,Standard,1152.93
8626,Kimberly Miranda,elizabeth55@example.net,Antarctica (the territory South of 60 deg S),2024-06-21,Basic,471.03
8627,Gabriela Gibson,campbellallen@example.org,Libyan Arab Jamahiriya,2026-02-10,Basic,81.11
8628,Judith Willis,garciageorge@example.net,Italy,2026-07-06,Basic,358.26
8629,Philip Boyd,cherylmurphy@example.org,Bermuda,2024-08-27,Premium,7802.24
8630,Brandon Lynch,lynn42@example.com,Puerto Rico,2022-10-17,Basic,255.04
8631,Shelby Young,austineric@example.net,Iceland,2021-08-29,Standard,2775.80
8632,Laurie Nguyen,susan08@example.org,Saint Martin,2022-05-19,Premium,7410.72
8633,Larry Pena,lisanewman@example.com,Togo,2023-11-24,Standard,4088.17
8634,Maria Swanson,veronicawagner@example.net,Qatar,2025-05-24,Premium,15096.88
8635,Mrs. Samantha Wilson DDS,jamesbest@example.net,Grenada,2024-08-16,Basic,1042.75
8636,Victoria Fritz,lauriewalker@example.net,Saint Pierre and Miquelon,2021-08-15,Standard,1810.09
8637,Isabel Scott,vsmith@example.com,French Guiana,2022-10-12,Basic,972.67
8638,Shannon Moore,anthony17@example.org,Singapore,2022-05-28,Standard,4132.07
8639,Erica Durham,rachel82@example.com,Luxembourg,2023-05-06,Basic,95.72
8640,Jessica Carpenter,cbennett@example.com,Morocco,2023-07-09,Basic,671.45
8641,Ryan Martinez,danielkim@example.org,Mozambique,2023-09-09,Standard,1842.80
8642,William Mason,josephgordon@example.org,Czech Republic,2025-07-12,Standard,2043.18
8643,James Warren,patricia98@example.org,Botswana,2022-07-24,Basic,565.30
8644,Jaime Ward,iwalker@example.com,Wallis and Futuna,2025-06-18,Basic,138.51
8645,Anthony Ellis,cole52@example.com,Kyrgyz Republic,2023-08-19,Standard,4488.46
8646,Natalie Adkins,valdezandrew@example.org,Afghanistan,2025-06-06,Basic,1113.19
8647,Matthew Mathews,gnguyen@example.com,North Macedonia,2025-12-27,Standard,3833.53
8648,Carl Weber,shumphrey@example.net,Ukraine,2021-02-24,Basic,685.07
8649,Victoria Robbins,kempcathy@example.com,Saint Helena,2021-08-05,Premium,22436.36
8650,Ian Stephens,phillipsrichard@example.org,Lao People's Democratic Republic,2024-04-14,Basic,208.58
8651,Sara Harrison,petersdarryl@example.net,Moldova,2025-10-25,Premium,9075.47
8652,Mrs. Megan Jennings MD,hamiltonnorman@example.net,Madagascar,2023-04-17,Basic,1052.97
8653,David Vasquez,chelsea17@example.org,Congo,2024-12-31,Standard,1520.06
8654,Jason Thompson,fordethan@example.com,Finland,2026-03-08,Standard,1932.81
8655,Meghan Cruz,melissadeleon@example.net,Liechtenstein,2021-06-11,Basic,791.85
8656,Tina Sanchez,derrick05@example.org,Central African Republic,2024-12-12,Basic,586.95
8657,Sandra Gomez,jenniferlynn@example.com,Guernsey,2021-11-26,Standard,1029.45
8658,Jodi Hall,franklinnicole@example.net,Hungary,2020-05-18,Premium,4841.78
8659,Grace Sexton,ronaldruiz@example.org,Haiti,2026-01-23,Standard,1988.15
8660,Timothy Curtis,sarahhunter@example.org,Azerbaijan,2025-08-24,Basic,1459.60
8661,Jessica Curtis,carriebradley@example.org,Cote d'Ivoire,2020-12-13,Standard,3072.56
8662,Michael Klein,tina45@example.org,Venezuela,2021-01-11,Premium,14274.03
8663,John Curtis,hannamary@example.net,Italy,2025-09-19,Standard,1951.31
8664,Tanya Powell,deborah20@example.com,Argentina,2022-11-09,Premium,23880.10
8665,Todd Wood,jenniferodonnell@example.org,China,2023-04-15,Standard,2401.17
8666,Emily Davis,amoss@example.com,Ethiopia,2023-08-23,Standard,4296.09
8667,Sherry Pena MD,michaelcole@example.net,Nepal,2020-11-05,Basic,122.20
8668,James Snyder,vbaldwin@example.org,Guyana,2025-12-06,Standard,4017.14
8669,Laura Hall,matthewmason@example.net,Ghana,2023-01-02,Standard,2453.92
8670,Holly Potter,millerkirk@example.net,Uruguay,2024-06-05,Standard,1231.98
8671,Sara Valencia,parksrodney@example.com,Cuba,2021-10-06,Basic,1048.26
8672,Eric Hernandez,kathleenhoffman@example.net,Denmark,2021-09-14,Basic,500.40
8673,Christopher Castillo,kim05@example.com,Nepal,2024-09-12,Basic,833.16
8674,Mallory Cole,sarahblake@example.org,Argentina,2022-10-27,Basic,604.46
8675,Jordan Lin,williamsnicole@example.com,Taiwan,2020-08-30,Basic,213.92
8676,Andrew Morrow,ucoleman@example.net,Turkey,2022-11-18,Basic,546.74
8677,Jacob Warner,piercemelanie@example.net,Guinea,2026-03-09,Basic,409.38
8678,Lisa Rodriguez,qmoore@example.net,Iran,2025-06-14,Standard,4849.14
8679,David Zimmerman,michael51@example.org,Singapore,2023-09-15,Standard,1417.38
8680,Stephanie Powell,gyoung@example.net,Wallis and Futuna,2024-06-14,Standard,3835.75
8681,April Davis,iwise@example.com,Qatar,2020-01-16,Basic,864.34
8682,Bobby Martinez,ryan63@example.net,British Indian Ocean Territory (Chagos Archipelago),2021-11-05,Basic,708.62
8683,Allison Knox,amy57@example.net,New Caledonia,2026-06-26,Basic,425.71
8684,Lance Hartman,marthaholmes@example.org,El Salvador,2024-04-21,Basic,510.36
8685,Katherine Hughes,qhill@example.com,Benin,2020-02-16,Basic,975.20
8686,Alyssa Evans,samanthanoble@example.net,South Georgia and the South Sandwich Islands,2025-07-06,Standard,2145.11
8687,Nancy Hill,noblenatalie@example.org,Madagascar,2020-09-05,Standard,688.74
8688,Adrienne Elliott,fieldsjessica@example.net,Turks and Caicos Islands,2025-09-10,Standard,1703.21
8689,Courtney Park DDS,emartinez@example.com,Kenya,2025-12-17,Standard,3771.44
8690,James Roberts,aguirreteresa@example.com,Mongolia,2021-01-15,Basic,961.42
8691,Heather Gibson,vtaylor@example.net,Antarctica (the territory South of 60 deg S),2022-04-11,Basic,1203.40
8692,Taylor Simpson,barbara61@example.com,Saint Helena,2023-05-05,Standard,2221.57
8693,Kristina Jefferson,andre48@example.org,Sao Tome and Principe,2023-07-24,Basic,223.56
8694,Caroline Johnson,randyhill@example.com,Guinea,2024-06-25,Standard,3277.10
8695,Austin Soto,warddonald@example.com,China,2026-07-28,Basic,146.35
8696,Robyn Collins,raventorres@example.com,Moldova,2021-04-05,Basic,127.88
8697,Francisco Jordan,henryamanda@example.net,Rwanda,2026-05-13,Basic,169.26
8698,Thomas Lopez,wball@example.com,Kiribati,2024-02-18,Basic,542.24
8699,Michelle Powell MD,ashley14@example.com,Eritrea,2023-12-27,Standard,4076.08
8700,Courtney Page,hernandezcynthia@example.net,Tuvalu,2022-05-07,Standard,3088.91
8701,Dr. Samantha Freeman,rachelmurphy@example.net,Bosnia and Herzegovina,2024-11-07,Basic,1057.59
8702,Erica Rivera,lindaacevedo@example.com,Reunion,2022-05-24,Basic,988.24
8703,Jeffrey Shaffer,chelseaadams@example.com,British Indian Ocean Territory (Chagos Archipelago),2021-03-24,Basic,194.66
8704,Albert Warren,smithandrew@example.com,American Samoa,2023-06-27,Basic,590.19
8705,Victoria Krause,anthony28@example.org,Western Sahara,2025-09-12,Basic,909.96
8706,Amy Nunez,taylorhall@example.com,Cape Verde,2025-07-06,Standard,4733.27
8707,Cassandra Stewart,petersenjennifer@example.com,Philippines,2023-09-18,Basic,978.51
8708,Christopher Burns,mcbrideshaun@example.org,Saint Kitts and Nevis,2023-04-21,Basic,640.02
8709,Mr. Jared Lynch,crios@example.org,India,2020-10-25,Basic,1043.38
8710,Shelly Allen,knichols@example.net,Malaysia,2020-10-10,Premium,21140.99
8711,Jennifer Jones,scott78@example.org,Algeria,2024-05-11,Standard,4406.08
8712,Mark Gray,christopher89@example.com,Mexico,2020-05-04,Standard,1990.19
8713,Sarah Boyd,pstewart@example.net,Saint Pierre and Miquelon,2023-11-10,Basic,247.75
8714,Cheryl Fischer,emilysmith@example.net,Bulgaria,2021-05-22,Standard,1985.35
8715,Michael Allen,shelbysmith@example.org,Reunion,2026-01-12,Basic,114.36
8716,Nathan Park,wesleylawrence@example.com,Djibouti,2022-09-24,Basic,1288.61
8717,Shannon Watkins,brianphillips@example.org,Ireland,2026-07-03,Basic,869.01
8718,Jeffrey Thompson,timothy01@example.com,Mayotte,2020-08-19,Basic,451.88
8719,Olivia Kennedy,pbailey@example.com,Palau,2024-12-26,Basic,259.53
8720,Carol Houston,cmendez@example.org,Burundi,2021-08-06,Basic,784.61
8721,Ronald Clark,lhamilton@example.net,Angola,2024-04-10,Standard,2725.78
8722,Timothy Jones,amyclark@example.net,Uzbekistan,2023-11-04,Basic,1302.56
8723,Haley Pratt,vlewis@example.org,Pitcairn Islands,2024-07-19,Premium,5903.93
8724,Sean Kirby,troy30@example.org,Nauru,2023-07-20,Basic,1099.74
8725,Alyssa Griffin,joshuamelton@example.org,Norway,2020-11-13,Standard,1805.30
8726,John Johnson,trujillobrianna@example.org,Faroe Islands,2025-06-24,Basic,304.67
8727,Donald Randolph,lthompson@example.org,Maldives,2024-09-19,Basic,679.70
8728,Michael Mendez,wardrebekah@example.com,Tajikistan,2023-10-18,Premium,11443.32
8729,Rebecca Wagner,davidcooley@example.net,Yemen,2021-11-20,Basic,546.42
8730,Zachary Allen,caleb52@example.org,Guinea-Bissau,2022-10-17,Basic,1036.63
8731,Catherine Newman,russovanessa@example.net,North Macedonia,2023-12-01,Basic,1084.14
8732,Michelle Morales DVM,chad47@example.com,Saudi Arabia,2020-04-11,Basic,1129.41
8733,Douglas Odom,along@example.com,Kazakhstan,2025-01-13,Standard,4265.29
8734,Mary Chen,lauren03@example.org,Guinea-Bissau,2024-02-20,Basic,275.69
8735,Richard Williams,floresdennis@example.com,Guernsey,2020-02-16,Standard,2901.95
8736,Amanda Johnson,nancy85@example.com,New Caledonia,2020-04-01,Premium,8217.37
8737,Sandra Potter DDS,imccullough@example.org,Namibia,2024-06-05,Basic,519.83
8738,David Bowen,heather63@example.net,Equatorial Guinea,2024-02-27,Basic,87.37
8739,Kevin Jimenez,johnrobinson@example.org,Jordan,2021-06-15,Basic,298.30
8740,Robert Espinoza,dbrewer@example.com,British Indian Ocean Territory (Chagos Archipelago),2020-10-13,Basic,1341.19
8741,Sheila Luna,dunnleah@example.org,Isle of Man,2024-02-01,Standard,4989.27
8742,Vicki Rivers,debra05@example.com,Hong Kong,2025-11-10,Basic,573.07
8743,Deborah Maddox,david78@example.com,Christmas Island,2023-03-30,Basic,1281.19
8744,Jimmy Santiago,scottcooper@example.com,Sudan,2024-03-20,Basic,148.74
8745,Samantha Francis,bakerjeffrey@example.com,Venezuela,2022-01-12,Standard,1978.51
8746,Sarah Miller,medwards@example.org,Turkmenistan,2023-07-18,Premium,17649.71
8747,Karen Booker,browneric@example.org,Uzbekistan,2023-05-01,Standard,2838.30
8748,Kristin Glenn,wwilliams@example.com,United States Minor Outlying Islands,2023-07-07,Basic,52.97
8749,Benjamin Booth,haleygeorge@example.org,Barbados,2021-08-30,Basic,355.41
8750,Jason Chen,eduardorose@example.net,Venezuela,2021-06-28,Basic,955.23
8751,Timothy Cross,amcintosh@example.org,Dominican Republic,2021-04-04,Basic,1075.26
8752,William Ortega,wintersalexander@example.org,Chile,2020-12-27,Basic,476.12
8753,Bryan Adams,pricedevin@example.com,Bhutan,2023-08-12,Standard,4806.18
8754,Joseph Williams,ladams@example.net,Malaysia,2023-03-20,Standard,4892.90
8755,Jesse Hamilton,fieldstammy@example.net,American Samoa,2023-05-09,Basic,268.95
8756,James Zimmerman,wilcoxlori@example.com,Aruba,2025-10-02,Standard,3994.67
8757,Alexis Fields,kimmiranda@example.net,Tunisia,2024-06-22,Standard,4493.94
8758,Juan Wilkins,vmartin@example.com,Croatia,2026-08-20,Standard,4287.52
8759,Steven Roberts,scottwilliams@example.net,Colombia,2023-11-02,Premium,3374.72
8760,Louis Sloan,robert32@example.net,Algeria,2022-07-23,Standard,4902.45
8761,Tina Brandt,davidtravis@example.net,Dominican Republic,2022-09-26,Standard,2343.75
8762,Taylor Mata,myersshelby@example.com,Guadeloupe,2025-01-23,Standard,4628.51
8763,Justin Murphy,robinsonnicole@example.org,Jordan,2023-01-01,Standard,2888.53
8764,Jennifer Houston,jeffreyeverett@example.net,Micronesia,2022-07-15,Standard,4697.75
8765,Claudia Adkins,christina52@example.org,El Salvador,2020-06-13,Basic,468.66
8766,Charles Braun,garrett73@example.net,Oman,2022-05-14,Standard,832.70
8767,Alexandria Hayes,pramsey@example.org,Norfolk Island,2025-02-19,Basic,1177.81
8768,Meredith Perez,kelly00@example.org,Svalbard & Jan Mayen Islands,2024-08-11,Premium,10451.52
8769,Sherry Kane,jhansen@example.com,Myanmar,2020-11-30,Basic,727.62
8770,Oscar Berg,tracy27@example.org,North Macedonia,2022-05-24,Standard,3409.67
8771,Crystal Wyatt,brownellen@example.org,Namibia,2020-02-20,Basic,1334.32
8772,Antonio Williams,lorimercado@example.org,Sierra Leone,2020-01-29,Standard,1141.18
8773,Samuel Stephens,vhunt@example.org,Uganda,2026-05-19,Basic,210.31
8774,Kevin Martin,justin01@example.com,Christmas Island,2021-12-06,Standard,3327.92
8775,Linda Nielsen,micheal38@example.com,Australia,2024-11-24,Premium,5894.19
8776,Ann Bates,teresathompson@example.net,Samoa,2023-10-18,Standard,3527.35
8777,Matthew Bautista,terrancehorton@example.net,United States Virgin Islands,2025-09-21,Premium,13404.93
8778,Richard Sullivan,josephhernandez@example.com,Uzbekistan,2023-03-17,Standard,2737.91
8779,Eric White,william22@example.org,Taiwan,2026-01-13,Basic,323.92
8780,Patrick Walker,bestsylvia@example.com,Norway,2024-02-03,Premium,6478.50
8781,Alexander Jordan,scottjohn@example.org,Faroe Islands,2020-05-27,Basic,488.59
8782,Tamara Lewis,anthony05@example.com,Tajikistan,2020-09-22,Basic,738.52
8783,Gregory Campbell,david81@example.org,Vietnam,2021-03-01,Basic,221.28
8784,Melinda Fowler,coxdominique@example.com,Saint Martin,2025-06-18,Premium,3775.16
8785,Sherry Smith,stevenbrowning@example.net,North Macedonia,2025-10-19,Basic,977.65
8786,Gregory Woodard,thernandez@example.com,Iceland,2023-11-07,Standard,3594.64
8787,Ariana Sherman,janderson@example.org,Iceland,2023-08-30,Basic,715.72
8788,Sarah Thomas,cynthiaalvarado@example.net,Belize,2020-10-06,Basic,940.76
8789,Lori Park,annette29@example.com,Turkey,2023-01-30,Basic,976.67
8790,Nancy Rogers,joseph63@example.net,Burundi,2022-01-12,Basic,1080.50
8791,Alex Valencia,vparsons@example.org,Japan,2020-07-29,Basic,1157.22
8792,Ryan Grant,kenneth76@example.org,Northern Mariana Islands,2023-09-07,Premium,18815.78
8793,Jordan Silva MD,kcohen@example.net,Isle of Man,2023-04-02,Basic,900.91
8794,David Wilcox,lori25@example.net,Malaysia,2023-04-26,Standard,3218.89
8795,Jennifer Martin,michaelramsey@example.net,Antarctica (the territory South of 60 deg S),2020-05-22,Basic,634.56
8796,Rachel Walker,leah13@example.org,Croatia,2025-10-23,Standard,722.74
8797,Eric Hunter,erowland@example.com,Ethiopia,2022-05-15,Standard,4744.88
8798,Amy Holloway,landerson@example.com,Singapore,2021-07-24,Standard,3641.76
8799,Edwin Hayes,tsantos@example.org,Gibraltar,2024-07-29,Basic,587.26
8800,Nancy Smith,hudsonsandra@example.net,Estonia,2026-02-15,Premium,9009.72
8801,Ashley Henderson,ochoatodd@example.net,Guadeloupe,2026-06-18,Premium,11182.95
8802,Mark Gardner,wwilson@example.net,Zambia,2026-01-12,Basic,334.07
8803,Timothy Ward,davismichelle@example.net,Uruguay,2025-03-24,Standard,1413.68
8804,Alexis Parks,kenneth10@example.com,Kyrgyz Republic,2020-02-13,Standard,2560.68
8805,Amy Sims,harrisdaniel@example.net,Georgia,2023-07-29,Premium,21126.79
8806,Terry Bryant,brownrobert@example.com,Jersey,2024-04-02,Basic,733.37
8807,Daniel Peters,jharvey@example.org,Senegal,2026-02-08,Basic,1326.94
8808,Steven Rogers,longcynthia@example.com,Zambia,2022-05-04,Basic,1461.90
8809,Leslie Shepherd MD,henry50@example.net,Antarctica (the territory South of 60 deg S),2022-02-27,Basic,554.54
8810,Ashley Gonzalez,xscott@example.org,Serbia,2020-09-04,Basic,776.95
8811,Adrian Johnson,adamparker@example.com,Singapore,2020-06-09,Basic,1371.81
8812,Amanda Molina,larryhancock@example.net,Honduras,2024-04-27,Standard,4877.62
8813,Kayla Buck,carlroberts@example.com,Congo,2023-05-31,Standard,2414.47
8814,Jason Scott,joshua21@example.net,Somalia,2024-08-01,Basic,63.09
8815,Janet Harrell,porterterri@example.com,Brunei Darussalam,2020-06-11,Basic,195.73
8816,Aaron Hernandez,fischerpatricia@example.net,Montserrat,2026-01-09,Standard,1170.73
8817,Ashley Collins,charlene28@example.org,Singapore,2020-02-22,Standard,1633.02
8818,Ashley Wilson,brittany01@example.org,Poland,2023-11-23,Basic,604.87
8819,Christian Macdonald,jsmith@example.com,Israel,2021-09-26,Premium,11650.01
8820,Mrs. Caroline Martinez,martinjessica@example.org,Turkmenistan,2023-04-06,Standard,4508.64
8821,Tina Carey DVM,oliverjoshua@example.com,Saint Barthelemy,2025-12-16,Basic,336.21
8822,Wendy Berry,andrea30@example.com,South Africa,2023-05-26,Basic,1457.18
8823,Jennifer Lane,lunajennifer@example.net,Argentina,2022-09-22,Basic,1450.08
8824,Erica Rivera,fcruz@example.org,Ethiopia,2021-08-24,Standard,4541.62
8825,Corey Hill,joe04@example.com,Bermuda,2021-03-18,Standard,2943.00
8826,Dr. Adam Miller,carriekelly@example.org,French Guiana,2022-01-18,Standard,592.70
8827,Jeffery Wilson,millerallison@example.org,Ghana,2023-10-15,Standard,4435.90
8828,Maria Stuart,pmckenzie@example.org,North Macedonia,2026-02-14,Premium,24314.99
8829,Brenda Davis,taylorthomas@example.com,Paraguay,2022-09-05,Basic,162.66
8830,Hunter Smith,donna31@example.org,Cuba,2024-01-01,Basic,1424.30
8831,Kurt Lewis,mcampbell@example.net,Taiwan,2025-09-13,Standard,2395.76
8832,Larry Sampson,jshaw@example.com,Malaysia,2024-05-05,Basic,938.42
8833,Sara Smith,maydylan@example.net,Mongolia,2023-05-03,Standard,4906.90
8834,Lisa Kirk,wjackson@example.com,Gabon,2022-05-08,Standard,4433.45
8835,Steven Weiss,hendersonmatthew@example.com,Tuvalu,2020-12-12,Standard,4589.89
8836,Kristin Gomez,jefferybeck@example.com,Madagascar,2025-08-26,Standard,4080.79
8837,Kristin Smith,victoriamcbride@example.com,Svalbard & Jan Mayen Islands,2020-02-18,Premium,14328.07
8838,Mike Valencia DDS,hillmatthew@example.net,Puerto Rico,2023-10-01,Basic,397.77
8839,Jody Castro,phillipsstephen@example.com,Myanmar,2025-06-13,Standard,3434.91
8840,Brooke Heath,kathleen07@example.net,Cape Verde,2021-03-11,Premium,2541.09
8841,Robin Villa,claudia53@example.org,Estonia,2020-10-08,Basic,1276.65
8842,Ryan Day,devans@example.com,Egypt,2021-10-13,Basic,470.67
8843,Sarah Ward,mendozaaaron@example.org,Nigeria,2026-04-03,Standard,4076.01
8844,John Sanchez,hrobinson@example.org,Slovakia (Slovak Republic),2022-12-16,Basic,1196.38
8845,Lauren Beck,meyerheather@example.org,Papua New Guinea,2023-11-10,Basic,227.22
8846,Laura Camacho,zmontgomery@example.com,Saint Helena,2023-11-16,Premium,7746.05
8847,Austin Payne,williamsdavid@example.net,Afghanistan,2024-10-01,Premium,23571.29
8848,Christopher Davis,david19@example.com,Puerto Rico,2025-11-29,Basic,1348.74
8849,Kelly Johnson,gibsonjessica@example.com,French Guiana,2021-05-12,Basic,721.24
8850,Kari Daniel,sarah68@example.net,Japan,2022-06-08,Basic,1481.08
8851,John Peck,normanbrian@example.net,Comoros,2023-08-26,Basic,1493.46
8852,Heidi Wallace,lrandolph@example.org,Egypt,2023-09-23,Basic,1132.65
8853,William Brown,beverly46@example.com,Namibia,2024-02-22,Standard,598.06
8854,Deanna Powers,mcaldwell@example.net,Mozambique,2022-08-05,Premium,20677.63
8855,Kelly Perez,jessicabest@example.net,Papua New Guinea,2020-12-03,Standard,636.10
8856,Diana Brown,baileykelly@example.org,Antarctica (the territory South of 60 deg S),2022-05-13,Standard,2601.08
8857,Dominique Ellison,loribarker@example.com,San Marino,2022-01-21,Premium,8233.75
8858,Steve Keith,andrew64@example.org,Burundi,2022-09-23,Standard,1427.34
8859,Jessica Freeman,jasonjames@example.org,Andorra,2023-11-07,Premium,22936.40
8860,Kimberly Romero,thomas91@example.com,Heard Island and McDonald Islands,2020-02-26,Standard,4417.19
8861,Ashley Rice,rickythomas@example.net,Antarctica (the territory South of 60 deg S),2020-09-01,Basic,367.80
8862,Julia Page,hurleytimothy@example.org,Brunei Darussalam,2023-07-26,Basic,594.98
8863,Mrs. Angela Long,meganwong@example.org,South Georgia and the South Sandwich Islands,2021-11-02,Basic,947.98
8864,Dr. Keith Reid,ashley94@example.net,Azerbaijan,2023-02-20,Standard,2038.19
8865,Michelle Montgomery,paulwhite@example.net,Denmark,2025-04-20,Basic,574.62
8866,Maria Cole,hunterrobert@example.com,Saint Martin,2025-01-10,Standard,836.99
8867,Shawna White,karla70@example.org,French Southern Territories,2020-04-04,Basic,1129.54
8868,Hannah Brooks,david60@example.com,Netherlands Antilles,2023-12-06,Standard,4962.68
8869,Jennifer Larson,pamelaacosta@example.net,British Virgin Islands,2025-11-29,Standard,4723.89
8870,Andrew Abbott,nicholas34@example.com,Kenya,2026-03-02,Standard,515.51
8871,Samuel Campos,ogolden@example.org,Gabon,2023-02-11,Basic,1396.48
8872,Barbara Johnson,angelaesparza@example.net,Bahrain,2024-07-11,Premium,16744.44
8873,Deanna Carney,woodardjonathan@example.org,Bangladesh,2022-01-08,Standard,4675.42
8874,Carol Reed,derrick71@example.net,Burundi,2022-03-26,Premium,7678.97
8875,Alicia Watson,valdezashley@example.com,Kuwait,2024-12-25,Premium,13819.84
8876,Daniel Meyer,pattersonlauren@example.org,Singapore,2020-01-11,Premium,7302.19
8877,Wanda Webb,jenningswendy@example.org,Congo,2025-07-17,Basic,1221.51
8878,Tracy Hansen,kellymelissa@example.org,Jersey,2026-04-06,Premium,6830.62
8879,Katie Garcia,johnsonjason@example.net,Slovenia,2023-12-19,Premium,9040.78
8880,Alan Walker,kellyglover@example.net,Heard Island and McDonald Islands,2023-02-19,Basic,742.43
8881,Jose Fuentes,gregorybishop@example.net,Kenya,2020-06-02,Basic,195.52
8882,Amanda Ford,hannah81@example.org,Belarus,2024-07-08,Standard,2938.99
8883,Justin Ortiz,ramseyamy@example.net,Turkey,2025-01-12,Premium,23978.54
8884,Vicki Baldwin MD,evanstimothy@example.com,Dominica,2024-05-10,Basic,1075.82
8885,Andrew Bowers,morgancrystal@example.org,United States of America,2023-09-03,Premium,24545.63
8886,Tamara Gonzalez MD,dfranco@example.org,Turkmenistan,2024-07-25,Basic,192.27
8887,Erik Smith,uhutchinson@example.com,Kiribati,2025-10-24,Basic,1368.40
8888,Lauren Jenkins,brianwallace@example.com,Christmas Island,2026-07-26,Basic,1194.73
8889,Dawn Dean,xgregory@example.org,Latvia,2022-09-13,Basic,668.40
8890,Jennifer Wilcox,randyschaefer@example.org,Russian Federation,2023-12-29,Basic,1255.91
8891,Roberto Smith,colecristina@example.net,Mauritania,2022-09-05,Basic,1200.16
8892,Amanda Walker,johnsonjason@example.com,India,2024-06-23,Standard,3070.82
8893,Joseph Edwards,clarkmonique@example.com,Philippines,2020-04-04,Basic,949.46
8894,Abigail Barnes,elee@example.com,Egypt,2022-12-03,Standard,3330.28
8895,Sarah Hernandez,brownemily@example.net,Antarctica (the territory South of 60 deg S),2022-11-14,Basic,1207.16
8896,Sara Ray,elaine30@example.org,Chad,2024-02-23,Basic,1164.13
8897,Mr. Joshua Bennett DVM,millerkathryn@example.org,Burkina Faso,2020-01-25,Basic,373.69
8898,Tiffany Lang,deborah72@example.com,Belize,2025-02-19,Basic,500.43
8899,Michael Maxwell,krodriguez@example.com,Comoros,2025-09-12,Basic,141.94
8900,Rebecca Sandoval,james82@example.org,Malta,2026-01-02,Premium,8796.85
8901,Richard Rivera,kfriedman@example.net,Trinidad and Tobago,2026-02-12,Basic,700.89
8902,Kenneth Ortiz,caseyzoe@example.com,South Georgia and the South Sandwich Islands,2021-05-28,Standard,2121.47
8903,Scott Luna,sherri52@example.com,India,2020-01-05,Standard,2480.39
8904,Michael Burton,myersmaria@example.com,Timor-Leste,2023-06-03,Basic,742.60
8905,Charles Riley,bradleyreed@example.org,Dominican Republic,2025-08-01,Premium,8959.47
8906,Sarah Chaney,christinathompson@example.org,Iran,2023-02-11,Basic,196.20
8907,Mark Oliver,brownrobert@example.com,Belarus,2026-03-04,Standard,2815.85
8908,Sean Johnson,crystalatkins@example.net,United States Virgin Islands,2025-01-22,Standard,2207.79
8909,Brian Taylor,kristi72@example.org,Malta,2020-06-02,Basic,521.53
8910,Scott Mitchell,kathleenortiz@example.net,American Samoa,2023-01-25,Basic,967.24
8911,William Hart,nathanielknapp@example.com,Romania,2024-09-04,Standard,4563.71
8912,Cindy Horton,lindsayrodriguez@example.org,Ghana,2024-05-22,Standard,3029.41
8913,Larry Anderson,brownjoseph@example.org,Guam,2024-12-28,Basic,1201.30
8914,Carla Wilson,nunezmaria@example.net,Uruguay,2024-02-19,Basic,949.76
8915,Maureen Shepherd,warnerjustin@example.com,Cook Islands,2023-03-27,Standard,2066.73
8916,Bob Briggs,gfrederick@example.net,Gambia,2021-12-18,Standard,2696.34
8917,Mary Gibson,lisa52@example.org,Germany,2025-09-12,Basic,505.51
8918,Julie Aguilar,michael55@example.org,Fiji,2022-06-18,Basic,1154.89
8919,John Cline,kevin99@example.org,China,2020-06-15,Standard,1381.79
8920,Christie Ortiz,candicemoore@example.net,Yemen,2024-02-10,Basic,655.28
8921,Donald Wood,shawn63@example.com,Maldives,2021-12-17,Standard,2507.44
8922,Samantha Guerrero,mooregabriella@example.org,New Caledonia,2024-12-12,Basic,392.98
8923,Christopher Hardin,krowe@example.net,Indonesia,2024-10-30,Basic,1140.40
8924,Breanna Hunt,adamsrobert@example.org,Montenegro,2022-07-09,Basic,493.68
8925,Colleen Campbell MD,margaretrobbins@example.org,Botswana,2024-04-01,Basic,634.59
8926,Patrick Hogan,dillonmeza@example.org,Netherlands Antilles,2025-03-19,Basic,1270.81
8927,Edwin Russell,eschmidt@example.org,Falkland Islands (Malvinas),2023-08-01,Basic,1440.48
8928,Henry Allen,whitepaula@example.org,Netherlands Antilles,2024-11-22,Basic,366.02
8929,Thomas Sandoval,ujohnson@example.com,Montserrat,2020-02-04,Standard,4418.41
8930,Jennifer Orozco,holly44@example.net,Sao Tome and Principe,2020-05-14,Premium,5621.91
8931,Nicole Green,deborahbaldwin@example.org,Isle of Man,2025-12-08,Standard,650.48
8932,Mandy Bean,cynthiajohnson@example.org,Ireland,2022-12-12,Standard,899.30
8933,Ann Morgan,qgarcia@example.org,Philippines,2025-02-25,Standard,573.91
8934,Jeffrey Wolf,kperez@example.net,Mozambique,2025-07-12,Basic,1392.22
8935,Amanda Jones,jessica97@example.net,Aruba,2021-01-03,Basic,1378.50
8936,Gina Snyder,markbrown@example.com,Bouvet Island (Bouvetoya),2024-08-20,Standard,4646.01
8937,Lance Moore,cglass@example.org,Isle of Man,2022-11-14,Standard,2496.72
8938,Victoria Ali,rogerscheryl@example.org,Pitcairn Islands,2024-05-19,Standard,3501.20
8939,Tamara Zimmerman,smarquez@example.net,Vanuatu,2026-01-23,Basic,202.17
8940,Becky Arroyo,wmendez@example.net,Russian Federation,2026-03-02,Basic,164.63
8941,Mark Randolph,nicoleyoung@example.com,Slovakia (Slovak Republic),2023-10-12,Basic,406.10
8942,Kayla Parsons,vaughnmary@example.org,Kuwait,2024-04-07,Standard,2818.64
8943,Dominique Chapman,ejones@example.org,Equatorial Guinea,2020-02-25,Basic,1477.28
8944,Kyle Graham,tbradley@example.net,Serbia,2020-10-04,Standard,1182.65
8945,Christy Barajas,perryanthony@example.com,Tunisia,2026-02-20,Premium,19318.89
8946,Mr. Frederick Rice,boonethomas@example.org,Latvia,2023-12-02,Standard,3861.09
8947,Brooke Ryan,jennifer78@example.org,Bahamas,2023-03-16,Basic,1099.23
8948,Kathryn Roberts,solsen@example.net,Spain,2025-03-25,Basic,406.39
8949,Zachary Woodward,nathan56@example.com,Honduras,2022-10-27,Basic,549.19
8950,Lisa Dunlap,rachel41@example.org,Jamaica,2024-09-07,Basic,1446.50
8951,Linda Davis DVM,keithrichmond@example.com,Cameroon,2024-06-06,Basic,1026.26
8952,Tyrone Petty,lstanley@example.com,Montenegro,2025-02-08,Basic,1357.75
8953,Jose Gilbert,williamstanner@example.org,Macao,2026-04-18,Basic,630.72
8954,Roberto Smith,hinestyler@example.net,Norway,2025-05-12,Standard,911.34
8955,Donna Cunningham,jwilliams@example.org,Gambia,2022-10-27,Standard,4909.76
8956,Shawn Jones,todd70@example.org,Mauritania,2020-08-18,Standard,1532.76
8957,Mary Romero,gordonkaren@example.com,Honduras,2021-06-24,Basic,208.89
8958,Lisa Knapp,angelpugh@example.org,Canada,2020-02-03,Standard,4967.21
8959,Betty Hudson,debranelson@example.org,Holy See (Vatican City State),2025-04-02,Standard,2161.41
8960,Craig Castro,todd78@example.org,Bulgaria,2023-01-01,Basic,380.01
8961,Susan Joseph,traci73@example.com,United States Virgin Islands,2025-04-20,Basic,1229.10
8962,Donna Bradley,chambersryan@example.com,Romania,2020-07-26,Basic,976.27
8963,John Thomas,keithrojas@example.net,Svalbard & Jan Mayen Islands,2026-08-06,Basic,791.97
8964,Joseph Phillips,rpeterson@example.com,Taiwan,2025-06-09,Standard,2001.11
8965,Amanda Edwards,earldavidson@example.com,North Macedonia,2023-04-04,Basic,306.24
8966,Tyler Hall,jonesmary@example.net,Mali,2021-08-02,Basic,1222.64
8967,Ann Williams,claire78@example.org,Tuvalu,2024-03-15,Standard,2665.33
8968,Catherine Cook,oholloway@example.com,Ghana,2024-10-07,Standard,2115.74
8969,Michael Horton,ureed@example.net,Bhutan,2020-10-09,Standard,3471.23
8970,Phillip Martin,christinagonzalez@example.com,Malawi,2021-06-10,Basic,236.84
8971,Michelle Gilbert,vmathis@example.org,Antigua and Barbuda,2023-08-25,Premium,12952.99
8972,Joshua Barron,normanbyrd@example.net,Netherlands Antilles,2024-10-21,Standard,4727.15
8973,Jonathan Brooks,wesley94@example.org,New Zealand,2020-07-04,Standard,2592.73
8974,Sydney Henson,caitlinmiller@example.com,Martinique,2021-12-26,Basic,881.69
8975,Stacy Barnes,jonathan80@example.net,Zambia,2020-01-15,Standard,4040.51
8976,Joseph Williams,bairdrobert@example.org,Cameroon,2024-03-11,Basic,67.62
8977,Dale Griffin,allenkyle@example.com,Cocos (Keeling) Islands,2021-03-24,Basic,332.40
8978,Leslie Underwood,lstephens@example.org,Saint Barthelemy,2025-09-03,Basic,1095.46
8979,Tina Moreno,katiecabrera@example.org,Eritrea,2021-02-21,Basic,744.50
8980,Thomas Johnston,randyrusso@example.org,Iran,2021-08-18,Basic,1185.19
8981,Steven Lang,john04@example.net,Czech Republic,2021-04-13,Standard,4407.53
8982,Frank Davis,jacksonchelsea@example.com,Kiribati,2020-02-25,Basic,212.65
8983,Karen Harper,orodriguez@example.com,Mongolia,2022-06-23,Basic,640.41
8984,Katie Ramirez,ssummers@example.org,Lebanon,2022-02-20,Basic,856.20
8985,Rodney Thomas,lynchcarolyn@example.com,Chile,2020-12-30,Basic,1263.58
8986,Roger Warner,lisayoung@example.org,Jamaica,2025-04-01,Standard,2179.48
8987,Lisa Lara,ewise@example.org,Guinea-Bissau,2022-06-03,Basic,566.62
8988,Abigail Kerr,samanthawallace@example.com,Bolivia,2022-04-13,Basic,1155.34
8989,Melvin Johnson,amandaarnold@example.net,Swaziland,2024-05-20,Standard,3105.05
8990,Jodi Santos,amy98@example.org,Cyprus,2025-09-04,Basic,368.60
8991,Justin Armstrong,michaeljohnson@example.org,Philippines,2024-09-08,Standard,4494.82
8992,David Harmon,vjohnson@example.com,Gambia,2022-02-26,Basic,204.74
8993,Sherry Smith,stacey91@example.com,Luxembourg,2026-01-01,Basic,698.64
8994,Mr. Preston Jordan II,mjackson@example.net,United Arab Emirates,2024-07-20,Basic,647.13
8995,Erin Reed,mflores@example.org,Bulgaria,2021-03-04,Standard,4241.34
8996,Kelly Baker,armstrongchristopher@example.com,French Polynesia,2021-04-20,Standard,1666.12
8997,Peter Irwin,adamslisa@example.com,Guadeloupe,2021-11-02,Basic,304.68
8998,Dr. John West DDS,rachelcastaneda@example.org,Sweden,2026-08-21,Standard,4504.28
8999,Jordan Hicks,elizabethwalker@example.net,Argentina,2024-09-23,Basic,169.37
9000,Thomas Miranda,mflowers@example.org,Djibouti,2023-01-17,Standard,4076.80
9001,Mary Cook DVM,nicole67@example.org,Saint Vincent and the Grenadines,2026-02-20,Basic,831.70
9002,Anthony Frey,umcdonald@example.net,Tunisia,2021-04-06,Basic,762.04
9003,Mr. Gary May,syoung@example.com,Anguilla,2024-10-04,Basic,177.85
9004,Thomas Johnson,mercadoheather@example.org,Netherlands Antilles,2022-06-13,Standard,4846.80
9005,Richard Dixon,randyboyd@example.org,Greenland,2020-11-28,Standard,2581.25
9006,Anthony Hernandez,,Turks and Caicos Islands,2025-02-15,Premium,20972.88
9007,Keith Gaines,suzannebraun@example.org,Christmas Island,2023-01-08,Basic,952.97
9008,Krista Griffin MD,noblealan@example.net,Lithuania,2025-01-15,Premium,16403.68
9009,Andre Turner,albert00@example.com,Guinea,2021-05-25,Basic,986.88
9010,James Conrad,vincenthardy@example.net,Tajikistan,2021-06-11,Standard,2050.28
9011,Christian Thompson,jamesmcdonald@example.org,Pitcairn Islands,2020-11-20,Standard,1136.39
9012,Kim Bush,john76@example.org,Northern Mariana Islands,2020-02-21,Standard,3165.92
9013,Michael Duncan,lauren48@example.org,San Marino,2023-09-05,Basic,56.71
9014,Kenneth Diaz MD,ohamilton@example.net,Wallis and Futuna,2025-04-02,Standard,2535.00
9015,Danielle Rodriguez,sharonsmith@example.net,South Africa,2025-02-02,Basic,471.07
9016,Javier Robinson,longjason@example.org,Madagascar,2025-06-08,Standard,2517.92
9017,Natasha Lang,mary64@example.net,Gibraltar,2021-03-22,Basic,77.65
9018,Michael Powers,richard60@example.org,Papua New Guinea,2025-08-13,Basic,613.98
9019,Charles Lloyd,christopher30@example.net,Ireland,2020-03-09,Standard,2809.61
9020,Julia Perez,makayla94@example.net,French Southern Territories,2020-09-28,Standard,2795.62
9021,Melissa Martin,emma95@example.org,Kazakhstan,2020-06-30,Standard,784.39
9022,Shawn Bell,christopher87@example.com,Faroe Islands,2026-03-21,Premium,22943.86
9023,Adam Taylor,carlos85@example.net,Monaco,2023-12-20,Basic,767.24
9024,Kayla Jones,michael89@example.org,Georgia,2023-12-23,Basic,1218.21
9025,Jessica Jacobs,shepherdsteven@example.net,Saudi Arabia,2023-12-18,Basic,239.83
9026,Nicholas Powers,kpineda@example.org,Malta,2026-04-08,Basic,678.51
9027,Brittney Fuentes,eugeneberry@example.net,South Africa,2024-06-01,Standard,2602.60
9028,Emily Waters DDS,sspence@example.com,Gibraltar,2024-01-04,Standard,1721.92
9029,Amy Rogers,richard49@example.net,Djibouti,2021-02-18,Standard,4637.12
9030,Kyle Pratt,austinclark@example.org,Iraq,2024-12-03,Basic,986.73
9031,Jason Hall,mwood@example.net,Serbia,2020-05-19,Basic,562.48
9032,Catherine Duncan,peter85@example.net,Sri Lanka,2024-11-25,Basic,626.65
9033,Victor Watson,theodore99@example.com,Guyana,2026-04-22,Basic,941.82
9034,Victoria Montoya,patelkaylee@example.net,Papua New Guinea,2024-09-25,Standard,4504.04
9035,Gregory Mason,robert52@example.net,Vanuatu,2020-09-17,Basic,587.53
9036,Lauren Lee,diazrachel@example.org,Kenya,2020-07-16,Standard,1940.69
9037,Meghan Smith,john26@example.org,Cambodia,2022-07-25,Standard,666.05
9038,Michael Davis,karengordon@example.net,Hungary,2024-12-30,Basic,1058.63
9039,David Owen,ucastro@example.com,Mauritius,2021-01-09,Standard,3606.60
9040,Austin Raymond,don23@example.com,Saint Kitts and Nevis,2022-06-02,Basic,389.04
9041,Eric Horton,watsonjennifer@example.org,Austria,2022-02-09,Basic,1262.53
9042,Jessica Johnson,hernandezdaniel@example.org,Uganda,2025-06-27,Standard,3153.74
9043,Tyler Hicks,sbarker@example.net,Palau,2020-05-04,Standard,3520.58
9044,Christopher Williams,stephaniejohnson@example.org,Nicaragua,2022-08-12,Standard,4181.78
9045,Christopher Miller,zacharyneal@example.com,Armenia,2023-08-10,Basic,529.17
9046,Bryan Brooks,katrinacarpenter@example.com,Vanuatu,2020-11-06,Premium,17166.96
9047,Jerry Patel,kimberlysparks@example.org,Australia,2020-01-11,Basic,1156.86
9048,Veronica Bass,matthewgreen@example.org,Samoa,2023-06-07,Standard,2774.42
9049,Steven Blevins,wisejessica@example.net,Norway,2024-11-26,Standard,3052.12
9050,Destiny Stewart,stapia@example.net,French Southern Territories,2025-03-11,Standard,2689.55
9051,Tamara Oliver,qlyons@example.net,Mozambique,2022-12-11,Basic,1071.52
9052,Matthew Vazquez,jenkinselizabeth@example.com,Hong Kong,2024-03-18,Standard,2706.46
9053,Cathy Jordan,palmerderek@example.com,Macao,2022-08-13,Basic,565.13
9054,Julia Daniels,kellystone@example.com,Madagascar,2025-06-20,Premium,14929.16
9055,Jeffrey White,cwalker@example.com,French Polynesia,2025-08-13,Basic,1046.46
9056,Erin Evans,vanessa16@example.net,Congo,2024-08-09,Basic,1412.78
9057,Derek Wilson,tanner38@example.org,Tonga,2025-02-21,Standard,2384.06
9058,Timothy Rivera,alan74@example.org,United Kingdom,2021-04-07,Standard,914.35
9059,Danny Mcknight,allison20@example.net,San Marino,2026-03-13,Basic,527.60
9060,Maria Banks,rfitzpatrick@example.com,Bhutan,2023-03-04,Basic,1331.29
9061,Matthew Perry,kurtshannon@example.com,Bulgaria,2024-07-07,Basic,1177.64
9062,Tyler Franklin,miranda03@example.net,Poland,2025-11-22,Standard,4706.11
9063,Brian Harmon,juliafitzgerald@example.com,Malaysia,2020-08-20,Standard,2571.73
9064,Robin Morris,chrismiller@example.com,Tunisia,2022-04-02,Standard,1778.22
9065,Alexandra Mason,floresanna@example.org,Netherlands,2024-10-17,Basic,560.74
9066,James Solis,bennettelizabeth@example.org,Chad,2020-02-21,Standard,4031.03
9067,Cody Hurley,hoganwilliam@example.org,Falkland Islands (Malvinas),2024-12-21,Premium,20296.00
9068,Jimmy Anderson,andersonlisa@example.net,Mayotte,2020-01-03,Basic,67.62
9069,Amy Jordan,boyerjoseph@example.net,North Macedonia,2026-03-15,Basic,129.77
9070,Dana Kemp,tonya11@example.net,Taiwan,2020-12-25,Standard,1011.34
9071,Mr. Christopher Tapia,jerrymiller@example.com,Jersey,2026-04-03,Standard,4852.70
9072,William Foley,coxsabrina@example.net,New Caledonia,2025-06-03,Premium,6937.30
9073,Stephanie Escobar,navarrostephen@example.org,Yemen,2025-04-29,Basic,1207.92
9074,Glenn Long,david62@example.com,Czech Republic,2023-08-21,Standard,4926.92
9075,Allen Thompson,shannonberry@example.org,Saint Helena,2020-09-27,Premium,18635.54
9076,Melissa Ponce,collin29@example.net,Japan,2021-10-11,Standard,4943.79
9077,Danielle Castillo,wyattjonathon@example.com,Slovenia,2020-02-20,Premium,3798.94
9078,Mark Ashley,fford@example.org,Bolivia,2021-06-16,Standard,2488.49
9079,Monica Maldonado,ibarber@example.com,Malawi,2026-03-29,Standard,2237.03
9080,Gina Williams,christianjackson@example.org,Holy See (Vatican City State),2026-05-03,Basic,594.76
9081,Nicole Hall,omoore@example.net,Honduras,2025-10-17,Standard,1184.45
9082,Christine Thomas,briannagonzalez@example.org,Barbados,2023-04-07,Standard,581.48
9083,Charlotte Lewis,sharonmorgan@example.net,Panama,2022-04-10,Premium,11042.30
9084,Heather Davis,bobby79@example.com,Solomon Islands,2024-07-25,Premium,19063.11
9085,Ashley Quinn,grantwilliam@example.org,Tuvalu,2020-10-30,Basic,626.44
9086,Amber Stark,alisonconley@example.net,Bolivia,2023-06-10,Premium,22742.45
9087,Betty Johnson MD,ojohnson@example.com,Falkland Islands (Malvinas),2020-09-03,Basic,942.25
9088,Benjamin Jackson,hayeskylie@example.net,Bahamas,2023-10-01,Premium,3846.14
9089,Melissa Monroe,mjacobs@example.org,Northern Mariana Islands,2026-02-27,Basic,560.57
9090,Daniel Lane,scottsimon@example.net,San Marino,2023-11-08,Basic,203.85
9091,Rose Nelson,fsmith@example.net,Uganda,2024-11-08,Basic,650.83
9092,Dawn Jackson,christine20@example.org,Libyan Arab Jamahiriya,2020-07-16,Basic,1305.02
9093,Rebecca Brown,melissa99@example.com,Marshall Islands,2025-10-18,Basic,1016.35
9094,Randy Rodriguez,jeffrey11@example.org,Niue,2025-09-11,Basic,1105.09
9095,Dr. Stephen Taylor,brownlawrence@example.com,Congo,2025-11-03,Standard,1806.53
9096,Elaine Ibarra,ronaldcaldwell@example.com,Guernsey,2022-05-11,Standard,3881.89
9097,Brendan Reid,patrickbryan@example.org,Gambia,2022-06-24,Basic,1045.76
9098,Jose Chase,nwilson@example.com,Switzerland,2023-10-11,Basic,813.54
9099,Kim King,nhooper@example.net,Vietnam,2022-09-12,Basic,1367.25
9100,Angela Simmons,,French Southern Territories,2023-10-12,Premium,24700.95
9101,Jose Miller,mary07@example.org,Italy,2021-03-15,Standard,3704.47
9102,Tina Thomas,klinedaniel@example.com,Honduras,2023-07-16,Basic,494.22
9103,Christine Johnson,kimberly05@example.com,Kiribati,2026-03-01,Standard,2340.18
9104,Denise Colon,thomasscott@example.net,India,2024-11-26,Basic,881.41
9105,Tammy Martinez,joshuahebert@example.org,Fiji,2023-01-04,Standard,1976.63
9106,Joseph Anderson,valeriewilliams@example.com,Ethiopia,2026-06-03,Standard,3054.08
9107,Rebecca Carter,ajacobs@example.com,India,2020-07-17,Standard,4984.15
9108,Nathan Dawson,harrismichael@example.org,Belize,2021-12-21,Standard,4298.45
9109,Denise Shannon,alexander55@example.org,Jordan,2025-11-10,Basic,544.47
9110,Nicole Mcdonald,chloesullivan@example.net,Serbia,2026-02-16,Premium,14025.52
9111,Daniel Hensley,tmiller@example.com,El Salvador,2026-03-14,Standard,3465.34
9112,Sara Lopez,lrichard@example.com,Saint Lucia,2023-08-24,Standard,889.61
9113,Anthony Morgan,adamscourtney@example.com,Falkland Islands (Malvinas),2024-09-16,Standard,2272.40
9114,Stephen Santiago,umiller@example.org,Senegal,2023-07-18,Basic,678.07
9115,Mr. Brian Dudley,lisa16@example.com,El Salvador,2020-05-27,Basic,195.95
9116,Whitney Martinez,stevebailey@example.com,Korea,2021-07-02,Basic,144.04
9117,Jonathan Parrish,mendozaanna@example.net,Tanzania,2021-06-25,Premium,15724.78
9118,Martha Wright,joan09@example.org,Greenland,2020-07-17,Standard,1152.20
9119,Destiny Garcia,hmendez@example.net,Eritrea,2023-02-12,Standard,903.06
9120,Catherine Hill,briankim@example.net,Jamaica,2025-01-10,Basic,514.38
9121,Danielle Nguyen MD,jessica21@example.org,United Arab Emirates,2026-08-10,Basic,575.50
9122,Jennifer Nichols,urobinson@example.net,Uruguay,2024-04-14,Basic,1032.00
9123,Jasmine Bishop,mistyharper@example.com,Guinea-Bissau,2023-09-26,Premium,4122.89
9124,Tonya Sanchez,john80@example.org,Nepal,2023-08-22,Basic,632.84
9125,Douglas Jones,svargas@example.org,Liechtenstein,2021-09-14,Basic,684.90
9126,Sabrina Richards,brian36@example.org,Uzbekistan,2020-06-29,Standard,625.86
9127,Jessica Butler,michelleperez@example.com,Western Sahara,2021-08-03,Premium,14027.90
9128,Ryan Garrison,xwright@example.org,Sudan,2024-09-03,Standard,4727.09
9129,John Thomas,oscar65@example.com,Jamaica,2026-08-19,Basic,642.05
9130,Katrina Ewing,nparks@example.org,Saint Pierre and Miquelon,2021-11-15,Basic,169.30
9131,Aaron Sanders,xbrown@example.net,Guyana,2022-12-08,Basic,1221.84
9132,Thomas Navarro,lisawashington@example.org,Turkmenistan,2024-07-14,Basic,452.18
9133,Aaron Adams,blevinstiffany@example.org,Niger,2025-11-11,Basic,1456.73
9134,Samantha Rodgers,rossanna@example.com,French Polynesia,2024-04-20,Standard,1212.30
9135,Michele Johnson,kristinmiller@example.org,Estonia,2026-08-18,Basic,1436.98
9136,Angelica Edwards,moralesrachel@example.net,Cuba,2024-11-15,Premium,16151.45
9137,Stephanie Smith,christina83@example.com,Ireland,2021-07-17,Basic,563.71
9138,John Williams,zjones@example.net,Cyprus,2025-08-29,Standard,2681.38
9139,Robin Blair,nicole57@example.com,Trinidad and Tobago,2020-12-29,Basic,1003.33
9140,Hannah Keller,cadams@example.net,Philippines,2025-05-03,Premium,15515.94
9141,Robin Vasquez,derrick42@example.org,Western Sahara,2023-04-22,Standard,4121.60
9142,Lindsey Mckay,perryjoseph@example.net,Tonga,2023-01-24,Premium,3224.77
9143,Tammy Bond,xrobinson@example.com,Puerto Rico,2024-08-23,Premium,16015.71
9144,Emily Austin,nguyenjason@example.com,Haiti,2023-11-22,Basic,493.91
9145,Megan Holland,hillcrystal@example.net,British Indian Ocean Territory (Chagos Archipelago),2025-03-24,Standard,771.66
9146,Ashley Smith,tranjessica@example.com,Suriname,2025-01-27,Standard,826.88
9147,Michael Bell,shannon37@example.org,Nauru,2024-04-15,Basic,1369.25
9148,Michael Coleman,katie98@example.org,Pakistan,2020-11-04,Standard,2505.81
9149,Michelle Lee,tyler31@example.org,Sao Tome and Principe,2023-07-12,Basic,301.13
9150,Douglas Duke,simpsoncody@example.net,Niue,2025-04-03,Premium,8975.46
9151,Eric Brown,amandawashington@example.net,Bhutan,2025-04-21,Standard,4312.79
9152,Jesse Hodges,brandon47@example.net,Monaco,2022-10-06,Standard,3673.82
9153,James Fisher,nicholefuller@example.org,Senegal,2020-12-07,Standard,4142.88
9154,Joseph Peters,wdennis@example.org,Kenya,2026-06-30,Premium,17769.73
9155,Victor Gray,cpatrick@example.net,Malta,2024-04-01,Basic,656.18
9156,Earl Miller,eortega@example.net,Comoros,2022-12-18,Standard,3765.11
9157,Karen Rocha,mmatthews@example.org,Saint Vincent and the Grenadines,2026-05-02,Standard,2638.64
9158,Victor Maxwell,elizabeth65@example.net,Japan,2020-01-26,Premium,10537.81
9159,Katherine Ramirez,joseph22@example.org,Croatia,2024-12-14,Basic,733.18
9160,Willie Lyons,james47@example.org,Myanmar,2025-09-21,Basic,1451.37
9161,Mary Moore,hancockdavid@example.net,Mozambique,2024-07-02,Standard,3029.19
9162,Angela Owen,mcmahonalexandra@example.com,Mayotte,2022-05-27,Premium,5224.73
9163,Jorge Reynolds,mcleanbrittany@example.org,Reunion,2024-11-22,Basic,1210.44
9164,Karen Evans,jasonblake@example.com,Guadeloupe,2021-03-22,Basic,753.93
9165,Sandra Matthews,james89@example.com,Egypt,2023-08-01,Basic,524.06
9166,Jason Mckinney,cvalencia@example.com,Georgia,2024-04-04,Standard,4961.37
9167,Tristan Duncan,walkerhayley@example.net,Peru,2024-07-25,Premium,17710.70
9168,Kyle Castillo,ruizjeffrey@example.net,Macao,2025-08-04,Premium,6296.11
9169,Matthew Mendoza,erik24@example.com,Antarctica (the territory South of 60 deg S),2020-03-12,Basic,406.65
9170,Cheryl Watson,jimenezsteven@example.org,Micronesia,2025-08-03,Basic,734.62
9171,Timothy Brandt,wallacejesse@example.net,Bangladesh,2023-05-23,Basic,804.97
9172,Maria Fischer,smithkathryn@example.net,Grenada,2021-05-11,Basic,216.55
9173,Tammy Boyd,wking@example.org,Cuba,2024-01-17,Basic,177.24
9174,Allen Ellis,qharris@example.com,Bouvet Island (Bouvetoya),2021-05-09,Basic,371.30
9175,Christopher Hughes,roger20@example.net,Faroe Islands,2026-06-05,Basic,284.03
9176,Michele Long,hernandezwilliam@example.org,Mongolia,2026-08-25,Standard,3280.73
9177,Cheryl Harrison,susanjones@example.org,Norfolk Island,2023-05-04,Basic,344.06
9178,William Cooper,warnerlawrence@example.org,Antigua and Barbuda,2026-02-15,Premium,13543.31
9179,Karen Mcmillan,greenjasmine@example.com,Solomon Islands,2026-06-17,Basic,1231.24
9180,Kimberly Brown,renee29@example.net,Sweden,2025-07-30,Basic,552.80
9181,Jason Zamora,gregorymclean@example.com,Reunion,2020-12-03,Standard,2212.44
9182,William Fuller,fwilkerson@example.com,Ireland,2024-04-16,Standard,1654.04
9183,Yolanda Smith,mortonmichael@example.com,Romania,2026-05-02,Basic,878.77
9184,Curtis Taylor,nicholsmelanie@example.org,Philippines,2022-10-15,Basic,412.60
9185,James Sandoval,coleamanda@example.net,Netherlands Antilles,2020-11-24,Basic,347.71
9186,Dr. Johnathan Johnson MD,christinereilly@example.org,Cocos (Keeling) Islands,2024-02-26,Standard,2541.20
9187,Tyler Smith,hensleymichael@example.org,Congo,2023-07-03,Standard,958.57
9188,Elizabeth Martinez,knightdavid@example.org,Greenland,2021-10-16,Standard,4354.01
9189,Jesse Davis,brad41@example.net,Korea,2022-12-24,Standard,778.23
9190,Alexander Foster,hwinters@example.com,Mozambique,2024-08-18,Standard,1320.60
9191,Amanda Harris,kimberly57@example.net,Saint Helena,2024-09-17,Basic,361.40
9192,Mary Rosario,hbyrd@example.net,Finland,2026-02-13,Basic,766.08
9193,Brian Bishop,christinamccormick@example.org,Christmas Island,2020-10-19,Standard,3160.99
9194,Nicole Maxwell,colonblake@example.com,Antarctica (the territory South of 60 deg S),2024-11-12,Premium,23427.82
9195,Brian Guerra,iclark@example.net,Greece,2026-02-03,Standard,3489.32
9196,Amy Brown,qrowe@example.net,Peru,2022-11-12,Basic,1339.39
9197,Donald Smith,travis26@example.net,Indonesia,2021-03-27,Basic,844.75
9198,Christian Kelly,nhernandez@example.com,Anguilla,2021-04-27,Standard,1382.99
9199,Derrick Moore,terri83@example.org,Zimbabwe,2023-11-11,Premium,4283.72
9200,Dylan Hughes,weberjacob@example.org,Tuvalu,2024-07-21,Premium,16132.94
9201,Shawn Navarro,williambailey@example.com,Guinea-Bissau,2025-11-23,Standard,1199.58
9202,Renee Jennings,margaretturner@example.net,Heard Island and McDonald Islands,2021-07-19,Basic,1024.88
9203,Tamara Taylor,stephen99@example.net,Micronesia,2025-05-18,Basic,173.60
9204,Lindsey Woods,curtis08@example.net,Italy,2022-06-29,Basic,1048.42
9205,Christopher Terry,gina18@example.net,Heard Island and McDonald Islands,2022-11-29,Basic,1421.38
9206,Rodney Ramirez,joshuajackson@example.net,Saint Vincent and the Grenadines,2024-05-07,Basic,206.79
9207,Jason Martinez,brownjennifer@example.com,Nepal,2022-06-07,Basic,1195.63
9208,Natasha Campbell,robinbrady@example.com,Bosnia and Herzegovina,2024-10-08,Basic,635.58
9209,Jason Kent,nicholaswilson@example.com,Isle of Man,2021-08-20,Standard,1853.20
9210,Michael Russell,perezrichard@example.org,Nigeria,2022-02-23,Basic,210.67
9211,Lisa Morton,caleb65@example.com,Albania,2023-04-13,Standard,3233.06
9212,Linda Perkins,aaronlee@example.com,Tuvalu,2023-03-21,Standard,3306.42
9213,Cory Johnson,jenkinsannette@example.net,Lebanon,2023-05-30,Basic,714.78
9214,Taylor Hinton,dbutler@example.org,Vanuatu,2020-03-07,Basic,370.66
9215,Chad Harris,bdavis@example.org,North Macedonia,2026-04-05,Standard,2504.52
9216,Hayden Robinson,,Mayotte,2026-06-28,Basic,846.73
9217,Rachael Sanchez,eclayton@example.com,Central African Republic,2023-04-03,Standard,1242.62
9218,Amber White,rangelfelicia@example.org,Iraq,2020-04-25,Standard,2980.27
9219,Veronica Bryant DVM,jonathangreene@example.org,Congo,2024-04-13,Standard,1046.83
9220,Mark Copeland,felicia74@example.org,Holy See (Vatican City State),2024-03-18,Basic,1359.26
9221,Daniel Archer,tbrooks@example.net,Maldives,2020-12-14,Standard,1029.48
9222,Rebecca Miller,ptorres@example.net,Dominican Republic,2026-06-20,Premium,11253.77
9223,Lori Freeman,rebeccacampbell@example.net,Marshall Islands,2024-11-26,Basic,63.94
1722,Julie Gomez,wendychandler@example.com,Poland,2022-05-08,Basic,829.41
9225,Isabella Myers,vanessa23@example.org,Maldives,2024-10-12,Standard,3691.39
9226,Erica Barnes,camachojane@example.org,Israel,2026-08-01,Standard,2283.64
9227,Ashley Cervantes,brookelozano@example.com,Antigua and Barbuda,2023-08-11,Standard,4531.63
9228,Cheryl Murphy,porterbrandon@example.com,Lao People's Democratic Republic,2021-08-03,Standard,1991.59
9229,Christopher Diaz,fwhite@example.org,American Samoa,2020-07-29,Standard,2771.23
9230,Katie Lee,cherylyoder@example.org,Tajikistan,2023-05-14,Basic,900.42
9231,Joseph Benson,tobrien@example.com,Bahamas,2020-09-23,Standard,512.34
9232,Brenda Young,carrie86@example.com,Russian Federation,2022-06-11,Basic,1120.42
9233,Kimberly Quinn,emilykelley@example.net,South Africa,2024-02-20,Standard,2456.43
9234,Emily Cook,sloanconnie@example.com,South Africa,2021-03-15,Basic,415.36
9235,Travis Collier,michaelgarner@example.net,Gibraltar,2021-07-29,Standard,3939.07
9236,Hannah Anderson,jenniferbailey@example.org,Lithuania,2023-01-09,Basic,1109.67
9237,Kelli Boyd,emilytrevino@example.org,Qatar,2022-10-15,Standard,1367.99
9238,Matthew Davis,millerjulie@example.com,Italy,2021-10-25,Basic,929.35
9239,Kelly Williams,obailey@example.com,Hong Kong,2021-06-22,Basic,185.19
9240,Dan Thompson,jacobwade@example.com,Sweden,2024-04-13,Basic,585.48
9241,Brittany Jacobs,mejiabenjamin@example.net,Serbia,2022-01-21,Basic,1482.51
9242,Jennifer Evans,russelljames@example.com,Burundi,2026-03-05,Basic,763.20
9243,Jessica Farmer,rojascatherine@example.net,Monaco,2020-07-07,Premium,23937.24
9244,Jeffrey Boyd,lisa97@example.org,Israel,2021-01-29,Premium,11781.27
9245,Stephen Richardson,lisa33@example.org,Malaysia,2023-12-31,Standard,3265.38
9246,Andrea Perez,millersara@example.com,Micronesia,2020-09-20,Standard,1768.22
9247,Natalie Rodriguez,linda34@example.net,Saint Helena,2024-03-09,Standard,1309.01
9248,Matthew Jones,jill13@example.com,Tokelau,2026-05-19,Basic,544.02
9249,Craig Smith,lisastevens@example.com,Germany,2022-01-19,Standard,4207.72
9250,Rodney Elliott,harringtonvanessa@example.com,Oman,2024-07-02,Premium,16159.42
9251,Elizabeth Williams,timothyhaley@example.com,Poland,2024-03-14,Basic,1411.96
9252,Sharon Randall,anthony88@example.net,Kuwait,2020-09-29,Premium,20951.57
9253,Jill Bailey,robert75@example.com,Lebanon,2021-04-26,Standard,3991.65
9254,Kristen Jarvis,charlesfitzgerald@example.net,Samoa,2026-06-18,Basic,1121.10
9255,Christine Wallace,bstewart@example.net,Malta,2022-07-28,Premium,7731.65
9256,Anthony Roberts,larakimberly@example.com,Swaziland,2021-05-01,Basic,351.53
9257,Benjamin Arroyo,scottrobinson@example.com,Austria,2026-05-28,Basic,161.72
9258,Brett Taylor,jeffreyhuff@example.org,Canada,2021-03-31,Premium,11117.37
9259,Christina Carter,christybrown@example.com,British Indian Ocean Territory (Chagos Archipelago),2021-09-14,Basic,338.07
9260,Nicholas Johnson,jason00@example.com,Cape Verde,2021-02-27,Basic,751.59
9261,Samuel Bowman,joseph44@example.org,United States of America,2021-06-30,Basic,1452.46
9262,Ronald Berg,vbrown@example.com,South Africa,2022-04-04,Basic,258.64
9263,Hunter Figueroa,kathy94@example.com,Nicaragua,2026-01-30,Basic,1351.82
9264,Michaela Stone,lauragonzalez@example.net,Burundi,2021-07-12,Basic,310.61
9265,Terry Jackson,kimberlylewis@example.org,Slovenia,2025-12-03,Basic,870.56
9266,Michelle Terrell,ojackson@example.com,Guernsey,2020-04-28,Basic,1318.49
9267,Jose Ellis,fmartinez@example.org,Czech Republic,2026-08-14,Basic,1017.91
9268,Tracy Tucker,parkerian@example.org,Libyan Arab Jamahiriya,2024-05-13,Basic,439.84
9269,Alexandra Atkinson,conleyhaley@example.net,Papua New Guinea,2021-09-28,Premium,2603.11
9270,Tina Frey,nicole36@example.net,Czech Republic,2021-02-02,Premium,10605.46
9271,Rebecca Ford,stephenwilliams@example.org,Moldova,2020-07-12,Premium,8507.56
9272,Jeremy Rios,nsmith@example.org,Comoros,2024-10-02,Standard,1785.40
9273,Alyssa Lee,bowerssamuel@example.org,Burkina Faso,2025-06-01,Standard,4191.68
9274,Jim Rivera,smithjohn@example.org,Trinidad and Tobago,2021-06-20,Basic,780.78
9275,Tiffany Anderson DDS,david21@example.org,Zambia,2020-09-08,Basic,1398.40
9276,Emily Nelson,leejeremy@example.org,Maldives,2023-10-27,Premium,23659.35
9277,Melody Bush,yenglish@example.org,Greece,2020-09-22,Standard,1468.83
9278,Rebecca Jones MD,wallsapril@example.net,Korea,2025-08-22,Basic,1466.23
9279,Kathryn Harrison,jonesmonica@example.org,Pitcairn Islands,2023-07-01,Standard,3935.39
9280,Marissa Avila,pottsshawn@example.com,Cocos (Keeling) Islands,2023-11-24,Basic,831.26
9281,Mr. Larry Jordan,angelahart@example.net,Belize,2022-06-04,Premium,21546.52
9282,Andrea Stephens MD,oliverandre@example.org,Dominica,2025-12-31,Standard,4998.38
9283,John Murphy,waltershenry@example.com,Denmark,2025-05-02,Basic,942.59
9284,Leroy Mccormick,chadreed@example.net,Tunisia,2021-06-18,Basic,641.42
9285,Frederick Mitchell,william85@example.net,Turks and Caicos Islands,2024-02-07,Standard,2205.77
9286,Cody Alvarez,jerry87@example.net,Trinidad and Tobago,2023-02-19,Premium,16521.21
9287,Darlene Garcia,dylan39@example.net,Paraguay,2021-01-11,Basic,1178.35
9288,Kenneth Fisher,hlopez@example.org,Tokelau,2026-03-01,Basic,690.10
9289,Larry Campbell MD,arthurcrawford@example.com,Palestinian Territory,2026-01-06,Standard,1486.87
9290,Brittany Carrillo,randycohen@example.net,Haiti,2021-02-11,Standard,1485.57
9291,Alicia Jones,hurstjeremiah@example.net,United Arab Emirates,2024-06-23,Basic,702.52
9292,Tyler Elliott,crystal46@example.net,Cote d'Ivoire,2020-02-03,Standard,4839.38
9293,Jeremy Greer,brenda27@example.net,Gambia,2021-04-29,Basic,904.75
9294,Robert Moore,hallalison@example.net,Trinidad and Tobago,2020-04-23,Basic,132.38
9295,Amanda Hale,lisa05@example.org,Greece,2024-06-26,Basic,146.19
9296,Holly Roth,hallcarrie@example.net,Burundi,2022-07-25,Premium,10684.31
9297,Andrea Delacruz,desireeharris@example.com,Canada,2024-11-19,Standard,4400.55
9298,Frances Herring,madisonwalker@example.com,Vanuatu,2021-02-16,Standard,3063.57
9299,Adrian Andrews,robert45@example.com,Italy,2025-10-15,Basic,575.21
9300,Cindy Lee,joshua31@example.net,Guam,2023-12-13,Basic,146.10
9301,John Castillo,pphillips@example.org,Lebanon,2023-03-08,Standard,1808.56
9302,Kevin Harper,pbrown@example.org,Bahamas,2021-05-09,Basic,1100.45
9303,Brandon Martinez,rball@example.org,Lebanon,2024-04-23,Basic,819.81
9304,Allison Giles,james72@example.com,Botswana,2023-10-27,Premium,16027.76
9305,Kevin Austin,epierce@example.com,New Caledonia,2024-04-28,Premium,20354.23
9306,Melissa Rodriguez,dmitchell@example.net,Saint Kitts and Nevis,2023-08-15,Premium,16731.30
9307,Dr. Willie Stewart,lambertlindsay@example.com,Liechtenstein,2024-12-11,Basic,1134.66
9308,William Diaz,lyonschristopher@example.com,Pakistan,2023-05-23,Standard,1328.49
9309,Mr. Austin Long,fgreen@example.com,Guam,2023-05-08,Premium,4616.42
9310,Janet Beck,caustin@example.com,Samoa,2025-07-25,Basic,1348.89
9311,Linda Wood,rogersjustin@example.org,Somalia,2022-07-12,Standard,3008.66
9312,Brittany Graham,shawn36@example.com,Spain,2026-03-02,Premium,2735.65
9313,Aimee Hawkins,robert45@example.com,Faroe Islands,2022-09-13,Standard,609.14
9314,Brian Gross,louis95@example.net,Cuba,2022-06-21,Standard,2848.29
9315,Kelsey Davis,scott95@example.net,Italy,2026-07-28,Basic,1190.63
9316,Michele Kelly,ngonzales@example.org,Madagascar,2022-01-15,Basic,380.78
9317,Vincent Robinson,tayala@example.com,Myanmar,2022-03-07,Basic,850.86
9318,Philip Dalton,steelewilliam@example.com,Samoa,2021-07-03,Standard,1675.74
9319,Michelle Weaver,williamwoodward@example.net,Faroe Islands,2026-01-17,Standard,2829.46
9320,Kevin Martinez,samuel62@example.net,Nauru,2025-08-04,Standard,4661.49
9321,Peter Love,jessica18@example.com,Cambodia,2022-01-05,Basic,166.77
9322,Julie Burns,andrewsjamie@example.com,South Georgia and the South Sandwich Islands,2024-10-02,Standard,3212.99
9323,Jim Thompson,jacksonhannah@example.org,Niger,2023-01-12,Basic,276.49
9324,Anthony Bean,leslie16@example.org,Finland,2021-07-27,Standard,699.38
9325,Elizabeth Andersen,williamsonjeremy@example.org,Turkey,2026-02-07,Standard,4694.20
9326,Eric Cervantes,brianross@example.net,Israel,2020-11-12,Standard,3502.67
9327,Alicia Brewer,hoffmanlisa@example.org,Antarctica (the territory South of 60 deg S),2026-04-15,Basic,1460.94
9328,Carrie Shaw,vgonzalez@example.com,Guam,2022-08-26,Basic,504.14
9329,Brianna Smith,randolphseth@example.com,Netherlands Antilles,2022-07-19,Basic,371.89
9330,Bruce Sandoval,dodsonadam@example.org,Taiwan,2023-01-27,Standard,1704.44
9331,Jim Oconnor,beverly05@example.org,Holy See (Vatican City State),2025-09-28,Premium,21557.83
9332,Kelly Anderson,william12@example.net,Azerbaijan,2023-06-18,Basic,1286.81
9333,Chelsea Mcdonald,lindsay81@example.net,Barbados,2025-01-09,Standard,3410.48
9334,Keith Johnson,cbell@example.org,Trinidad and Tobago,2021-11-03,Standard,4122.00
9335,Gerald Murphy,annebaker@example.org,Mali,2020-09-18,Standard,4753.26
9336,Bruce Munoz,thompsontheresa@example.net,Honduras,2022-08-09,Standard,3685.90
9337,Melissa Moreno,paynestacey@example.net,Kuwait,2023-09-24,Basic,1340.49
9338,Ellen Moore,coopersarah@example.net,Benin,2020-03-01,Standard,668.18
9339,Martin Ryan,mariathomas@example.com,Saint Barthelemy,2024-11-16,Premium,17445.78
9340,Margaret King,davidmartin@example.net,Aruba,2022-08-25,Basic,459.77
9341,Sara Daniels,qpatrick@example.org,Palau,2024-01-26,Premium,6088.92
9342,Joseph Elliott,hsmith@example.org,Maldives,2021-09-02,Basic,1320.67
9343,David Perez,qrusso@example.org,Portugal,2022-06-13,Standard,1928.94
9344,Jessica Hammond,ffleming@example.org,Philippines,2025-02-18,Basic,691.68
9345,Emma Knight,ijohnson@example.com,Vietnam,2024-06-11,Standard,2104.36
9346,Angela Campbell,timothy92@example.com,Micronesia,2021-07-29,Basic,240.81
9347,Maureen Marquez,thomascook@example.com,Austria,2020-12-05,Basic,1331.85
9348,Mason Mitchell,michellemurphy@example.net,Pitcairn Islands,2022-08-16,Standard,3508.77
9349,Aaron Wells,xtyler@example.org,Fiji,2022-05-02,Basic,272.60
9350,Corey Douglas,claynathan@example.com,Georgia,2023-06-18,Basic,1242.62
9351,Michael Atkins,rickey24@example.org,Bosnia and Herzegovina,2022-02-05,Standard,1227.89
9352,Shelby Morgan,zblankenship@example.com,Italy,2021-07-02,Premium,4421.72
9353,Kelly Glover,rebecca22@example.net,Uzbekistan,2023-07-07,Premium,13795.29
9354,Eileen Leon,douglasgutierrez@example.org,Western Sahara,2021-02-06,Premium,19622.80
9355,Carmen Carlson,deanna11@example.com,Russian Federation,2024-05-04,Standard,2318.86
9356,Joseph Harding,karen00@example.net,Albania,2025-12-11,Basic,416.28
9357,Julie Donovan,berrychad@example.org,Antigua and Barbuda,2022-08-07,Basic,348.35
9358,Mrs. Ashley Graham,marialopez@example.net,Australia,2025-07-02,Basic,448.74
9359,James Wilson,pearsonjillian@example.net,Palau,2024-11-22,Basic,102.85
9360,Joy Singh,zmcgee@example.org,French Southern Territories,2025-05-29,Premium,5810.38
9361,Adrian Savage,robert21@example.net,Paraguay,2024-01-26,Basic,462.47
9362,Melissa Herman,mikayla70@example.com,Martinique,2024-03-24,Basic,232.81
9363,Taylor Vargas,joseph25@example.org,United States Minor Outlying Islands,2023-08-07,Standard,2953.93
9364,Shannon Smith,xburton@example.net,Turkey,2020-11-15,Premium,8864.79
9365,Alexis Johnson,jason58@example.com,Kenya,2022-02-17,Standard,4526.19
9366,Donald Wilson,kirkstephanie@example.org,Sudan,2020-07-23,Basic,534.06
9367,Elizabeth Johnson,bpennington@example.org,Colombia,2024-08-14,Basic,835.64
9368,Catherine Smith,henrybrandon@example.net,Switzerland,2023-02-15,Basic,196.91
9369,James Brandt,kayla88@example.com,Nauru,2021-09-01,Basic,480.23
9370,Christopher Willis,brownrichard@example.net,Bangladesh,2026-03-04,Standard,2219.79
9371,Karen Williams,douglashall@example.com,Micronesia,2022-10-27,Standard,3702.88
9372,Adriana Lee,antonio01@example.com,Aruba,2026-05-01,Standard,1893.29
9373,Andrew Wright,bennettnicholas@example.org,Cambodia,2022-01-22,Basic,585.82
9374,Dawn Lee,klevy@example.com,Italy,2022-09-22,Standard,1956.26
9375,Jessica Hunter,qhensley@example.com,Aruba,2023-05-15,Standard,3676.75
9376,Diane White,christy97@example.net,Maldives,2022-12-13,Basic,168.89
9377,Jennifer Wyatt,mary50@example.com,Liberia,2023-10-05,Basic,1185.18
9378,James Mills,stephanie33@example.net,Belgium,2020-12-06,Standard,1878.98
9379,Tiffany Black,ptaylor@example.net,Western Sahara,2023-12-15,Standard,1136.72
9380,Micheal Johnson,jscott@example.net,Serbia,2023-03-13,Premium,21744.40
9381,Charlotte Carrillo,christianleonard@example.net,United States of America,2024-08-25,Premium,9431.32
9382,Melissa Davis,bryansoto@example.net,Guatemala,2023-01-20,Basic,1329.49
9383,Brian Mercado,brandy46@example.net,Georgia,2025-09-25,Standard,4509.21
9384,Patrick Mitchell PhD,sarah39@example.com,Bermuda,2024-03-09,Basic,993.39
9385,Audrey Hebert,josephsmith@example.org,Morocco,2024-05-22,Standard,771.54
9386,Mark Franco,jeremyespinoza@example.org,Honduras,2021-09-04,Premium,13054.72
9387,Donna Stewart,amanda67@example.org,Oman,2020-08-28,Premium,12239.55
9388,Kevin Moran,jacquelinesanford@example.org,Equatorial Guinea,2026-05-20,Premium,11413.57
9389,Adam Vincent,djackson@example.net,Liberia,2025-12-17,Standard,3777.29
9390,Andrew Gallagher,thomascox@example.net,Switzerland,2020-03-22,Basic,774.50
9391,Dean Frank,tyler01@example.net,Samoa,2021-02-17,Basic,1115.22
9392,Jennifer Jackson,caroline84@example.net,Zambia,2025-09-15,Basic,741.96
9393,Jacob Coleman,mnorris@example.org,Switzerland,2025-10-27,Basic,995.37
9394,Gloria Green,vangdaniel@example.org,Cuba,2021-12-09,Standard,2121.01
9395,Susan Pope,irodriguez@example.com,Iceland,2021-03-20,Premium,8719.17
9396,Jennifer Vaughan,scraig@example.com,Norway,2021-08-08,Basic,914.95
9397,Brian Anderson,aduffy@example.net,Hong Kong,2020-07-24,Basic,599.87
9398,Brian James,jessicaallison@example.com,Suriname,2025-08-23,Standard,3249.41
9399,Angela Taylor,jamieblake@example.org,Mozambique,2025-12-05,Premium,24425.97
9400,Matthew Mata,edwardperez@example.org,Albania,2020-04-04,Standard,522.97
9401,Daniel Gaines,transherry@example.com,Ghana,2023-11-02,Standard,2195.25
9402,Tara Miller,wgregory@example.net,Poland,2023-11-15,Standard,1623.04
9403,Nicholas Hudson,bryanwilkinson@example.org,Samoa,2023-12-06,Basic,233.44
9404,Carrie Stevens,mmontoya@example.net,Hong Kong,2024-03-05,Basic,703.97
9405,James Matthews,kelsey20@example.net,Venezuela,2022-04-02,Premium,5147.73
9406,Veronica Martin,adrian44@example.com,Gibraltar,2026-03-06,Basic,329.59
9407,Joanna Rodriguez,qschroeder@example.net,Tanzania,2025-04-18,Basic,158.34
9408,Stacy Gordon,pamela49@example.net,Barbados,2026-02-05,Basic,1136.13
9409,Kelly Mata,brittany44@example.org,Hong Kong,2022-09-12,Standard,3322.71
9410,Alicia White,rrobinson@example.com,Netherlands,2023-07-03,Basic,1358.33
9411,Paula Smith,stonewilliam@example.org,Eritrea,2023-10-05,Basic,1083.04
9412,Nancy Petersen,smithmarie@example.com,Tonga,2021-10-16,Basic,1344.83
9413,Brad Hansen,james23@example.net,Wallis and Futuna,2024-11-01,Premium,16238.86
9414,Stephen Shaw,melinda53@example.com,Somalia,2026-05-07,Basic,960.22
9415,Barbara Gallegos,kbanks@example.net,Syrian Arab Republic,2024-05-30,Premium,14672.14
9416,Jacqueline Vasquez,bonnie28@example.org,Gabon,2020-04-25,Basic,668.88
9417,Edward Cardenas,dennisrodriguez@example.com,South Georgia and the South Sandwich Islands,2025-12-06,Premium,18650.06
9418,Karen White DDS,mcclainisabel@example.net,Lao People's Democratic Republic,2023-12-12,Basic,490.78
9419,Sheila Olsen,zachary98@example.org,Iran,2024-12-02,Premium,15238.39
9420,Charles Black,tiffany03@example.com,Japan,2022-11-22,Basic,342.24
9421,Michael Clark,mary00@example.org,Nigeria,2023-09-01,Basic,1306.69
9422,Rodney Graham,vernonmunoz@example.org,Isle of Man,2022-06-21,Premium,24991.81
9423,Janice Kidd,kaylamontes@example.net,Ethiopia,2023-05-11,Basic,129.21
9424,Jacob Santos,ksmith@example.net,Timor-Leste,2021-10-22,Premium,4709.48
9425,Justin Jimenez,tasha78@example.com,Congo,2022-11-18,Basic,1410.08
9426,Debra Roman,rli@example.org,Macao,2026-04-01,Premium,12843.94
9427,Heather Parker,dmoore@example.com,Uganda,2024-06-12,Basic,1245.47
9428,Darrell Espinoza,jmorris@example.net,Mongolia,2022-09-18,Basic,1229.62
9429,Victoria Mcclain,zperkins@example.com,Yemen,2023-05-23,Standard,901.84
9430,Lori Fletcher,floresemily@example.org,Tuvalu,2025-11-24,Basic,1478.05
9431,Stacy Diaz,matthewcole@example.net,Kuwait,2020-02-15,Standard,2570.84
9432,Jamie Castro,hogankaren@example.org,Chile,2023-02-12,Standard,3529.73
9433,Sierra Allen,kathymolina@example.org,Burkina Faso,2022-12-26,Basic,768.10
9434,Gilbert Montgomery,nataliemelendez@example.org,Estonia,2026-06-13,Basic,53.76
9435,Roger Miller,moralesjason@example.com,Nigeria,2026-05-03,Basic,1078.13
9436,Patrick Mitchell,dkeller@example.com,Suriname,2025-04-04,Basic,745.01
9437,Tammy Wu,benjamin18@example.org,Liberia,2023-12-14,Standard,1378.51
9438,Perry Barnett,danielsingh@example.net,Japan,2025-10-06,Basic,516.17
9439,Patrick Ford,warrenralph@example.net,Senegal,2024-10-16,Basic,645.81
9440,David Arnold,andersonjames@example.org,Ukraine,2025-10-02,Standard,746.27
9441,Ashley Ruiz,emily78@example.com,United Arab Emirates,2023-02-01,Basic,589.77
9442,Craig Schultz,michael29@example.com,Sri Lanka,2026-04-18,Standard,1608.45
9443,Tammy Mclaughlin,edavis@example.org,Liberia,2024-02-06,Basic,413.23
9444,Jonathan Sheppard,davisjanice@example.org,Tanzania,2026-03-26,Basic,1431.12
9445,Sarah Palmer,jennifer27@example.net,Romania,2022-05-04,Standard,1371.32
9446,Matthew Robinson,kylemendez@example.net,Kiribati,2020-06-02,Basic,1022.79
9447,Matthew Franklin,daniel67@example.net,Kenya,2026-06-05,Standard,3877.12
9448,Alison Hamilton,steven25@example.net,Saint Martin,2024-07-15,Standard,4922.73
9449,Christopher Frank,kevinhughes@example.net,Barbados,2023-11-02,Basic,361.56
9450,Anne Henry,brownerika@example.org,Bahamas,2024-08-11,Standard,2969.09
9451,Deanna Frederick,shawn71@example.com,Mongolia,2021-05-16,Standard,4119.93
9452,Jennifer King,amaynard@example.org,Moldova,2023-10-21,Premium,16710.40
9453,Joshua Davis,wferguson@example.com,Bangladesh,2021-01-26,Basic,629.59
9454,Christopher Schultz,vlewis@example.org,South Africa,2025-10-11,Standard,3463.02
9455,Heather Middleton,mary61@example.net,Wallis and Futuna,2025-10-19,Standard,865.06
9456,Ashley Nguyen,gregoryjason@example.net,France,2020-12-07,Basic,868.09
9457,Rebecca Morgan,leeadam@example.net,Maldives,2022-04-07,Basic,575.89
9458,Lisa Clayton,glovermelissa@example.net,Greece,2025-08-21,Premium,12363.54
9459,Briana Baker,keithbest@example.org,Tanzania,2024-01-16,Premium,6342.08
9460,Scott Jones,pwilson@example.net,Malta,2024-10-05,Basic,611.30
9461,Daniel Gentry,hsalazar@example.net,Liberia,2023-08-26,Basic,543.83
9462,Rachel Cobb,margaretmartinez@example.net,Northern Mariana Islands,2023-05-29,Premium,4644.23
9463,Jessica Owens,david56@example.org,Lao People's Democratic Republic,2026-05-26,Standard,896.18
9464,Melissa Dixon,vlee@example.net,Israel,2020-09-01,Basic,1061.05
9465,Madison Ortega,donald71@example.net,Holy See (Vatican City State),2026-04-28,Premium,11235.38
9466,Daniel Proctor,icole@example.org,Malaysia,2025-08-10,Standard,1353.73
9467,Craig Edwards,gmeyers@example.com,Malaysia,2023-02-08,Standard,1069.67
9468,Michele Ruiz,lewisjesse@example.net,Bulgaria,2021-07-14,Basic,251.05
9469,Jennifer George,obaxter@example.com,Slovakia (Slovak Republic),2021-04-04,Standard,4919.20
9470,Douglas Henry,bradshawmary@example.org,Australia,2020-04-30,Basic,908.03
9471,Maria Lewis,millerbridget@example.com,United Kingdom,2026-05-26,Basic,821.42
9472,Sandra Morgan,ohoover@example.com,Papua New Guinea,2024-01-15,Standard,2611.96
9473,Melinda Pena,edward23@example.com,Jordan,2024-01-06,Basic,754.92
9474,Joshua Wright,benjaminzhang@example.com,Liberia,2022-09-05,Basic,910.03
9475,Melissa Schmidt,natalie33@example.net,Congo,2020-09-06,Basic,1333.54
9476,Michael Collier,ebony82@example.com,Ecuador,2025-01-24,Premium,6848.20
9477,Joshua Caldwell,perryclifford@example.net,Maldives,2024-03-16,Premium,15260.31
9478,Anne Robertson,jessicahamilton@example.net,Cameroon,2026-01-04,Premium,10101.01
9479,Travis Harper,terrance15@example.net,Guatemala,2024-02-14,Standard,1993.35
9480,Robert Terry,nathanielhicks@example.net,Macao,2022-07-03,Basic,595.28
9481,Katrina Stafford,dianebrown@example.org,Macao,2023-06-03,Standard,666.90
9482,Matthew Massey,christine09@example.net,Lao People's Democratic Republic,2020-10-05,Basic,1246.20
9483,Brian Harrington,wendy68@example.org,Namibia,2021-07-24,Premium,14407.54
9484,Dawn Jacobs,kfrey@example.com,Holy See (Vatican City State),2022-07-23,Standard,1365.25
9485,Stephanie Smith,gmartin@example.com,Croatia,2024-03-04,Basic,1240.28
9486,Stacy Rice,ygreen@example.com,Puerto Rico,2026-07-19,Standard,2764.14
9487,Ryan Adams,carolyn86@example.com,Panama,2025-05-20,Standard,3692.89
9488,Paula Smith,brandygilmore@example.org,Saint Lucia,2020-01-11,Basic,428.78
9489,Alyssa Bradley,sarahlong@example.org,Burkina Faso,2024-06-29,Premium,7066.93
9490,Vincent Guzman,jackrice@example.org,Bosnia and Herzegovina,2020-01-11,Basic,1403.23
9491,Justin Howard,lowerydavid@example.net,Wallis and Futuna,2021-03-06,Basic,673.69
9492,Gabriela Anderson,johnschmidt@example.net,Saint Pierre and Miquelon,2023-04-30,Standard,3577.85
9493,Rachael Banks,ahoffman@example.com,Nicaragua,2022-03-30,Basic,208.18
9494,Anthony Mays,barbara86@example.org,Azerbaijan,2022-07-30,Standard,4595.26
9495,Matthew Mahoney,michaelthomas@example.com,Trinidad and Tobago,2020-05-13,Basic,1072.48
9496,Amy Barnes,heidistevenson@example.net,Togo,2025-03-30,Standard,1861.83
9497,John Ball,barnesbrandon@example.org,Netherlands Antilles,2021-05-31,Basic,915.04
9498,Jennifer Dominguez,bellshane@example.org,Bhutan,2023-06-19,Basic,686.08
9499,Desiree Luna,sarahhouse@example.com,Northern Mariana Islands,2024-05-12,Standard,2123.08
9500,Jennifer Taylor DDS,kevin76@example.com,Belize,2025-02-15,Basic,473.87
9501,Brenda Evans,gabrielsimon@example.org,Poland,2023-11-21,Basic,1314.21
9502,Paula Abbott,idavis@example.net,Saint Pierre and Miquelon,2020-12-05,Standard,611.29
9503,Jeffrey Brooks,debbiespears@example.org,Cameroon,2020-11-11,Standard,4795.81
9504,Richard Robinson,mblackburn@example.org,Macao,2025-01-29,Basic,1110.78
9505,Michael Mills,frankmaynard@example.net,Congo,2025-06-24,Basic,1221.54
9506,Jose Baker,katherine12@example.com,Andorra,2024-10-19,Basic,1237.45
9507,Chelsea Duffy,johnbailey@example.net,Papua New Guinea,2021-11-11,Premium,21149.13
9508,Joshua Frank,kmanning@example.com,Norfolk Island,2025-06-15,Basic,415.70
9509,Heidi Boyd,jeffreycampbell@example.org,Russian Federation,2025-11-04,Basic,1060.73
9510,Benjamin Williamson,timothy11@example.com,Trinidad and Tobago,2026-02-12,Basic,520.74
9511,Stephanie Reyes,reevesbrittany@example.org,United Kingdom,2020-12-25,Premium,3530.23
9512,Samuel Little,jchen@example.org,Liechtenstein,2024-07-12,Standard,3581.35
9513,Jeffery Rodriguez,denisewalters@example.org,Jordan,2025-12-19,Basic,169.14
9514,Rick Perez,hernandezdalton@example.org,Antarctica (the territory South of 60 deg S),2023-04-25,Basic,566.80
9515,Christopher Kim,brendasosa@example.net,Nigeria,2025-07-16,Basic,498.01
9516,Christian Dominguez,hannah64@example.org,Brunei Darussalam,2021-11-30,Basic,472.14
9517,George Jenkins,kimberlywiley@example.net,Canada,2022-08-02,Basic,1175.86
9518,John Hancock,wnewton@example.net,Norway,2021-07-23,Basic,1247.18
9519,Christine Warner,ralph17@example.net,Saint Helena,2026-03-22,Standard,2642.28
9520,Gloria Hickman,angela80@example.com,Honduras,2022-04-14,Basic,1371.98
9521,Peter Wheeler,jcurtis@example.net,Guinea,2023-05-16,Standard,3055.59
9522,Jacob Mcmahon,zclark@example.net,China,2025-11-22,Standard,2468.63
9523,Debra Carrillo,alvaradocharles@example.com,Montserrat,2021-07-03,Basic,785.13
9524,Abigail Neal,robert60@example.org,Germany,2026-03-24,Premium,4791.14
9525,Corey Pierce,matthewmorris@example.com,Zimbabwe,2022-11-02,Basic,453.04
9526,Mr. Jared Hernandez,dave46@example.com,Georgia,2023-09-03,Basic,1044.04
9527,Chris Harris,stacy61@example.net,Uruguay,2023-01-10,Standard,1992.80
9528,Donald Walsh,wmartinez@example.com,San Marino,2020-04-08,Basic,568.18
9529,Miguel Jimenez,yhill@example.net,Niger,2025-10-11,Basic,569.30
9530,Crystal Cruz,nichole31@example.net,Burundi,2022-05-19,Premium,24596.42
9531,Sara Payne,evansrachel@example.org,Jamaica,2026-01-12,Basic,1158.60
9532,Lauren Simmons,donna40@example.com,Romania,2020-09-11,Premium,21214.56
9533,Sherri Castro,theodore92@example.net,Cambodia,2020-03-31,Standard,3724.04
9534,Kim Harris,simssamantha@example.net,Niger,2021-02-03,Standard,4101.11
9535,Casey White,jessicagoodwin@example.net,Myanmar,2020-07-21,Basic,470.60
9536,Rachel Zavala,kristina53@example.org,Lesotho,2023-08-06,Basic,531.54
9537,Andrew Watson,hermansandra@example.com,Bermuda,2023-04-22,Premium,9777.46
9538,Michael Zhang,sthomas@example.com,Japan,2026-01-18,Premium,12108.54
9539,Kevin Morgan,josephlarson@example.com,Guinea-Bissau,2022-09-18,Standard,3827.96
9540,Garrett Brown,ashley45@example.com,Guernsey,2026-03-13,Standard,4051.57
9541,Jennifer Lewis,gibsoncorey@example.net,Peru,2021-09-03,Standard,3747.80
9542,Ronald Holland,james57@example.org,Ireland,2026-08-09,Premium,16053.52
9543,Charles Rowland,vincenttaylor@example.org,Montserrat,2020-07-03,Basic,951.70
9544,Melanie Hamilton,fjackson@example.com,Cambodia,2021-09-18,Basic,675.55
9545,Tanya Scott,fcox@example.org,Cuba,2021-10-15,Standard,3615.66
9546,Andrea Taylor,sstout@example.com,Hungary,2020-05-02,Basic,663.85
9547,Anna Reese,sanderson@example.org,Peru,2022-04-26,Standard,3097.75
9548,Christina Carr,riley84@example.com,Hong Kong,2021-07-19,Standard,3133.05
9549,Shannon Olson,yhaynes@example.org,Marshall Islands,2025-06-18,Basic,635.37
9550,Toni Hernandez,robin43@example.com,United States of America,2023-02-22,Standard,695.69
9551,Mark Ashley,baileyteresa@example.org,Turkey,2021-08-19,Premium,3332.24
9552,Michael Ballard,travis62@example.com,Czech Republic,2023-05-04,Premium,15071.88
9553,Juan Russell,elizabeth92@example.org,Bouvet Island (Bouvetoya),2023-08-14,Basic,854.59
9554,Steven Huerta,jeffreyhoward@example.net,Spain,2025-07-25,Basic,941.43
9555,Bradley Harris,vrosario@example.net,Heard Island and McDonald Islands,2025-09-10,Premium,13337.98
9556,Kayla Marks,kellybishop@example.net,Benin,2021-06-13,Basic,360.03
9557,Lori Wilson,micheleperkins@example.net,France,2024-01-06,Basic,708.13
9558,David Pierce,yvonneshields@example.net,Spain,2026-07-11,Standard,4122.31
9559,Lisa Guzman,angelaberry@example.net,Central African Republic,2021-03-26,Premium,6708.63
9560,Richard Harvey,cheryl86@example.com,Cuba,2025-11-08,Basic,1357.40
9561,Brent Taylor,djones@example.org,Samoa,2025-08-28,Standard,4870.61
9562,Amy Smith,stuartmedina@example.org,Portugal,2025-10-29,Standard,4517.85
9563,Richard Baker,fcooper@example.com,Antarctica (the territory South of 60 deg S),2024-02-12,Standard,2909.51
9564,Debra Mckenzie,sarahmartinez@example.com,Botswana,2026-08-14,Basic,98.24
9565,Johnny Pratt,vreeves@example.org,Indonesia,2021-11-12,Basic,1323.50
9566,Troy Bright,mercershawn@example.com,Hong Kong,2023-04-28,Basic,315.52
9567,Lauren Dean,johnsonangela@example.net,Reunion,2026-02-11,Standard,4456.19
9568,Kimberly Vazquez,mkane@example.net,Guadeloupe,2023-12-19,Standard,4987.21
9569,Jason Evans,brandonnelson@example.com,Afghanistan,2021-01-09,Basic,285.91
9570,Patrick Taylor,james37@example.org,Myanmar,2026-07-19,Basic,685.47
9571,Alexis Burns,robertstewart@example.net,Mozambique,2020-01-06,Basic,383.48
9572,Susan Mccarty,foxmartin@example.com,Eritrea,2020-10-05,Standard,4457.21
9573,Kevin Green,amichael@example.com,Thailand,2024-01-11,Basic,1187.42
9574,Paula Velasquez,cathy51@example.org,Korea,2024-04-26,Standard,3800.18
9575,Mary Watson,jacksonerika@example.net,Colombia,2021-02-05,Basic,285.35
9576,Tonya Parker,handerson@example.net,Panama,2024-07-29,Basic,773.31
9577,Chelsea Campbell,gonzalezcory@example.org,Trinidad and Tobago,2023-06-19,Premium,7509.61
9578,Donna Simmons,wallaceashley@example.org,Israel,2024-09-24,Standard,1336.43
9579,Kevin Palmer,gbowman@example.net,Spain,2026-06-11,Premium,14508.00
9580,Kristin Barron,amyholmes@example.net,India,2025-01-24,Standard,4236.64
9581,Brittany Gonzales,lisa81@example.com,Jamaica,2022-07-21,Premium,8376.50
9582,Pedro Brown,coxtim@example.org,Jordan,2021-08-28,Standard,4556.83
9583,Theresa May,cheryldavis@example.net,Iceland,2021-05-15,Basic,609.69
9584,Kim Wolfe,daviswilliam@example.net,Poland,2021-02-21,Standard,4427.53
9585,Mary Rogers,michellehughes@example.com,Iraq,2024-10-19,Basic,688.14
9586,Rebecca Morgan,janice23@example.net,Seychelles,2024-05-02,Basic,202.24
9587,Luis Smith,pmcclain@example.net,Burundi,2024-03-30,Standard,3349.47
9588,Sharon Smith,shirleyclark@example.com,Russian Federation,2020-11-12,Basic,263.82
9589,Deborah Schmitt,lindsay95@example.org,Romania,2023-04-12,Premium,18534.07
9590,Thomas Tyler,nhanna@example.net,Georgia,2021-01-05,Basic,1389.69
9591,Michael Cooper,kristiharrison@example.com,Turks and Caicos Islands,2021-01-23,Premium,17576.96
9592,Aaron Vargas,emilyfrye@example.org,Svalbard & Jan Mayen Islands,2025-03-03,Premium,13779.77
9593,Carol Morton,bryan22@example.com,Tajikistan,2023-10-06,Basic,174.58
9594,Donna Ross,stephaniemorris@example.org,Turks and Caicos Islands,2023-05-18,Basic,734.97
9595,Tara Coleman,justin79@example.org,Dominican Republic,2022-08-20,Basic,424.64
9596,Tiffany Johnson,hburton@example.org,Swaziland,2025-02-14,Standard,1245.62
9597,Willie Jackson,lucascoleman@example.com,Chad,2021-02-07,Standard,1408.78
9598,Daniel Rojas,srice@example.com,Spain,2024-03-14,Basic,661.39
9599,Christopher Barton,jamessmith@example.com,Sierra Leone,2026-06-28,Premium,23299.82
9600,John House,billy07@example.org,Christmas Island,2025-05-05,Basic,204.74
9601,Kathleen Wilson,brownronnie@example.net,Iceland,2023-03-14,Standard,2081.44
9602,William Barrett,stephanierodriguez@example.net,Chile,2020-04-13,Basic,1210.21
9603,Heather Hoover,kristin52@example.net,Egypt,2022-12-17,Basic,948.05
9604,Katherine Snyder,yolandawilliams@example.org,Montenegro,2024-04-04,Basic,803.41
9605,Dylan Fernandez,karen11@example.com,Antarctica (the territory South of 60 deg S),2021-04-06,Premium,15721.53
9606,Jamie Salas,hamiltonchelsea@example.org,Andorra,2026-06-13,Basic,448.93
9607,Ryan Jones,jacobthompson@example.com,Mauritania,2026-06-04,Standard,4020.06
9608,Wendy Waller,bkhan@example.net,Bulgaria,2025-11-28,Basic,344.57
9609,Hayley Vazquez,robert19@example.org,Vanuatu,2026-05-09,Premium,18424.71
9610,Jonathan Parker,daniel15@example.com,Gabon,2020-01-26,Standard,901.40
9611,Chelsea Willis,nicholsanthony@example.net,Mayotte,2026-01-25,Basic,1370.22
9612,David Elliott,gailbanks@example.com,Saint Helena,2021-04-07,Premium,7874.50
9613,Jackie Kidd,onealjacob@example.org,Grenada,2020-12-05,Basic,694.14
9614,Samuel Baker,zachary48@example.org,Saudi Arabia,2023-06-26,Basic,284.33
9615,Dustin Shepard,rickyharris@example.org,Syrian Arab Republic,2024-03-08,Standard,751.47
9616,John Johnson,harveyderrick@example.com,Denmark,2023-12-31,Basic,526.85
9617,Barbara Rivera,ycummings@example.net,Djibouti,2023-04-23,Premium,18736.61
9618,Stephanie Barnes,david67@example.org,Guam,2021-05-27,Premium,20353.69
9619,Dale Lee,michaelmorgan@example.org,Saudi Arabia,2024-12-21,Standard,3324.01
9620,David Hill,matthew40@example.com,United Arab Emirates,2022-10-27,Basic,190.03
9621,Karen Jones,timothybrown@example.com,Morocco,2021-09-11,Basic,723.90
9622,Kristin Baker,batesapril@example.com,Japan,2024-07-17,Standard,946.78
9623,Helen Jordan,tiffany88@example.org,Saint Lucia,2023-01-19,Basic,1058.80
9624,Charles Daniel,petersonsusan@example.org,Turkmenistan,2020-02-29,Basic,70.86
9625,Henry Todd,agonzalez@example.org,South Africa,2025-10-03,Basic,979.28
9626,Beverly Mitchell,jennifer17@example.org,Nauru,2021-12-12,Standard,1041.49
9627,Tiffany Stewart,kaitlynmiller@example.org,Turks and Caicos Islands,2026-04-07,Basic,1307.34
9628,Alexandra Good,brooksandrea@example.org,Kazakhstan,2021-08-06,Basic,768.01
9629,Robert Vazquez,madison75@example.com,Lao People's Democratic Republic,2024-06-05,Basic,332.81
9630,Shannon Parker,richardclark@example.org,Sri Lanka,2025-10-08,Premium,3703.66
9631,Charles Vincent,gchavez@example.net,British Virgin Islands,2022-02-20,Standard,1396.80
9632,Nancy Mann,lisarichardson@example.org,Belgium,2023-04-30,Basic,627.90
9633,Christine Phillips,dodom@example.net,Gambia,2021-12-19,Basic,1430.29
9634,Joel Stone,jeremy20@example.org,Lesotho,2021-01-03,Premium,23172.40
9635,Tanner Jones,jacob08@example.org,Moldova,2025-12-10,Standard,2957.54
9636,Maria Thomas,pbrown@example.org,Saint Helena,2021-07-10,Standard,3795.22
9637,Teresa Huynh,chavezchristina@example.org,Egypt,2022-01-06,Standard,4142.33
9638,Mark Poole MD,ryanriley@example.net,British Virgin Islands,2022-09-09,Basic,1287.08
9639,Natalie Smith,vsimon@example.org,Mauritania,2024-10-24,Standard,756.15
9640,Christian Davis,ahodge@example.org,Malawi,2024-10-03,Standard,4170.58
9641,Jamie Adams,walkerstephanie@example.net,Bahamas,2026-07-30,Basic,1191.97
9642,Benjamin Smith,sotomichael@example.org,Gibraltar,2020-07-08,Basic,1172.87
9643,Carmen Neal,justin97@example.net,Guinea,2025-12-05,Premium,19992.21
9644,Lisa Schwartz,wrogers@example.com,Ukraine,2025-07-24,Standard,1484.58
9645,Sara Sutton,paynenicole@example.net,Guadeloupe,2025-03-10,Basic,709.83
9646,Jeffrey Evans,obrown@example.org,Nauru,2021-12-19,Standard,4755.77
9647,Jennifer Johnson,hensontiffany@example.net,Myanmar,2022-03-19,Basic,483.27
9648,Sharon Thompson,mperry@example.net,Romania,2023-05-03,Basic,351.28
9649,Kimberly Thompson,sabrinaadams@example.com,Belgium,2025-12-10,Standard,4457.70
9650,Beth Adams,jennifer48@example.org,Turkmenistan,2024-12-06,Basic,581.27
9651,Rebecca Buchanan,jesse68@example.org,Belize,2025-08-04,Basic,860.32
9652,Vanessa Williamson,joshuawalker@example.com,Bulgaria,2023-08-27,Standard,580.07
9653,Jill Smith,andreacox@example.net,Hong Kong,2022-02-15,Standard,4526.99
9654,Amanda Brown,crystalmartin@example.com,Mexico,2020-06-14,Premium,22972.23
9655,Jessica Bennett,dawn76@example.org,Bulgaria,2023-02-25,Premium,11448.81
9656,Kathryn Donovan,piercepatricia@example.com,Western Sahara,2023-10-11,Standard,1889.13
9657,Miguel Huffman,xjackson@example.org,Argentina,2026-04-29,Basic,951.77
9658,Tina Marquez,qchen@example.net,Guatemala,2026-04-16,Basic,450.67
9659,Trevor Olson,hjones@example.org,Guam,2021-01-13,Basic,1132.87
9660,Melissa Martin,nmatthews@example.com,Indonesia,2023-07-11,Basic,818.12
9661,Kevin Fisher,james96@example.com,Vietnam,2020-12-13,Standard,4550.64
9662,Katherine Hunter,crystaldavis@example.org,Serbia,2020-05-20,Standard,4403.42
9663,Renee Davis,rodriguezkristina@example.org,Djibouti,2026-04-04,Premium,4239.07
9664,Margaret Williams,alexislee@example.com,Burundi,2025-08-23,Standard,4435.48
9665,Edward Johnson,whitechristopher@example.com,Christmas Island,2024-05-23,Basic,231.24
9666,Elijah Anderson,thomasrios@example.org,Montserrat,2020-05-25,Premium,9916.47
9667,Christopher Hall,lnguyen@example.net,Qatar,2020-06-08,Basic,407.23
9668,Mark Orr,qsmith@example.net,Greece,2024-09-08,Basic,732.12
9669,Kelsey Jimenez,yhernandez@example.com,Bosnia and Herzegovina,2023-12-24,Basic,1060.27
9670,Susan Frost,cortezallison@example.com,Reunion,2024-01-19,Premium,6434.44
9671,Travis Hood,millerkelly@example.com,Indonesia,2023-04-21,Basic,525.41
9672,David Monroe,fmanning@example.com,Saint Helena,2021-02-10,Standard,1738.94
9673,Patricia Smith,zjordan@example.net,Ecuador,2020-10-11,Basic,359.70
9674,Robert Rodriguez,tony04@example.com,Cameroon,2026-01-06,Basic,720.73
9675,Brett Scott,jessicaedwards@example.com,French Guiana,2021-04-01,Basic,570.79
9676,James Flores PhD,brucemunoz@example.com,Honduras,2022-09-22,Basic,499.94
9677,Tyler Brown,simpsondaniel@example.net,Bahrain,2022-08-10,Basic,545.49
9678,Carla Johnson,chapmanbenjamin@example.net,Bermuda,2022-01-15,Basic,1106.82
9679,Scott Clark,montgomerymark@example.net,Gibraltar,2022-08-21,Premium,14923.24
9680,Adam Meyer,heatherschmitt@example.net,Benin,2023-05-31,Premium,24730.84
9681,Reginald Pacheco,richard47@example.org,Colombia,2024-07-15,Basic,589.89
9682,Dr. Anthony Rivera,amycobb@example.org,Philippines,2020-06-11,Premium,23040.04
9683,Tammy Carpenter,bvargas@example.net,Netherlands,2022-11-03,Basic,102.33
9684,Tina Anderson,hoffmanpreston@example.com,Madagascar,2026-03-20,Basic,692.91
9685,Mark Brown,christy45@example.com,Montserrat,2025-04-14,Standard,3549.68
9686,Corey Evans,cookjessica@example.net,Bolivia,2025-03-31,Basic,522.15
9687,Brenda Cummings,youngkari@example.com,Dominican Republic,2020-08-17,Basic,469.29
9688,Roy Saunders,nataliemcguire@example.org,Rwanda,2021-12-25,Premium,6138.01
9689,William Henderson,lisa33@example.org,British Indian Ocean Territory (Chagos Archipelago),2022-07-11,Basic,1286.67
9690,Peter Mcmillan,janicebrown@example.net,Tonga,2021-10-12,Standard,837.43
9691,Robert Burke,adam35@example.org,Honduras,2023-04-19,Basic,1234.85
9692,Emily Davis,victoria48@example.org,Austria,2020-03-11,Standard,1474.06
9693,Amy Henderson,christopher81@example.org,Bangladesh,2024-12-03,Premium,18625.36
9694,Amy Price,kwright@example.org,French Guiana,2026-05-10,Basic,979.51
9695,Joshua Mclean,jeffrey61@example.com,Afghanistan,2023-10-22,Basic,325.77
9696,Tamara Brown,michaelli@example.com,Tonga,2024-11-24,Basic,1322.84
9697,Rachel Huynh,emilybrown@example.org,Saint Vincent and the Grenadines,2024-12-22,Basic,75.24
9698,Dustin Hamilton,fjones@example.com,Uzbekistan,2023-06-12,Standard,3751.79
9699,Joseph Ramos,mhudson@example.com,Norfolk Island,2024-02-24,Standard,4356.13
9700,David Warner,joshua56@example.org,Micronesia,2022-09-24,Basic,850.34
9701,Danny Harrison,henrymartinez@example.net,Barbados,2020-02-26,Basic,767.59
9702,Monique Rowe,leonardsnyder@example.net,Solomon Islands,2024-02-11,Standard,1841.31
9703,Micheal Frank,markblanchard@example.org,Seychelles,2022-02-18,Standard,3459.34
9704,Nicholas Hernandez,elizabethharrington@example.com,Marshall Islands,2020-01-31,Basic,1443.97
9705,James Burns,kmiller@example.net,Ecuador,2020-09-12,Basic,1078.60
9706,Juan Charles,pmeyer@example.net,Pitcairn Islands,2023-09-02,Standard,4666.86
9707,Patricia Gonzalez,richardashley@example.com,Heard Island and McDonald Islands,2024-04-15,Standard,2524.47
9708,Jason Guerrero DDS,joshuadavis@example.org,Ukraine,2026-08-07,Standard,3261.02
9709,Alison Richardson,fwang@example.com,Jamaica,2022-01-19,Basic,404.15
9710,John Kelley,sellersholly@example.org,Russian Federation,2022-01-05,Basic,139.88
9711,Taylor Washington,samanthamartin@example.org,South Georgia and the South Sandwich Islands,2021-06-16,Basic,887.44
9712,Traci Gonzales,parkermonica@example.net,Lesotho,2022-11-02,Standard,682.90
9713,Corey Davis,zsaunders@example.org,Poland,2024-03-03,Basic,1287.48
9714,Douglas Simpson,melissa52@example.net,Malaysia,2021-08-27,Basic,826.61
9715,Joshua Lee,michelethomas@example.org,Barbados,2022-01-05,Standard,4939.56
9716,Mckenzie Horne,ramosmathew@example.net,Micronesia,2026-06-09,Standard,1898.88
9717,Mr. Shawn Nelson,kimberlyadams@example.net,Tonga,2020-01-20,Basic,1184.43
9718,Amber Rodgers,douglasrowe@example.com,Israel,2023-06-23,Premium,3232.07
9719,Jason Pennington,ivazquez@example.org,Romania,2023-02-03,Basic,262.99
9720,Sarah Taylor,greenolivia@example.com,Peru,2021-10-11,Premium,23260.69
9721,Laura Anderson,mbailey@example.org,India,2020-07-10,Standard,822.96
9722,Patricia Harvey,rebecca47@example.net,Grenada,2025-06-10,Basic,1085.69
9723,Michael Macias,eric71@example.net,Senegal,2022-05-13,Basic,1168.55
9724,Jeffrey Lambert,ewilliams@example.net,Faroe Islands,2022-03-23,Standard,3859.23
9725,Edward Garrett,walkerrichard@example.net,Jamaica,2023-08-19,Standard,3732.29
9726,Dustin Brown,llewis@example.org,Puerto Rico,2020-10-08,Standard,1089.38
9727,Wendy Myers,rowlandalyssa@example.com,Seychelles,2021-03-14,Premium,16929.85
9728,Darren Harvey,chandlerbrendan@example.com,Malawi,2021-08-22,Standard,4460.28
9729,Larry Anderson,qmcguire@example.org,Serbia,2020-07-04,Standard,3628.16
9730,Nichole Vazquez,courtney02@example.com,Dominican Republic,2023-04-13,Standard,2182.67
9731,Grant Barker,barbara13@example.net,Australia,2021-01-11,Standard,1671.32
9732,Andrea Peters,tonyahuber@example.com,Pitcairn Islands,2024-12-27,Basic,1334.27
9733,Teresa Estes,nolanjonathan@example.org,Papua New Guinea,2026-08-22,Standard,4266.11
9734,Sherry King,daniel01@example.org,Turkmenistan,2025-10-01,Premium,9735.24
9735,Nicole Norton,josephwilliams@example.net,Bahrain,2020-11-02,Standard,2646.74
9736,Michael Meza,georgehenry@example.net,Comoros,2021-10-04,Basic,932.01
9737,John Diaz,stephaniebeck@example.net,Uganda,2025-12-04,Standard,1820.80
9738,Lynn Blair,psanchez@example.net,Tajikistan,2023-04-19,Standard,1517.98
9739,Carolyn Schmitt,crystal24@example.com,Benin,2022-11-29,Standard,3871.67
9740,Valerie Clark,dcastaneda@example.com,Cyprus,2025-10-02,Standard,3187.35
9741,Shannon Walton,veronicawashington@example.net,Grenada,2022-09-30,Basic,1495.46
9742,Jeremiah Steele,hernandeztodd@example.com,Ireland,2023-09-01,Standard,3636.66
9743,Rachel Gillespie,esawyer@example.org,Colombia,2023-03-06,Premium,14112.26
9744,Terry Green,melissa01@example.net,Faroe Islands,2025-03-05,Basic,597.73
9745,Brenda Owen,kduran@example.org,British Virgin Islands,2024-12-07,Standard,2453.47
9746,Mary Alexander,jacob70@example.com,Lithuania,2023-07-21,Basic,97.32
9747,James Horn,ribarra@example.com,Montserrat,2025-04-07,Basic,352.46
9748,Nancy Gibson,kimberlyreyes@example.net,Austria,2022-11-08,Premium,24394.43
9749,Ronald Bernard,smithjoseph@example.org,Honduras,2023-07-22,Standard,2634.49
9750,Melissa Smith,bakeranna@example.org,Trinidad and Tobago,2025-06-15,Standard,4565.85
9751,Thomas Flynn,bkirk@example.net,Italy,2021-02-03,Basic,534.71
9752,Yvonne Sullivan,cranejoseph@example.org,Lao People's Democratic Republic,2020-02-19,Basic,1071.24
9753,Michelle Russell,smithjames@example.org,Timor-Leste,2023-07-04,Premium,8854.58
9754,Joseph Bryant,murraypaul@example.com,Papua New Guinea,2025-02-15,Standard,2306.24
9755,Brian Nunez,thomastracy@example.com,Zimbabwe,2022-05-05,Basic,691.83
9756,Wendy Warren,briannawagner@example.net,Qatar,2022-03-27,Basic,1294.59
9757,Calvin Mann,briannamorris@example.org,France,2024-03-01,Basic,898.71
9758,Matthew Miller,markandersen@example.com,Russian Federation,2020-05-18,Basic,1368.89
9759,Kayla Reilly,gbridges@example.com,Nepal,2023-09-07,Basic,742.36
9760,Brittany Kelley,bwang@example.org,Haiti,2023-03-26,Premium,21421.64
9761,Michael Gomez,michaeleverett@example.net,Nicaragua,2020-09-13,Basic,1411.50
9762,Antonio Johnson,hlee@example.org,Slovakia (Slovak Republic),2022-03-07,Basic,704.04
9763,Misty Powell,jessicaleblanc@example.com,South Georgia and the South Sandwich Islands,2024-12-29,Standard,2700.59
9764,Vanessa Robinson,brent03@example.net,Armenia,2026-06-06,Premium,15287.93
9765,Kyle Mason,hgonzalez@example.net,Cocos (Keeling) Islands,2020-01-28,Basic,401.06
9766,Shelby Maynard,johnpatel@example.org,China,2025-06-29,Basic,721.44
9767,Gregory Davies,floresmatthew@example.net,Cayman Islands,2026-08-26,Premium,16848.93
9768,Diane Farmer,christina71@example.org,Nigeria,2026-07-02,Premium,21258.80
9769,Madeline Franklin,martineztina@example.net,Jamaica,2026-06-19,Premium,22230.14
9770,Andrea Stephenson,costajenny@example.net,Mayotte,2023-08-12,Standard,4738.38
9771,Marcus Deleon,joyhayden@example.org,Cambodia,2021-07-23,Premium,20683.35
9772,Stephanie Ramirez,andre27@example.com,Hong Kong,2023-11-13,Basic,1246.94
9773,Jessica Collins,jamiewells@example.org,New Caledonia,2020-09-12,Basic,823.73
9774,Jennifer Montgomery,callahanjeremy@example.org,Eritrea,2020-05-01,Basic,1061.27
9775,Diana Bond,myersjay@example.com,Lao People's Democratic Republic,2020-08-30,Basic,1473.81
9776,Alejandro Le Jr.,sharon19@example.net,Serbia,2025-05-29,Basic,153.66
9777,Heather Macdonald,dbrennan@example.com,India,2020-06-30,Basic,1297.30
9778,Nancy Carter,lisabarker@example.net,Japan,2021-08-14,Basic,91.97
9779,Adam Dunlap,moransarah@example.com,Czech Republic,2020-11-07,Basic,1098.74
9780,Tyler Anderson,franciscoparsons@example.com,Cocos (Keeling) Islands,2023-05-20,Standard,4042.70
9781,Patricia Butler,josephstanton@example.com,Swaziland,2021-07-14,Basic,857.54
9782,Christine Wood,marvinmartinez@example.net,Swaziland,2021-02-01,Basic,988.47
9783,Deborah Rose,washingtonrandall@example.org,Vanuatu,2021-02-11,Premium,11544.91
9784,Nicole Riddle,michael92@example.net,Turkey,2025-11-21,Basic,1449.24
9785,Kenneth Rojas,chavezryan@example.org,Wallis and Futuna,2024-03-01,Basic,987.98
9786,Catherine Allen,amanda87@example.com,Belarus,2021-12-24,Standard,3548.95
9787,Thomas Dean,stephaniecantu@example.org,Serbia,2020-01-16,Standard,4671.87
9788,Sherry Stevens,benjaminchristopher@example.net,Kyrgyz Republic,2022-10-13,Basic,1138.24
9789,Haley House,lorrainesmith@example.org,Australia,2021-01-14,Basic,269.44
9790,Mary Carter,fitzpatricktamara@example.net,United Arab Emirates,2026-02-07,Standard,3073.04
9791,Jennifer Ward,fjohnson@example.com,Svalbard & Jan Mayen Islands,2023-06-14,Standard,1255.21
9792,David Lewis,delgadowilliam@example.net,Israel,2025-01-08,Standard,4966.48
9793,Elizabeth Fisher,cynthia30@example.com,Luxembourg,2023-02-15,Premium,19962.36
9794,John Hunt,amymoore@example.com,Saint Pierre and Miquelon,2021-03-18,Standard,3551.79
9795,Laura Salazar,jeremiah74@example.com,Rwanda,2021-06-30,Standard,4784.68
9796,Allison Zamora,lori05@example.net,Turkmenistan,2026-02-04,Premium,24381.39
9797,Dr. Kyle Wilkinson,xwilliams@example.com,Burundi,2024-09-30,Basic,936.08
9798,Jessica Stone,shaffermichael@example.org,Liechtenstein,2022-05-24,Standard,706.57
9799,Crystal Armstrong,diana09@example.org,Martinique,2023-02-18,Premium,8063.36
9800,Michelle Stein,markwilliams@example.org,Jamaica,2020-07-12,Standard,3200.64
9801,Joseph Mendoza,mcdowelltina@example.com,Cyprus,2025-02-12,Standard,1608.37
9802,Melissa Curry,hhanna@example.org,Martinique,2020-01-12,Basic,113.41
9803,Andrew Gonzales,craig03@example.org,Isle of Man,2024-12-11,Basic,775.33
9804,Jean Moore,ashleygonzalez@example.org,Iran,2026-03-31,Premium,16803.81
9805,Carlos King,cassiehorne@example.org,Northern Mariana Islands,2022-05-29,Premium,22620.47
9806,Patricia Beltran,ncarter@example.org,Mayotte,2024-02-15,Standard,795.36
9807,Victor Cole,daniel73@example.com,Venezuela,2022-01-13,Basic,390.65
9808,Sarah Lozano,jamie23@example.org,Zambia,2022-12-19,Basic,1355.15
9809,Brett Neal,lindsey87@example.net,Palestinian Territory,2024-01-23,Basic,990.10
9810,Jeremy Osborne,qfreeman@example.org,Tanzania,2024-01-15,Standard,803.17
9811,Ashley Adams,megan63@example.org,Western Sahara,2024-02-15,Standard,1778.64
9812,Clayton Sawyer,martinezmatthew@example.net,Colombia,2020-03-01,Premium,23904.77
9813,Elizabeth Holland,olucas@example.org,French Southern Territories,2025-02-13,Standard,2213.25
9814,George Carson,todd84@example.org,Finland,2020-07-09,Standard,4631.42
9815,Shannon Bird,timothy55@example.net,United States Minor Outlying Islands,2022-04-23,Premium,3861.11
9816,Emma Cruz,hugheslaurie@example.org,Gabon,2023-01-15,Standard,2679.80
9817,Joe Spencer,jameshammond@example.org,Montserrat,2025-11-21,Basic,177.14
9818,Jerry Mcdowell,bryanbanks@example.com,Switzerland,2022-12-05,Premium,6161.06
9819,Anthony Jimenez,nrusso@example.org,El Salvador,2022-03-02,Standard,1556.91
9820,Tara Jenkins,meganmiller@example.net,Brunei Darussalam,2026-07-17,Basic,178.03
9821,Sue Guerrero,vwalters@example.org,Argentina,2023-07-03,Premium,13601.35
9822,Dean Cook,normandanielle@example.com,Poland,2022-12-10,Basic,522.67
9823,Samuel Simpson,anthony15@example.net,Guinea-Bissau,2025-05-10,Basic,635.91
9824,Andrea Dunn,sorr@example.org,Nepal,2025-01-23,Standard,3580.51
9825,Brandon Adams,jschmidt@example.net,Gabon,2024-10-29,Basic,437.74
9826,Lisa Sherman,fmoore@example.net,Seychelles,2024-11-03,Standard,1055.65
9827,Keith Terry,jmcclain@example.com,Saint Pierre and Miquelon,2024-10-08,Standard,2492.17
9828,Warren Williams,tiffany81@example.org,Venezuela,2026-05-30,Standard,3231.33
9829,Martha Gross,barreraalexander@example.com,Kenya,2025-05-02,Standard,2275.29
9830,John Smith,julie62@example.com,Christmas Island,2020-10-26,Premium,12209.91
9831,Debra Harding,allenjustin@example.org,Belize,2021-07-02,Standard,2099.46
9832,Megan Garcia,igreen@example.com,Saint Vincent and the Grenadines,2023-01-30,Standard,3945.82
9833,Nicole Adams,andrew16@example.com,Micronesia,2025-12-19,Premium,20938.78
9834,Christina Carlson,cedwards@example.net,Cote d'Ivoire,2023-03-12,Standard,3179.37
9835,Tanya Rowe,michaelbecker@example.com,Poland,2026-04-01,Premium,8783.84
9836,Diana James,ddavis@example.org,Tonga,2023-01-06,Basic,175.87
9837,Tiffany Walters,wardshawn@example.net,Norway,2025-08-29,Premium,20268.73
9838,Crystal Myers,austinandre@example.org,Madagascar,2022-12-11,Standard,1024.07
9839,Robert Edwards,georgehays@example.com,Macao,2021-02-14,Basic,1423.21
9840,Kelly Crawford,dennistaylor@example.net,Western Sahara,2023-03-23,Standard,3460.38
9841,Jason Marsh,dakota61@example.net,Hong Kong,2021-10-06,Basic,220.89
9842,Debra Carroll,katherinejohnson@example.com,Benin,2022-07-16,Standard,2433.19
9843,Autumn Phillips,jordan22@example.net,Myanmar,2021-06-07,Premium,8529.55
9844,David Morales,brittanydavis@example.net,Kazakhstan,2023-02-20,Basic,1174.21
9845,Lisa Williams,moniquegarza@example.org,Jordan,2020-10-16,Basic,404.50
9846,Richard Noble,charles65@example.com,United States of America,2022-11-06,Basic,211.21
9847,Teresa Vega,nguyencarl@example.com,Chad,2023-02-28,Basic,1018.94
9848,Erin Lopez,jamiefrank@example.org,Saint Martin,2020-10-30,Premium,9285.57
9849,Eric Barnes,fpetty@example.com,Saint Martin,2025-02-01,Basic,1160.95
9850,Laura Medina,cobbelizabeth@example.net,Gabon,2025-03-07,Standard,1770.40
9851,Theodore Hoffman,richardsonchelsea@example.net,Svalbard & Jan Mayen Islands,2024-09-20,Standard,2186.76
9852,Christine Anderson,jacksonashley@example.com,Congo,2025-04-06,Basic,701.49
9853,Keith Lopez,jason14@example.com,Cyprus,2026-03-07,Basic,1322.10
9854,Hailey Conway,kayla27@example.com,Maldives,2025-08-07,Premium,9591.03
9855,Paige Brown,melissa66@example.com,Azerbaijan,2025-03-18,Standard,1060.45
9856,Travis Mclaughlin,williepark@example.org,Denmark,2021-11-27,Basic,570.42
9857,Andrew Gray,heatherhoward@example.net,Libyan Arab Jamahiriya,2021-02-13,Premium,6177.91
9858,Jason Roberts,sjackson@example.org,Turkey,2020-08-26,Basic,575.86
9859,James Cunningham,natasha97@example.net,Mozambique,2021-04-12,Standard,3020.28
9860,Anthony Zuniga,jdean@example.com,Burkina Faso,2022-06-18,Standard,1472.21
9861,Tiffany Tucker,bowmandeanna@example.org,Montenegro,2022-06-06,Basic,461.49
9862,Stacy Mcgee,mosesrachel@example.org,Mayotte,2022-09-13,Basic,197.91
9863,Shannon Freeman,jbarrett@example.org,Guernsey,2020-06-11,Standard,3253.99
9864,Kayla Gray,mooresabrina@example.org,Fiji,2022-08-20,Basic,1311.41
9865,William Barrett,hopkinsrandall@example.org,Peru,2023-02-23,Standard,1697.30
9866,Terry Hughes,dorseyjerry@example.com,Sudan,2023-04-12,Basic,708.55
9867,Patricia Stevens,qbrown@example.com,Algeria,2023-09-25,Basic,944.76
9868,Heather Rocha,ralph95@example.com,Yemen,2025-09-30,Standard,3969.28
9869,Thomas Gray,qgraham@example.net,Bangladesh,2022-03-10,Premium,18635.82
9870,Heather Smith,williamsonmary@example.com,Sweden,2022-03-07,Premium,10645.68
9871,Hannah Jones,sarah38@example.net,Romania,2024-01-15,Standard,4167.29
9872,Amanda Zimmerman,watkinsreginald@example.org,Peru,2020-07-04,Premium,4195.91
9873,Elizabeth Green,jeffrey21@example.com,Taiwan,2025-04-24,Basic,460.16
9874,Brandon Miller,gjenkins@example.com,Taiwan,2024-05-27,Basic,1401.56
9875,Susan Bautista,kellerrobert@example.com,Cook Islands,2026-07-25,Basic,422.77
9876,Jennifer Lopez,littlesarah@example.com,Estonia,2024-08-16,Premium,19119.83
9877,Taylor Lloyd,dustinschwartz@example.com,Qatar,2020-05-08,Standard,653.86
9878,Diane Le,mathismark@example.com,Mali,2024-03-24,Basic,807.85
9879,Leslie Morales,michael08@example.com,Christmas Island,2020-06-04,Standard,3777.54
9880,Kenneth Adams,griffinalexander@example.org,Bhutan,2020-03-30,Standard,4473.97
9881,Shannon Kerr,zwarner@example.com,Korea,2025-04-06,Standard,2190.66
9882,Arthur Shields,ricemargaret@example.com,Dominican Republic,2026-02-18,Standard,3342.80
9883,Aaron Ball,rachaelhenderson@example.net,Russian Federation,2025-01-13,Basic,1409.78
9884,Samantha Smith,wbell@example.com,Turkmenistan,2022-11-06,Basic,1204.13
9885,William Castro,graywalter@example.com,China,2025-07-04,Premium,7108.99
9886,Mark Palmer,lloydlaurie@example.net,Bhutan,2020-04-24,Standard,3851.84
9887,Kimberly Kelley,jgoodwin@example.net,Guyana,2021-12-18,Premium,12297.89
9888,Michelle Carlson,kpierce@example.org,Montenegro,2022-12-19,Standard,3383.06
9889,Samuel Moreno,waltersjennifer@example.net,Lesotho,2024-12-20,Premium,11385.34
9890,Ryan Johns,marshalljeanne@example.com,Korea,2021-05-29,Standard,631.36
9891,Kevin Green,justinbrown@example.org,Algeria,2022-04-11,Premium,5825.44
9892,Helen Liu,maydavid@example.net,Micronesia,2025-06-24,Basic,498.34
9893,Jason Francis,amandahuffman@example.com,Saint Martin,2020-12-07,Standard,1771.58
9894,Michael Harvey,xbuchanan@example.com,Barbados,2024-05-01,Basic,288.37
9895,Amber Anderson,jeannelson@example.net,Wallis and Futuna,2025-06-16,Basic,1036.21
9896,Lori Rosales,hicksheather@example.org,Yemen,2021-02-05,Basic,207.05
9897,Adriana Winters,ksnyder@example.net,Martinique,2024-11-27,Premium,5515.40
9898,Sergio Hays,ambercollins@example.com,Uruguay,2022-02-16,Premium,5846.06
9899,Roy Salazar,mgraham@example.com,Namibia,2020-05-28,Premium,15739.19
9900,Amy Hernandez,sarahfox@example.net,Brazil,2025-10-02,Premium,15207.00
9901,Alicia Garcia,heidi96@example.net,Sri Lanka,2023-11-06,Standard,2406.87
9902,Bradley Hunter,gregorywilliams@example.net,Moldova,2021-05-18,Basic,430.39
9903,Jessica Morris,leslie36@example.com,China,2026-01-19,Standard,2877.95
9904,Curtis Heath,ebradford@example.com,Zambia,2022-09-16,Standard,4378.29
9905,Kimberly Hudson,mhorton@example.net,Lesotho,2026-06-14,Basic,1462.34
9906,Patrick Owens,cassandraclark@example.net,Belarus,2020-12-06,Basic,734.02
9907,Justin Cole,taylor69@example.net,Uruguay,2025-05-03,Standard,4481.95
9908,Patrick White,campbelljustin@example.net,Switzerland,2021-08-05,Basic,980.85
9909,Michael Norman,allisonperez@example.net,South Africa,2020-03-15,Standard,2646.76
9910,Rachael Smith,debbie52@example.org,Gambia,2020-03-25,Basic,958.55
9911,Jessica Walton,thomaskevin@example.com,Liberia,2026-03-08,Standard,4941.85
9912,Susan Reynolds,robert50@example.com,Portugal,2023-08-04,Standard,2495.90
9913,Steven Evans,john42@example.com,Italy,2020-11-20,Basic,1147.02
9914,Christopher Perez,ann53@example.net,Egypt,2021-10-06,Basic,614.05
9915,Kimberly Phillips,kristineherrera@example.org,Syrian Arab Republic,2020-09-06,Basic,1401.39
9916,Erica Banks,kristen83@example.net,Singapore,2024-03-31,Basic,316.12
9917,Felicia Lopez,cassandra79@example.com,Lesotho,2025-07-24,Standard,2339.38
9918,Alexander Thompson DVM,juan11@example.com,Congo,2025-09-09,Standard,4725.24
9919,Nicholas Nelson,blackburnpatricia@example.org,Zambia,2021-03-11,Standard,1669.60
9920,Justin Singleton MD,chase50@example.com,Iran,2026-04-29,Basic,1133.81
9921,Kristin Ellison,esparzathomas@example.net,Greenland,2023-09-17,Basic,909.46
9922,Jaime Hammond,justin28@example.org,Thailand,2025-05-17,Basic,1362.10
9923,Paul Dunlap,norrischristopher@example.org,Lithuania,2023-10-09,Standard,3489.97
9924,Pamela Brooks,brittanycollins@example.com,Montserrat,2025-08-25,Basic,508.56
9925,Theresa Carter,craigmariah@example.org,Zambia,2022-07-27,Basic,836.55
9926,Sarah Wilson,cwells@example.com,United States Minor Outlying Islands,2020-09-21,Standard,2901.13
9927,Jessica Horne,bradleydavis@example.com,Slovakia (Slovak Republic),2024-06-07,Basic,198.61
9928,Joseph Lawson,tricia75@example.net,Faroe Islands,2026-01-31,Standard,2939.72
9929,Aaron Davidson,jamesdavid@example.net,Angola,2025-06-30,Basic,261.00
9930,Jeremiah Garcia,jessica52@example.org,Austria,2023-12-30,Premium,15434.80
9931,Vanessa Rodriguez,evan69@example.com,Cote d'Ivoire,2021-09-21,Premium,4382.66
9932,Robert Mckee,fnelson@example.org,Equatorial Guinea,2023-03-11,Standard,2452.80
9933,Richard Herrera,carlsonbryan@example.org,Slovakia (Slovak Republic),2023-11-27,Basic,1150.99
9934,Jerry Patrick,ronnienelson@example.org,Singapore,2020-12-07,Premium,10092.14
9935,Chad Cain,omyers@example.net,Albania,2026-07-22,Basic,785.51
9936,Samuel Simpson,ddavis@example.org,Israel,2023-10-12,Basic,1090.46
9937,Courtney Baker,danielphelps@example.org,Cyprus,2025-05-21,Basic,1392.72
9938,Meghan Chan,olsonvanessa@example.net,Germany,2024-09-10,Basic,105.05
9939,Mike Wilson,diazshelley@example.org,Colombia,2022-08-03,Standard,3473.71
9940,Michael Shelton,nancy83@example.org,Ukraine,2020-03-18,Premium,24198.63
9941,Stephen Martin,gutierrezbrittany@example.org,El Salvador,2025-05-30,Standard,2935.45
9942,Patrick Cook,fernandezmegan@example.net,Swaziland,2023-10-19,Standard,1892.34
9943,Brent Wilson,zsmith@example.net,Bahamas,2021-01-17,Basic,612.41
9944,James Cruz,patricia08@example.com,Iraq,2023-11-12,Basic,1210.70
9945,Tyler Rogers,flemingchristina@example.com,Cape Verde,2025-11-10,Basic,859.02
9946,Jennifer Dunn,barrynicole@example.net,Libyan Arab Jamahiriya,2023-10-14,Basic,853.38
9947,Ryan Lang MD,campbelladam@example.org,Congo,2025-05-22,Standard,2447.89
9948,Sharon Bailey,toddcarrillo@example.com,Papua New Guinea,2025-02-06,Premium,23304.21
9949,Michael Ortiz,wferguson@example.com,Senegal,2025-09-05,Standard,4935.23
9950,Gary Kennedy,chavezjason@example.net,Algeria,2022-12-21,Basic,836.07
9951,Andrew Robertson,hicksvanessa@example.com,Palau,2021-01-06,Basic,627.88
9952,Mary Powell,carla96@example.org,Bermuda,2025-04-08,Premium,18227.79
9953,Katherine Wilson,hcarlson@example.net,Wallis and Futuna,2026-05-06,Standard,3799.71
9954,Gregory Chapman,clarkenathan@example.com,United Kingdom,2024-04-21,Basic,1286.06
9955,Alice Lucero,evansstephen@example.net,Pitcairn Islands,2020-05-27,Basic,1229.14
9956,Brian Woods,williamwinters@example.org,Guyana,2020-09-09,Standard,3923.73
9957,Laura Mejia,adkinsjonathan@example.net,Seychelles,2023-08-04,Basic,578.53
9958,Amber Marshall,brianagregory@example.org,Ghana,2020-09-22,Basic,1049.45
9959,Tonya Baldwin,bradybetty@example.org,Timor-Leste,2023-09-22,Standard,3097.37
9960,Samantha Reyes,romeroamanda@example.org,Sierra Leone,2022-12-05,Premium,7668.26
9961,Jennifer Becker,richard54@example.net,Marshall Islands,2021-05-05,Basic,452.12
9962,Carl Downs,xrobinson@example.com,Sao Tome and Principe,2022-10-28,Basic,583.36
9963,Alexandria May,andrea91@example.com,Moldova,2024-01-13,Standard,2884.22
9964,Melody Brown,preed@example.org,Belize,2025-08-25,Standard,2342.27
9965,Tina Gonzalez,craigmarshall@example.net,Czech Republic,2022-11-19,Standard,2494.82
9966,Mary Morales,cindysnyder@example.net,Austria,2020-04-26,Basic,1358.64
9967,Miguel Herman,carrollmatthew@example.net,Austria,2021-12-30,Standard,4393.49
9968,Lawrence Diaz,heidi97@example.com,Svalbard & Jan Mayen Islands,2021-08-01,Basic,1136.83
9969,Franklin Rodriguez,xrobinson@example.org,Syrian Arab Republic,2024-04-08,Standard,4779.61
9970,Hannah Campbell,kellysilva@example.org,Cape Verde,2022-06-26,Basic,1259.64
9971,Danielle Mcdowell,brianramirez@example.org,Congo,2026-01-02,Standard,1865.89
9972,Jose White,ufleming@example.org,Palau,2023-05-01,Basic,399.80
9973,Jeremy Farmer,murraykevin@example.net,Liechtenstein,2023-12-31,Basic,276.20
9974,Marie Abbott,thomas43@example.org,Bhutan,2025-09-11,Basic,671.27
9975,Jerry Watkins,brownjacob@example.com,Trinidad and Tobago,2025-03-25,Premium,2541.17
9976,Diane Lee,beckysilva@example.net,Tunisia,2020-02-21,Standard,1792.26
9977,Aaron Reed,kimberly31@example.com,Samoa,2023-07-22,Basic,1429.23
9978,Lisa Barr,zsmith@example.org,Ukraine,2023-10-12,Standard,4514.12
9979,David Lewis,vwagner@example.net,Qatar,2023-07-22,Basic,551.21
9980,William Mayo,aharmon@example.com,Belize,2021-06-16,Standard,3688.86
9981,Ricky Alvarado,matthewramsey@example.com,Peru,2022-07-23,Basic,486.97
9982,Benjamin Wilson,khartman@example.net,Vanuatu,2022-11-06,Basic,661.55
9983,Russell Horton,romerosteven@example.com,Sudan,2020-10-18,Standard,4031.76
9984,William Cole,vlewis@example.net,France,2021-08-09,Standard,998.73
9985,Charles Blackwell,wchavez@example.org,Cuba,2025-01-24,Basic,141.85
9986,Jose Oliver,schneiderjeffery@example.org,Ghana,2022-02-18,Basic,411.59
9987,Vernon Beck,mcabrera@example.com,Uganda,2022-03-22,Basic,174.40
9988,Robert Martin,kristen89@example.org,Chile,2020-04-14,Standard,2061.16
9989,Katherine Johnson,stephanieadams@example.org,Eritrea,2024-10-06,Basic,780.92
9990,Shannon Webb,lwagner@example.org,United Kingdom,2026-07-05,Standard,667.44
9991,Monica Parks DDS,rsnyder@example.org,Equatorial Guinea,2025-11-05,Basic,155.64
9992,Jeffrey Foster,davisdiana@example.net,Moldova,2026-03-16,Basic,584.06
9993,Walter Reid,veronica25@example.net,Colombia,2023-09-19,Standard,1665.88
9994,Ryan Washington,april21@example.net,Bolivia,2022-10-27,Basic,1054.63
9995,Hunter Sellers,roberta20@example.net,Luxembourg,2024-03-14,Basic,722.57
9996,Paige Garcia,ahood@example.com,Georgia,2025-07-27,Standard,3960.53
9997,Jeremy Johnson,janethernandez@example.net,Timor-Leste,2026-01-26,Standard,2412.22
9998,Jill Novak,willievaldez@example.com,Bosnia and Herzegovina,2024-09-23,Basic,859.32
9999,Joseph Watson,allison80@example.com,Senegal,2020-12-08,Basic,623.71
10000,Paul Peterson,david16@example.net,Mozambique,2024-02-07,Basic,1229.03
